{"textures":{"1":"modelengine:entity/snake_captaingreen_summon"},"elements":[{"from":[4.75,5.978999,-7.5202103],"to":[6.375,10.853999,-3.1327133],"faces":{"east":{"uv":[0.4375,7.8125,0.75,8.1875],"tintindex":0,"rotation":0,"texture":"#1"},"south":{"uv":[3.25,9.0,3.375,9.375],"tintindex":0,"rotation":0,"texture":"#1"},"north":{"uv":[9.0,3.1875,9.125,3.5625],"tintindex":0,"rotation":0,"texture":"#1"},"west":{"uv":[4.125,7.9375,4.4375,8.3125],"tintindex":0,"rotation":0,"texture":"#1"},"up":{"uv":[4.375,9.3125,4.25,9.0],"tintindex":0,"rotation":0,"texture":"#1"},"down":{"uv":[4.5,9.0,4.375,9.3125],"tintindex":0,"rotation":0,"texture":"#1"}},"rotation":{"origin":[9.625,10.528999,-3.2952118],"angle":-22.5,"axis":"x"}},{"from":[4.75,5.978999,0.44228745],"to":[5.075,10.041499,7.7547874],"faces":{"east":{"uv":[7.0,5.0,7.5625,5.3125],"tintindex":0,"rotation":0,"texture":"#1"},"south":{"uv":[9.0,5.8125,9.0625,6.125],"tintindex":0,"rotation":0,"texture":"#1"},"north":{"uv":[9.0,5.5,9.0625,5.8125],"tintindex":0,"rotation":0,"texture":"#1"},"west":{"uv":[7.0,5.3125,7.5625,5.625],"tintindex":0,"rotation":0,"texture":"#1"},"up":{"uv":[4.5625,9.5625,4.5,9.0],"tintindex":0,"rotation":0,"texture":"#1"},"down":{"uv":[4.625,9.0,4.5625,9.5625],"tintindex":0,"rotation":0,"texture":"#1"}},"rotation":{"origin":[8.0,8.822749,4.0985374],"angle":-22.5,"axis":"x"}},{"from":[10.03125,8.728891,-6.5540047],"to":[10.925,11.08514,-4.604004],"faces":{"east":{"uv":[6.0625,6.5,6.1875,6.6875],"tintindex":0,"rotation":0,"texture":"#1"},"south":{"uv":[6.875,8.1875,6.9375,8.375],"tintindex":0,"rotation":0,"texture":"#1"},"north":{"uv":[6.8125,8.1875,6.875,8.375],"tintindex":0,"rotation":0,"texture":"#1"},"west":{"uv":[7.25,8.0,7.375,8.1875],"tintindex":0,"rotation":0,"texture":"#1"},"up":{"uv":[5.0625,1.125,5.0,1.0],"tintindex":0,"rotation":0,"texture":"#1"},"down":{"uv":[3.0625,5.0,3.0,5.125],"tintindex":0,"rotation":0,"texture":"#1"}}},{"from":[1.7437501,4.0289993,-0.8577118],"to":[3.9375,8.091499,8.892288],"faces":{"east":{"uv":[6.25,5.5,7.0,5.8125],"tintindex":0,"rotation":0,"texture":"#1"},"south":{"uv":[0.0,8.875,0.1875,9.1875],"tintindex":0,"rotation":0,"texture":"#1"},"north":{"uv":[8.8125,8.6875,9.0,9.0],"tintindex":0,"rotation":0,"texture":"#1"},"west":{"uv":[6.4375,6.75,7.1875,7.0625],"tintindex":0,"rotation":0,"texture":"#1"},"up":{"uv":[1.5,7.9375,1.3125,7.1875],"tintindex":0,"rotation":0,"texture":"#1"},"down":{"uv":[1.6875,7.1875,1.5,7.9375],"tintindex":0,"rotation":0,"texture":"#1"}}},{"from":[3.9375,4.0289993,-4.920212],"to":[12.0625,8.091499,-0.8577118],"faces":{"east":{"uv":[0.0,8.125,0.3125,8.4375],"tintindex":0,"rotation":0,"texture":"#1"},"south":{"uv":[3.8125,6.875,4.4375,7.1875],"tintindex":0,"rotation":0,"texture":"#1"},"north":{"uv":[3.1875,6.875,3.8125,7.1875],"tintindex":0,"rotation":0,"texture":"#1"},"west":{"uv":[8.125,0.9375,8.4375,1.25],"tintindex":0,"rotation":0,"texture":"#1"},"up":{"uv":[5.0625,7.1875,4.4375,6.875],"tintindex":0,"rotation":0,"texture":"#1"},"down":{"uv":[7.5625,3.625,6.9375,3.9375],"tintindex":0,"rotation":0,"texture":"#1"}}},{"from":[10.925,5.978999,0.44228745],"to":[11.25,10.041499,7.7547874],"faces":{"east":{"uv":[1.875,6.875,2.4375,7.1875],"tintindex":0,"rotation":0,"texture":"#1"},"south":{"uv":[9.0,5.1875,9.0625,5.5],"tintindex":0,"rotation":0,"texture":"#1"},"north":{"uv":[8.375,4.4375,8.4375,4.75],"tintindex":0,"rotation":0,"texture":"#1"},"west":{"uv":[7.0,3.1875,7.5625,3.5],"tintindex":0,"rotation":0,"texture":"#1"},"up":{"uv":[0.8125,8.0625,0.75,7.5],"tintindex":0,"rotation":0,"texture":"#1"},"down":{"uv":[2.4375,7.5625,2.375,8.125],"tintindex":0,"rotation":0,"texture":"#1"}},"rotation":{"origin":[8.0,8.822749,4.0985374],"angle":-22.5,"axis":"x"}},{"from":[5.15625,8.728891,-6.5540047],"to":[6.05,11.08514,-4.604004],"faces":{"east":{"uv":[5.25,4.375,5.375,4.5625],"tintindex":0,"rotation":0,"texture":"#1"},"south":{"uv":[7.5625,7.6875,7.625,7.875],"tintindex":0,"rotation":0,"texture":"#1"},"north":{"uv":[7.125,6.5625,7.1875,6.75],"tintindex":0,"rotation":0,"texture":"#1"},"west":{"uv":[5.5,5.625,5.625,5.8125],"tintindex":0,"rotation":0,"texture":"#1"},"up":{"uv":[4.0625,2.25,4.0,2.125],"tintindex":0,"rotation":0,"texture":"#1"},"down":{"uv":[4.125,2.125,4.0625,2.25],"tintindex":0,"rotation":0,"texture":"#1"}}},{"from":[3.9375,2.4039993,-0.8577118],"to":[12.0625,8.091499,8.892288],"faces":{"east":{"uv":[2.4375,6.375,3.1875,6.8125],"tintindex":0,"rotation":0,"texture":"#1"},"south":{"uv":[6.5,2.3125,7.125,2.75],"tintindex":0,"rotation":0,"texture":"#1"},"north":{"uv":[6.375,3.1875,7.0,3.625],"tintindex":0,"rotation":0,"texture":"#1"},"west":{"uv":[6.375,2.75,7.125,3.1875],"tintindex":0,"rotation":0,"texture":"#1"},"up":{"uv":[3.0,6.375,2.375,5.625],"tintindex":0,"rotation":0,"texture":"#1"},"down":{"uv":[3.625,5.625,3.0,6.375],"tintindex":0,"rotation":0,"texture":"#1"}}},{"from":[9.625,5.978999,-7.5202103],"to":[11.25,10.853999,-3.1327133],"faces":{"east":{"uv":[2.0625,7.5625,2.375,7.9375],"tintindex":0,"rotation":0,"texture":"#1"},"south":{"uv":[3.125,9.0,3.25,9.375],"tintindex":0,"rotation":0,"texture":"#1"},"north":{"uv":[9.0,2.8125,9.125,3.1875],"tintindex":0,"rotation":0,"texture":"#1"},"west":{"uv":[4.125,7.5625,4.4375,7.9375],"tintindex":0,"rotation":0,"texture":"#1"},"up":{"uv":[4.125,9.3125,4.0,9.0],"tintindex":0,"rotation":0,"texture":"#1"},"down":{"uv":[4.25,9.0,4.125,9.3125],"tintindex":0,"rotation":0,"texture":"#1"}},"rotation":{"origin":[6.375,10.528999,-3.2952118],"angle":-22.5,"axis":"x"}},{"from":[12.0625,4.0289993,-0.8577118],"to":[14.25625,8.091499,8.892288],"faces":{"east":{"uv":[2.4375,6.8125,3.1875,7.125],"tintindex":0,"rotation":0,"texture":"#1"},"south":{"uv":[8.875,3.6875,9.0625,4.0],"tintindex":0,"rotation":0,"texture":"#1"},"north":{"uv":[8.875,2.0625,9.0625,2.375],"tintindex":0,"rotation":0,"texture":"#1"},"west":{"uv":[1.125,6.875,1.875,7.1875],"tintindex":0,"rotation":0,"texture":"#1"},"up":{"uv":[1.875,7.9375,1.6875,7.1875],"tintindex":0,"rotation":0,"texture":"#1"},"down":{"uv":[2.0625,7.1875,1.875,7.9375],"tintindex":0,"rotation":0,"texture":"#1"}}}],"display":{"gui":{"rotation":[30,225,0]}}}