{"textures":{"1":"modelengine:entity/snake_captaingreen_summon"},"elements":[{"from":[12.0625,8.0,-5.3125],"to":[14.5,11.25,1.1875],"faces":{"east":{"uv":[5.75,0.75,6.25,1.0],"tintindex":0,"rotation":0,"texture":"#1"},"south":{"uv":[8.75,7.25,8.9375,7.5],"tintindex":0,"rotation":0,"texture":"#1"},"north":{"uv":[6.875,0.5,7.0625,0.75],"tintindex":0,"rotation":0,"texture":"#1"},"west":{"uv":[6.375,0.5,6.875,0.75],"tintindex":0,"rotation":0,"texture":"#1"},"up":{"uv":[2.5625,8.75,2.375,8.25],"tintindex":0,"rotation":0,"texture":"#1"},"down":{"uv":[2.75,8.25,2.5625,8.75],"tintindex":0,"rotation":0,"texture":"#1"}}},{"from":[6.7487497,11.755461,-7.912346],"to":[9.25125,16.009712,-2.406849],"faces":{"east":{"uv":[7.5625,5.1875,8.0,5.5],"tintindex":0,"rotation":0,"texture":"#1"},"south":{"uv":[7.1875,8.875,7.375,9.1875],"tintindex":0,"rotation":0,"texture":"#1"},"north":{"uv":[5.3125,8.875,5.5,9.1875],"tintindex":0,"rotation":0,"texture":"#1"},"west":{"uv":[7.5625,6.25,8.0,6.5625],"tintindex":0,"rotation":0,"texture":"#1"},"up":{"uv":[8.3125,8.875,8.125,8.4375],"tintindex":0,"rotation":0,"texture":"#1"},"down":{"uv":[0.375,8.5,0.1875,8.9375],"tintindex":0,"rotation":0,"texture":"#1"}},"rotation":{"origin":[8.0,17.345636,-3.7618027],"angle":-22.5,"axis":"x"}},{"from":[3.9375,8.0,-12.625],"to":[12.0625,12.0625,-8.5625],"faces":{"east":{"uv":[3.6875,8.1875,4.0,8.5],"tintindex":0,"rotation":0,"texture":"#1"},"south":{"uv":[6.9375,6.25,7.5625,6.5625],"tintindex":0,"rotation":0,"texture":"#1"},"north":{"uv":[6.9375,3.9375,7.5625,4.25],"tintindex":0,"rotation":0,"texture":"#1"},"west":{"uv":[8.1875,5.3125,8.5,5.625],"tintindex":0,"rotation":0,"texture":"#1"},"up":{"uv":[7.625,1.9375,7.0,1.625],"tintindex":0,"rotation":0,"texture":"#1"},"down":{"uv":[7.625,1.9375,7.0,2.25],"tintindex":0,"rotation":0,"texture":"#1"}}},{"from":[5.9800134,17.60384,-9.3331375],"to":[10.019987,22.451809,-9.3331375],"faces":{"south":{"uv":[6.9375,8.0,7.25,8.375],"tintindex":0,"rotation":0,"texture":"#1"},"north":{"uv":[8.0,6.375,8.3125,6.75],"tintindex":0,"rotation":0,"texture":"#1"}},"rotation":{"origin":[8.0,13.303883,-4.2420197],"angle":22.5,"axis":"x"}},{"from":[3.6265697,17.688152,-4.5],"to":[3.6265697,19.313152,0.375],"faces":{"east":{"uv":[7.125,3.0,7.5,3.125],"tintindex":0,"rotation":0,"texture":"#1"},"west":{"uv":[7.5625,4.125,7.9375,4.25],"tintindex":0,"rotation":0,"texture":"#1"}},"rotation":{"origin":[3.6265697,18.500652,-2.0625],"angle":22.5,"axis":"z"}},{"from":[3.9375,16.125,-6.125],"to":[3.9375,17.75,-1.25],"faces":{"east":{"uv":[2.625,5.0,3.0,5.125],"tintindex":0,"rotation":0,"texture":"#1"},"west":{"uv":[1.75,5.5,2.125,5.625],"tintindex":0,"rotation":0,"texture":"#1"}}},{"from":[12.0625,16.125,-6.125],"to":[12.0625,17.75,-1.25],"faces":{"east":{"uv":[5.0625,6.375,5.4375,6.5],"tintindex":0,"rotation":0,"texture":"#1"},"west":{"uv":[7.0,3.5,7.375,3.625],"tintindex":0,"rotation":0,"texture":"#1"}}},{"from":[3.9375,2.71875,1.1875],"to":[12.0625,14.09375,7.6875],"faces":{"east":{"uv":[0.625,5.625,1.125,6.5],"tintindex":0,"rotation":0,"texture":"#1"},"south":{"uv":[5.25,2.0,5.875,2.875],"tintindex":0,"rotation":0,"texture":"#1"},"north":{"uv":[1.125,4.125,1.75,5.0],"tintindex":0,"rotation":0,"texture":"#1"},"west":{"uv":[5.875,2.75,6.375,3.625],"tintindex":0,"rotation":0,"texture":"#1"},"up":{"uv":[0.625,6.875,0.0,6.375],"tintindex":0,"rotation":0,"texture":"#1"},"down":{"uv":[3.8125,6.375,3.1875,6.875],"tintindex":0,"rotation":0,"texture":"#1"}}},{"from":[4.5875,4.50625,-10.268749],"to":[5.4,8.325,-7.018749],"faces":{"east":{"uv":[8.625,7.75,8.875,8.0625],"tintindex":0,"rotation":0,"texture":"#1"},"south":{"uv":[9.0,8.6875,9.0625,9.0],"tintindex":0,"rotation":0,"texture":"#1"},"north":{"uv":[8.6875,9.0,8.75,9.3125],"tintindex":0,"rotation":0,"texture":"#1"},"west":{"uv":[8.6875,4.875,8.9375,5.1875],"tintindex":0,"rotation":0,"texture":"#1"},"up":{"uv":[6.0625,8.9375,6.0,8.6875],"tintindex":0,"rotation":0,"texture":"#1"},"down":{"uv":[9.0,0.0,8.9375,0.25],"tintindex":0,"rotation":0,"texture":"#1"}},"rotation":{"origin":[8.65,7.1875,-6.125],"angle":22.5,"axis":"x"}},{"from":[9.70625,7.025,-5.8812485],"to":[10.51875,10.84375,-2.0625],"faces":{"east":{"uv":[4.9375,8.125,5.25,8.4375],"tintindex":0,"rotation":0,"texture":"#1"},"south":{"uv":[8.8125,9.0,8.875,9.3125],"tintindex":0,"rotation":0,"texture":"#1"},"north":{"uv":[8.75,9.0,8.8125,9.3125],"tintindex":0,"rotation":0,"texture":"#1"},"west":{"uv":[5.25,8.125,5.5625,8.4375],"tintindex":0,"rotation":0,"texture":"#1"},"up":{"uv":[8.9375,9.3125,8.875,9.0],"tintindex":0,"rotation":0,"texture":"#1"},"down":{"uv":[9.0,9.0,8.9375,9.3125],"tintindex":0,"rotation":0,"texture":"#1"}},"rotation":{"origin":[8.0,7.1875,-6.125],"angle":22.5,"axis":"x"}},{"from":[12.0625,14.5,-7.75],"to":[12.0625,16.125,-2.875],"faces":{"east":{"uv":[1.875,3.6875,2.25,3.8125],"tintindex":0,"rotation":0,"texture":"#1"},"west":{"uv":[3.5,4.5,3.875,4.625],"tintindex":0,"rotation":0,"texture":"#1"}}},{"from":[12.373492,17.688463,-4.5],"to":[12.373492,19.313463,0.375],"faces":{"east":{"uv":[7.6875,1.375,8.0625,1.5],"tintindex":0,"rotation":0,"texture":"#1"},"west":{"uv":[8.0,4.0,8.375,4.125],"tintindex":0,"rotation":0,"texture":"#1"}},"rotation":{"origin":[12.373492,18.500963,-2.0625],"angle":-22.5,"axis":"z"}},{"from":[10.6,4.50625,-10.268749],"to":[11.4125,8.325,-7.018749],"faces":{"east":{"uv":[8.625,4.5625,8.875,4.875],"tintindex":0,"rotation":0,"texture":"#1"},"south":{"uv":[9.0,8.375,9.0625,8.6875],"tintindex":0,"rotation":0,"texture":"#1"},"north":{"uv":[9.0,6.4375,9.0625,6.75],"tintindex":0,"rotation":0,"texture":"#1"},"west":{"uv":[6.0625,8.625,6.3125,8.9375],"tintindex":0,"rotation":0,"texture":"#1"},"up":{"uv":[2.125,8.5,2.0625,8.25],"tintindex":0,"rotation":0,"texture":"#1"},"down":{"uv":[2.1875,8.25,2.125,8.5],"tintindex":0,"rotation":0,"texture":"#1"}},"rotation":{"origin":[7.35,7.1875,-6.125],"angle":22.5,"axis":"x"}},{"from":[4.9125,4.070031,-10.5598755],"to":[4.99375,6.345031,-8.366127],"faces":{"east":{"uv":[8.0625,1.9375,8.25,2.125],"tintindex":0,"rotation":0,"texture":"#1"},"south":{"uv":[8.4375,5.9375,8.5,6.125],"tintindex":0,"rotation":0,"texture":"#1"},"north":{"uv":[8.4375,4.875,8.5,5.0625],"tintindex":0,"rotation":0,"texture":"#1"},"west":{"uv":[8.1875,5.9375,8.375,6.125],"tintindex":0,"rotation":0,"texture":"#1"},"up":{"uv":[8.5625,6.375,8.5,6.1875],"tintindex":0,"rotation":0,"texture":"#1"},"down":{"uv":[8.625,6.1875,8.5625,6.375],"tintindex":0,"rotation":0,"texture":"#1"}}},{"from":[3.9375,14.5,-7.75],"to":[3.9375,16.125,-2.875],"faces":{"east":{"uv":[4.625,1.0,5.0,1.125],"tintindex":0,"rotation":0,"texture":"#1"},"west":{"uv":[2.25,5.0,2.625,5.125],"tintindex":0,"rotation":0,"texture":"#1"}}},{"from":[5.9800134,15.184838,-7.3000755],"to":[10.019987,19.224812,-7.3000755],"faces":{"south":{"uv":[8.1875,5.625,8.5,5.9375],"tintindex":0,"rotation":0,"texture":"#1"},"north":{"uv":[5.5625,8.1875,5.875,8.5],"tintindex":0,"rotation":0,"texture":"#1"}},"rotation":{"origin":[8.0,13.303883,-4.2420197],"angle":0.0,"axis":"x"}},{"from":[10.925,4.070031,-10.5598755],"to":[11.00625,6.345031,-8.366127],"faces":{"east":{"uv":[7.375,7.6875,7.5625,7.875],"tintindex":0,"rotation":0,"texture":"#1"},"south":{"uv":[8.25,7.0,8.3125,7.1875],"tintindex":0,"rotation":0,"texture":"#1"},"north":{"uv":[8.1875,7.0,8.25,7.1875],"tintindex":0,"rotation":0,"texture":"#1"},"west":{"uv":[8.0,5.3125,8.1875,5.5],"tintindex":0,"rotation":0,"texture":"#1"},"up":{"uv":[8.375,7.1875,8.3125,7.0],"tintindex":0,"rotation":0,"texture":"#1"},"down":{"uv":[8.4375,5.9375,8.375,6.125],"tintindex":0,"rotation":0,"texture":"#1"}}},{"from":[5.4,7.025,-5.8812485],"to":[6.2125,10.84375,-2.0625],"faces":{"east":{"uv":[0.3125,8.1875,0.625,8.5],"tintindex":0,"rotation":0,"texture":"#1"},"south":{"uv":[9.0625,2.0625,9.125,2.375],"tintindex":0,"rotation":0,"texture":"#1"},"north":{"uv":[9.0,9.0,9.0625,9.3125],"tintindex":0,"rotation":0,"texture":"#1"},"west":{"uv":[0.625,8.1875,0.9375,8.5],"tintindex":0,"rotation":0,"texture":"#1"},"up":{"uv":[9.125,3.875,9.0625,3.5625],"tintindex":0,"rotation":0,"texture":"#1"},"down":{"uv":[9.125,3.875,9.0625,4.1875],"tintindex":0,"rotation":0,"texture":"#1"}},"rotation":{"origin":[8.0,7.1875,-6.125],"angle":22.5,"axis":"x"}},{"from":[12.0625,4.34375,1.1875],"to":[14.09375,11.65625,7.6875],"faces":{"east":{"uv":[0.625,6.5,1.125,7.0625],"tintindex":0,"rotation":0,"texture":"#1"},"south":{"uv":[8.0625,1.375,8.25,1.9375],"tintindex":0,"rotation":0,"texture":"#1"},"north":{"uv":[2.1875,7.9375,2.375,8.5],"tintindex":0,"rotation":0,"texture":"#1"},"west":{"uv":[6.5,1.75,7.0,2.3125],"tintindex":0,"rotation":0,"texture":"#1"},"up":{"uv":[6.8125,8.6875,6.625,8.1875],"tintindex":0,"rotation":0,"texture":"#1"},"down":{"uv":[8.4375,1.5,8.25,2.0],"tintindex":0,"rotation":0,"texture":"#1"}}},{"from":[1.90625,4.34375,1.1875],"to":[3.9375,11.65625,7.6875],"faces":{"east":{"uv":[5.0625,6.5,5.5625,7.0625],"tintindex":0,"rotation":0,"texture":"#1"},"south":{"uv":[6.25,8.0625,6.4375,8.625],"tintindex":0,"rotation":0,"texture":"#1"},"north":{"uv":[6.0625,8.0625,6.25,8.625],"tintindex":0,"rotation":0,"texture":"#1"},"west":{"uv":[5.5625,6.5,6.0625,7.0625],"tintindex":0,"rotation":0,"texture":"#1"},"up":{"uv":[1.875,8.75,1.6875,8.25],"tintindex":0,"rotation":0,"texture":"#1"},"down":{"uv":[2.0625,8.25,1.875,8.75],"tintindex":0,"rotation":0,"texture":"#1"}}},{"from":[6.7487497,13.256961,-11.290722],"to":[9.25125,17.511211,-5.785221],"faces":{"east":{"uv":[7.5625,3.5,8.0,3.8125],"tintindex":0,"rotation":0,"texture":"#1"},"south":{"uv":[8.875,4.5625,9.0625,4.875],"tintindex":0,"rotation":0,"texture":"#1"},"north":{"uv":[8.875,4.0,9.0625,4.3125],"tintindex":0,"rotation":0,"texture":"#1"},"west":{"uv":[3.6875,7.5625,4.125,7.875],"tintindex":0,"rotation":0,"texture":"#1"},"up":{"uv":[7.5625,8.875,7.375,8.4375],"tintindex":0,"rotation":0,"texture":"#1"},"down":{"uv":[7.75,8.4375,7.5625,8.875],"tintindex":0,"rotation":0,"texture":"#1"}},"rotation":{"origin":[8.0,17.345636,-3.7618027],"angle":-22.5,"axis":"x"}},{"from":[1.5,8.0,-5.3125],"to":[3.9375,11.25,1.1875],"faces":{"east":{"uv":[8.0,5.0625,8.5,5.3125],"tintindex":0,"rotation":0,"texture":"#1"},"south":{"uv":[3.8125,9.0,4.0,9.25],"tintindex":0,"rotation":0,"texture":"#1"},"north":{"uv":[8.9375,4.3125,9.125,4.5625],"tintindex":0,"rotation":0,"texture":"#1"},"west":{"uv":[8.0,6.125,8.5,6.375],"tintindex":0,"rotation":0,"texture":"#1"},"up":{"uv":[2.9375,8.75,2.75,8.25],"tintindex":0,"rotation":0,"texture":"#1"},"down":{"uv":[3.125,8.25,2.9375,8.75],"tintindex":0,"rotation":0,"texture":"#1"}}},{"from":[3.9375,8.0,-8.5625],"to":[12.0625,14.5,1.1875],"faces":{"east":{"uv":[6.25,5.0,7.0,5.5],"tintindex":0,"rotation":0,"texture":"#1"},"south":{"uv":[4.4375,6.375,5.0625,6.875],"tintindex":0,"rotation":0,"texture":"#1"},"north":{"uv":[3.8125,6.375,4.4375,6.875],"tintindex":0,"rotation":0,"texture":"#1"},"west":{"uv":[6.1875,6.25,6.9375,6.75],"tintindex":0,"rotation":0,"texture":"#1"},"up":{"uv":[4.25,6.375,3.625,5.625],"tintindex":0,"rotation":0,"texture":"#1"},"down":{"uv":[4.875,5.625,4.25,6.375],"tintindex":0,"rotation":0,"texture":"#1"}}},{"from":[6.7487497,10.128836,-4.6590996],"to":[9.25125,14.383086,0.8464012],"faces":{"east":{"uv":[7.5625,3.8125,8.0,4.125],"tintindex":0,"rotation":0,"texture":"#1"},"south":{"uv":[5.125,8.875,5.3125,9.1875],"tintindex":0,"rotation":0,"texture":"#1"},"north":{"uv":[4.9375,8.875,5.125,9.1875],"tintindex":0,"rotation":0,"texture":"#1"},"west":{"uv":[7.5625,4.875,8.0,5.1875],"tintindex":0,"rotation":0,"texture":"#1"},"up":{"uv":[7.9375,8.875,7.75,8.4375],"tintindex":0,"rotation":0,"texture":"#1"},"down":{"uv":[8.125,8.4375,7.9375,8.875],"tintindex":0,"rotation":0,"texture":"#1"}},"rotation":{"origin":[8.0,17.345636,-3.7618027],"angle":-22.5,"axis":"x"}}],"display":{"gui":{"rotation":[30,225,0]}}}