{"textures":{"1":"modelengine:entity/snake_captaingreen_summon"},"elements":[{"from":[2.3125,4.75,7.6875],"to":[3.9375,11.25,22.3125],"faces":{"east":{"uv":[4.0,1.125,5.125,1.625],"tintindex":0,"rotation":0,"texture":"#1"},"south":{"uv":[4.625,8.5625,4.75,9.0625],"tintindex":0,"rotation":0,"texture":"#1"},"north":{"uv":[2.25,8.5,2.375,9.0],"tintindex":0,"rotation":0,"texture":"#1"},"west":{"uv":[4.0,1.625,5.125,2.125],"tintindex":0,"rotation":0,"texture":"#1"},"up":{"uv":[6.5625,8.1875,6.4375,7.0625],"tintindex":0,"rotation":0,"texture":"#1"},"down":{"uv":[6.6875,7.0625,6.5625,8.1875],"tintindex":0,"rotation":0,"texture":"#1"}}},{"from":[-4.138213,1.5,18.24831],"to":[-0.88821316,2.3125,21.49831],"faces":{"east":{"uv":[3.875,4.5,4.125,4.5625],"tintindex":0,"rotation":0,"texture":"#1"},"south":{"uv":[3.125,4.5625,3.375,4.625],"tintindex":0,"rotation":0,"texture":"#1"},"north":{"uv":[1.875,3.8125,2.125,3.875],"tintindex":0,"rotation":0,"texture":"#1"},"west":{"uv":[3.875,4.5625,4.125,4.625],"tintindex":0,"rotation":0,"texture":"#1"},"up":{"uv":[6.5,2.0,6.25,1.75],"tintindex":0,"rotation":0,"texture":"#1"},"down":{"uv":[8.9375,0.0,8.6875,0.25],"tintindex":0,"rotation":0,"texture":"#1"}},"rotation":{"origin":[8.049286,-6.828125,30.43581],"angle":-45.0,"axis":"y"}},{"from":[12.0625,4.75,7.6875],"to":[13.6875,11.25,22.3125],"faces":{"east":{"uv":[0.0,4.125,1.125,4.625],"tintindex":0,"rotation":0,"texture":"#1"},"south":{"uv":[8.6875,5.1875,8.8125,5.6875],"tintindex":0,"rotation":0,"texture":"#1"},"north":{"uv":[6.3125,8.625,6.4375,9.125],"tintindex":0,"rotation":0,"texture":"#1"},"west":{"uv":[4.125,2.125,5.25,2.625],"tintindex":0,"rotation":0,"texture":"#1"},"up":{"uv":[6.8125,8.1875,6.6875,7.0625],"tintindex":0,"rotation":0,"texture":"#1"},"down":{"uv":[6.9375,7.0625,6.8125,8.1875],"tintindex":0,"rotation":0,"texture":"#1"}}},{"from":[6.7487497,8.503836,14.028402],"to":[9.25125,12.758086,19.533901],"faces":{"east":{"uv":[0.3125,7.5,0.75,7.8125],"tintindex":0,"rotation":0,"texture":"#1"},"south":{"uv":[8.8125,1.4375,9.0,1.75],"tintindex":0,"rotation":0,"texture":"#1"},"north":{"uv":[8.8125,1.125,9.0,1.4375],"tintindex":0,"rotation":0,"texture":"#1"},"west":{"uv":[7.5,0.3125,7.9375,0.625],"tintindex":0,"rotation":0,"texture":"#1"},"up":{"uv":[8.5625,8.5,8.375,8.0625],"tintindex":0,"rotation":0,"texture":"#1"},"down":{"uv":[0.1875,8.4375,0.0,8.875],"tintindex":0,"rotation":0,"texture":"#1"}},"rotation":{"origin":[8.0,17.345636,14.925697],"angle":-22.5,"axis":"x"}},{"from":[6.7487497,11.631961,7.396778],"to":[9.25125,15.88621,12.902277],"faces":{"east":{"uv":[7.5,2.25,7.9375,2.5625],"tintindex":0,"rotation":0,"texture":"#1"},"south":{"uv":[8.8125,3.125,9.0,3.4375],"tintindex":0,"rotation":0,"texture":"#1"},"north":{"uv":[8.8125,2.8125,9.0,3.125],"tintindex":0,"rotation":0,"texture":"#1"},"west":{"uv":[7.5,2.5625,7.9375,2.875],"tintindex":0,"rotation":0,"texture":"#1"},"up":{"uv":[8.625,1.9375,8.4375,1.5],"tintindex":0,"rotation":0,"texture":"#1"},"down":{"uv":[8.625,3.0,8.4375,3.4375],"tintindex":0,"rotation":0,"texture":"#1"}},"rotation":{"origin":[8.0,17.345636,14.925697],"angle":-22.5,"axis":"x"}},{"from":[6.7487497,10.130461,10.775152],"to":[9.25125,14.384711,16.280653],"faces":{"east":{"uv":[7.375,0.75,7.8125,1.0625],"tintindex":0,"rotation":0,"texture":"#1"},"south":{"uv":[8.8125,0.8125,9.0,1.125],"tintindex":0,"rotation":0,"texture":"#1"},"north":{"uv":[8.8125,0.5,9.0,0.8125],"tintindex":0,"rotation":0,"texture":"#1"},"west":{"uv":[7.4375,0.0,7.875,0.3125],"tintindex":0,"rotation":0,"texture":"#1"},"up":{"uv":[7.1875,8.8125,7.0,8.375],"tintindex":0,"rotation":0,"texture":"#1"},"down":{"uv":[8.5625,7.0,8.375,7.4375],"tintindex":0,"rotation":0,"texture":"#1"}},"rotation":{"origin":[8.0,17.345636,14.925697],"angle":-22.5,"axis":"x"}},{"from":[3.9375,3.125,7.6875],"to":[12.0625,12.875,22.3125],"faces":{"east":{"uv":[0.0,0.0,1.125,0.75],"tintindex":0,"rotation":0,"texture":"#1"},"south":{"uv":[5.25,3.625,5.875,4.375],"tintindex":0,"rotation":0,"texture":"#1"},"north":{"uv":[5.25,2.875,5.875,3.625],"tintindex":0,"rotation":0,"texture":"#1"},"west":{"uv":[0.0,0.75,1.125,1.5],"tintindex":0,"rotation":0,"texture":"#1"},"up":{"uv":[0.625,4.125,0.0,3.0],"tintindex":0,"rotation":0,"texture":"#1"},"down":{"uv":[1.25,3.0,0.625,4.125],"tintindex":0,"rotation":0,"texture":"#1"}}},{"from":[-4.950713,2.3125,17.435808],"to":[-0.07571316,5.5625,22.31081],"faces":{"east":{"uv":[8.1875,6.75,8.5625,7.0],"tintindex":0,"rotation":0,"texture":"#1"},"south":{"uv":[7.25,8.1875,7.625,8.4375],"tintindex":0,"rotation":0,"texture":"#1"},"north":{"uv":[6.9375,7.4375,7.3125,7.6875],"tintindex":0,"rotation":0,"texture":"#1"},"west":{"uv":[7.625,8.1875,8.0,8.4375],"tintindex":0,"rotation":0,"texture":"#1"},"up":{"uv":[7.3125,7.4375,6.9375,7.0625],"tintindex":0,"rotation":0,"texture":"#1"},"down":{"uv":[7.5,2.25,7.125,2.625],"tintindex":0,"rotation":0,"texture":"#1"}},"rotation":{"origin":[8.049286,-6.828125,30.43581],"angle":-45.0,"axis":"y"}}],"display":{"gui":{"rotation":[30,225,0]}}}