{"textures":{"1":"modelengine:entity/snake_captaingreen_summon"},"elements":[{"from":[6.7487497,11.631961,-6.415722],"to":[9.25125,15.88621,-0.910223],"faces":{"east":{"uv":[7.5625,6.5625,8.0,6.875],"tintindex":0,"rotation":0,"texture":"#1"},"south":{"uv":[7.5625,8.875,7.75,9.1875],"tintindex":0,"rotation":0,"texture":"#1"},"north":{"uv":[7.375,8.875,7.5625,9.1875],"tintindex":0,"rotation":0,"texture":"#1"},"west":{"uv":[7.625,1.5,8.0625,1.8125],"tintindex":0,"rotation":0,"texture":"#1"},"up":{"uv":[0.5625,8.9375,0.375,8.5],"tintindex":0,"rotation":0,"texture":"#1"},"down":{"uv":[0.75,8.5,0.5625,8.9375],"tintindex":0,"rotation":0,"texture":"#1"}},"rotation":{"origin":[8.0,17.345636,1.1131973],"angle":-22.5,"axis":"x"}},{"from":[12.0625,4.75,-6.9375],"to":[13.6875,11.25,7.6875],"faces":{"east":{"uv":[0.0,4.625,1.125,5.125],"tintindex":0,"rotation":0,"texture":"#1"},"south":{"uv":[8.6875,8.5,8.8125,9.0],"tintindex":0,"rotation":0,"texture":"#1"},"north":{"uv":[6.6875,8.6875,6.8125,9.1875],"tintindex":0,"rotation":0,"texture":"#1"},"west":{"uv":[4.625,0.0,5.75,0.5],"tintindex":0,"rotation":0,"texture":"#1"},"up":{"uv":[3.0625,8.25,2.9375,7.125],"tintindex":0,"rotation":0,"texture":"#1"},"down":{"uv":[3.1875,7.125,3.0625,8.25],"tintindex":0,"rotation":0,"texture":"#1"}}},{"from":[6.7487497,10.130461,-3.037346],"to":[9.25125,14.384711,2.468153],"faces":{"east":{"uv":[7.625,7.5625,8.0625,7.875],"tintindex":0,"rotation":0,"texture":"#1"},"south":{"uv":[8.125,8.875,8.3125,9.1875],"tintindex":0,"rotation":0,"texture":"#1"},"north":{"uv":[7.9375,8.875,8.125,9.1875],"tintindex":0,"rotation":0,"texture":"#1"},"west":{"uv":[7.6875,1.0625,8.125,1.375],"tintindex":0,"rotation":0,"texture":"#1"},"up":{"uv":[1.6875,8.9375,1.5,8.5],"tintindex":0,"rotation":0,"texture":"#1"},"down":{"uv":[2.25,8.5,2.0625,8.9375],"tintindex":0,"rotation":0,"texture":"#1"}},"rotation":{"origin":[8.0,17.345636,1.1131973],"angle":-22.5,"axis":"x"}},{"from":[-4.138213,1.5,1.9983082],"to":[-0.88821316,2.3125,5.248308],"faces":{"east":{"uv":[7.125,3.125,7.375,3.1875],"tintindex":0,"rotation":0,"texture":"#1"},"south":{"uv":[7.3125,1.5,7.5625,1.5625],"tintindex":0,"rotation":0,"texture":"#1"},"north":{"uv":[6.75,5.8125,7.0,5.875],"tintindex":0,"rotation":0,"texture":"#1"},"west":{"uv":[7.3125,1.5625,7.5625,1.625],"tintindex":0,"rotation":0,"texture":"#1"},"up":{"uv":[9.0,0.5,8.75,0.25],"tintindex":0,"rotation":0,"texture":"#1"},"down":{"uv":[9.0,1.8125,8.75,2.0625],"tintindex":0,"rotation":0,"texture":"#1"}},"rotation":{"origin":[8.049286,-6.828125,14.185809],"angle":-45.0,"axis":"y"}},{"from":[-4.950713,2.3125,1.1858082],"to":[-0.07571316,5.5625,6.060808],"faces":{"east":{"uv":[8.3125,0.0,8.6875,0.25],"tintindex":0,"rotation":0,"texture":"#1"},"south":{"uv":[0.9375,8.3125,1.3125,8.5625],"tintindex":0,"rotation":0,"texture":"#1"},"north":{"uv":[8.25,7.8125,8.625,8.0625],"tintindex":0,"rotation":0,"texture":"#1"},"west":{"uv":[3.125,8.3125,3.5,8.5625],"tintindex":0,"rotation":0,"texture":"#1"},"up":{"uv":[7.5,5.0,7.125,4.625],"tintindex":0,"rotation":0,"texture":"#1"},"down":{"uv":[2.4375,7.1875,2.0625,7.5625],"tintindex":0,"rotation":0,"texture":"#1"}},"rotation":{"origin":[8.049286,-6.828125,14.185809],"angle":-45.0,"axis":"y"}},{"from":[3.9375,3.125,-6.9375],"to":[12.0625,12.875,7.6875],"faces":{"east":{"uv":[0.0,1.5,1.125,2.25],"tintindex":0,"rotation":0,"texture":"#1"},"south":{"uv":[1.75,5.625,2.375,6.375],"tintindex":0,"rotation":0,"texture":"#1"},"north":{"uv":[0.0,5.625,0.625,6.375],"tintindex":0,"rotation":0,"texture":"#1"},"west":{"uv":[1.125,1.5,2.25,2.25],"tintindex":0,"rotation":0,"texture":"#1"},"up":{"uv":[4.0,2.25,3.375,1.125],"tintindex":0,"rotation":0,"texture":"#1"},"down":{"uv":[4.125,2.25,3.5,3.375],"tintindex":0,"rotation":0,"texture":"#1"}}},{"from":[2.3125,4.75,-6.9375],"to":[3.9375,11.25,7.6875],"faces":{"east":{"uv":[4.625,0.5,5.75,1.0],"tintindex":0,"rotation":0,"texture":"#1"},"south":{"uv":[1.8125,8.75,1.9375,9.25],"tintindex":0,"rotation":0,"texture":"#1"},"north":{"uv":[1.6875,8.75,1.8125,9.25],"tintindex":0,"rotation":0,"texture":"#1"},"west":{"uv":[3.125,4.625,4.25,5.125],"tintindex":0,"rotation":0,"texture":"#1"},"up":{"uv":[1.1875,8.3125,1.0625,7.1875],"tintindex":0,"rotation":0,"texture":"#1"},"down":{"uv":[1.3125,7.1875,1.1875,8.3125],"tintindex":0,"rotation":0,"texture":"#1"}}},{"from":[6.7487497,8.503836,0.21590233],"to":[9.25125,12.758086,5.721403],"faces":{"east":{"uv":[7.625,1.8125,8.0625,2.125],"tintindex":0,"rotation":0,"texture":"#1"},"south":{"uv":[8.875,7.75,9.0625,8.0625],"tintindex":0,"rotation":0,"texture":"#1"},"north":{"uv":[7.75,8.875,7.9375,9.1875],"tintindex":0,"rotation":0,"texture":"#1"},"west":{"uv":[7.625,7.25,8.0625,7.5625],"tintindex":0,"rotation":0,"texture":"#1"},"up":{"uv":[0.9375,8.9375,0.75,8.5],"tintindex":0,"rotation":0,"texture":"#1"},"down":{"uv":[1.5,8.5,1.3125,8.9375],"tintindex":0,"rotation":0,"texture":"#1"}},"rotation":{"origin":[8.0,17.345636,1.1131973],"angle":-22.5,"axis":"x"}}],"display":{"gui":{"rotation":[30,225,0]}}}