{"textures":{"1":"modelengine:entity/snake_captaingreen_summon"},"elements":[{"from":[6.7487497,15.005461,2.9626522],"to":[9.25125,19.259712,8.468152],"faces":{"east":{"uv":[7.875,0.0,8.3125,0.3125],"tintindex":0,"rotation":0,"texture":"#1"},"south":{"uv":[5.5,8.9375,5.6875,9.25],"tintindex":0,"rotation":0,"texture":"#1"},"north":{"uv":[8.9375,4.875,9.125,5.1875],"tintindex":0,"rotation":0,"texture":"#1"},"west":{"uv":[3.6875,7.875,4.125,8.1875],"tintindex":0,"rotation":0,"texture":"#1"},"up":{"uv":[1.125,9.0,0.9375,8.5625],"tintindex":0,"rotation":0,"texture":"#1"},"down":{"uv":[1.3125,8.5625,1.125,9.0],"tintindex":0,"rotation":0,"texture":"#1"}},"rotation":{"origin":[8.0,22.220636,7.1131964],"angle":-22.5,"axis":"x"}},{"from":[-4.950713,7.1875,9.623308],"to":[-0.07571316,10.4375,14.498308],"faces":{"east":{"uv":[8.375,2.25,8.75,2.5],"tintindex":0,"rotation":0,"texture":"#1"},"south":{"uv":[8.375,2.5,8.75,2.75],"tintindex":0,"rotation":0,"texture":"#1"},"north":{"uv":[8.375,2.0,8.75,2.25],"tintindex":0,"rotation":0,"texture":"#1"},"west":{"uv":[8.375,2.75,8.75,3.0],"tintindex":0,"rotation":0,"texture":"#1"},"up":{"uv":[7.5625,6.9375,7.1875,6.5625],"tintindex":0,"rotation":0,"texture":"#1"},"down":{"uv":[7.6875,1.125,7.3125,1.5],"tintindex":0,"rotation":0,"texture":"#1"}},"rotation":{"origin":[8.049286,-1.953125,22.62331],"angle":-45.0,"axis":"y"}},{"from":[12.0625,9.625,-0.125],"to":[13.6875,16.125,14.5],"faces":{"east":{"uv":[3.375,5.125,4.5,5.625],"tintindex":0,"rotation":0,"texture":"#1"},"south":{"uv":[8.75,3.6875,8.875,4.1875],"tintindex":0,"rotation":0,"texture":"#1"},"north":{"uv":[3.5,8.75,3.625,9.25],"tintindex":0,"rotation":0,"texture":"#1"},"west":{"uv":[4.5,5.125,5.625,5.625],"tintindex":0,"rotation":0,"texture":"#1"},"up":{"uv":[4.8125,8.3125,4.6875,7.1875],"tintindex":0,"rotation":0,"texture":"#1"},"down":{"uv":[4.9375,7.1875,4.8125,8.3125],"tintindex":0,"rotation":0,"texture":"#1"}}},{"from":[6.7487497,13.378836,6.2159023],"to":[9.25125,17.633087,11.721402],"faces":{"east":{"uv":[7.9375,0.3125,8.375,0.625],"tintindex":0,"rotation":0,"texture":"#1"},"south":{"uv":[8.9375,6.9375,9.125,7.25],"tintindex":0,"rotation":0,"texture":"#1"},"north":{"uv":[8.9375,6.125,9.125,6.4375],"tintindex":0,"rotation":0,"texture":"#1"},"west":{"uv":[1.3125,7.9375,1.75,8.25],"tintindex":0,"rotation":0,"texture":"#1"},"up":{"uv":[4.0625,9.0,3.875,8.5625],"tintindex":0,"rotation":0,"texture":"#1"},"down":{"uv":[8.75,3.875,8.5625,4.3125],"tintindex":0,"rotation":0,"texture":"#1"}},"rotation":{"origin":[8.0,22.220636,7.1131964],"angle":-22.5,"axis":"x"}},{"from":[6.7487497,16.506962,-0.41572285],"to":[9.25125,20.761211,5.089777],"faces":{"east":{"uv":[7.9375,2.4375,8.375,2.75],"tintindex":0,"rotation":0,"texture":"#1"},"south":{"uv":[8.5,8.9375,8.6875,9.25],"tintindex":0,"rotation":0,"texture":"#1"},"north":{"uv":[8.3125,8.9375,8.5,9.25],"tintindex":0,"rotation":0,"texture":"#1"},"west":{"uv":[7.9375,2.75,8.375,3.0625],"tintindex":0,"rotation":0,"texture":"#1"},"up":{"uv":[4.625,9.0,4.4375,8.5625],"tintindex":0,"rotation":0,"texture":"#1"},"down":{"uv":[8.75,6.625,8.5625,7.0625],"tintindex":0,"rotation":0,"texture":"#1"}},"rotation":{"origin":[8.0,22.220636,7.1131964],"angle":-22.5,"axis":"x"}},{"from":[6.7487497,16.506962,-0.41572285],"to":[9.25125,20.761211,5.089777],"faces":{"east":{"uv":[8.0,3.6875,8.4375,4.0],"tintindex":0,"rotation":0,"texture":"#1"},"south":{"uv":[1.125,9.0,1.3125,9.3125],"tintindex":0,"rotation":0,"texture":"#1"},"north":{"uv":[9.0,0.9375,9.1875,1.25],"tintindex":0,"rotation":0,"texture":"#1"},"west":{"uv":[8.0,4.75,8.4375,5.0625],"tintindex":0,"rotation":0,"texture":"#1"},"up":{"uv":[8.8125,1.8125,8.625,1.375],"tintindex":0,"rotation":0,"texture":"#1"},"down":{"uv":[8.8125,3.0,8.625,3.4375],"tintindex":0,"rotation":0,"texture":"#1"}},"rotation":{"origin":[8.0,22.220636,7.1131964],"angle":-22.5,"axis":"x"}},{"from":[6.7487497,15.005461,2.9626522],"to":[9.25125,19.259712,8.468152],"faces":{"east":{"uv":[1.75,7.9375,2.1875,8.25],"tintindex":0,"rotation":0,"texture":"#1"},"south":{"uv":[8.9375,8.0625,9.125,8.375],"tintindex":0,"rotation":0,"texture":"#1"},"north":{"uv":[8.9375,7.25,9.125,7.5625],"tintindex":0,"rotation":0,"texture":"#1"},"west":{"uv":[7.9375,2.125,8.375,2.4375],"tintindex":0,"rotation":0,"texture":"#1"},"up":{"uv":[4.25,9.0,4.0625,8.5625],"tintindex":0,"rotation":0,"texture":"#1"},"down":{"uv":[4.4375,8.5625,4.25,9.0],"tintindex":0,"rotation":0,"texture":"#1"}},"rotation":{"origin":[8.0,22.220636,7.1131964],"angle":-22.5,"axis":"x"}},{"from":[6.7487497,15.005461,2.9626522],"to":[9.25125,19.259712,8.468152],"faces":{"east":{"uv":[8.0,3.0625,8.4375,3.375],"tintindex":0,"rotation":0,"texture":"#1"},"south":{"uv":[0.9375,9.0,1.125,9.3125],"tintindex":0,"rotation":0,"texture":"#1"},"north":{"uv":[9.0,0.625,9.1875,0.9375],"tintindex":0,"rotation":0,"texture":"#1"},"west":{"uv":[8.0,3.375,8.4375,3.6875],"tintindex":0,"rotation":0,"texture":"#1"},"up":{"uv":[8.8125,0.9375,8.625,0.5],"tintindex":0,"rotation":0,"texture":"#1"},"down":{"uv":[8.8125,0.9375,8.625,1.375],"tintindex":0,"rotation":0,"texture":"#1"}},"rotation":{"origin":[8.0,22.220636,7.1131964],"angle":-22.5,"axis":"x"}},{"from":[2.3125,9.625,-0.125],"to":[3.9375,16.125,14.5],"faces":{"east":{"uv":[5.125,1.5,6.25,2.0],"tintindex":0,"rotation":0,"texture":"#1"},"south":{"uv":[3.0,8.75,3.125,9.25],"tintindex":0,"rotation":0,"texture":"#1"},"north":{"uv":[2.875,8.75,3.0,9.25],"tintindex":0,"rotation":0,"texture":"#1"},"west":{"uv":[2.25,5.125,3.375,5.625],"tintindex":0,"rotation":0,"texture":"#1"},"up":{"uv":[4.5625,8.3125,4.4375,7.1875],"tintindex":0,"rotation":0,"texture":"#1"},"down":{"uv":[4.6875,7.1875,4.5625,8.3125],"tintindex":0,"rotation":0,"texture":"#1"}}},{"from":[3.9375,8.0,-0.125],"to":[12.0625,17.75,14.5],"faces":{"east":{"uv":[2.25,0.75,3.375,1.5],"tintindex":0,"rotation":0,"texture":"#1"},"south":{"uv":[5.875,2.0,6.5,2.75],"tintindex":0,"rotation":0,"texture":"#1"},"north":{"uv":[5.75,0.0,6.375,0.75],"tintindex":0,"rotation":0,"texture":"#1"},"west":{"uv":[1.125,2.25,2.25,3.0],"tintindex":0,"rotation":0,"texture":"#1"},"up":{"uv":[3.125,5.0,2.5,3.875],"tintindex":0,"rotation":0,"texture":"#1"},"down":{"uv":[4.625,0.0,4.0,1.125],"tintindex":0,"rotation":0,"texture":"#1"}}},{"from":[-4.138213,6.375,10.435808],"to":[-0.88821316,7.1875,13.685808],"faces":{"east":{"uv":[7.75,6.125,8.0,6.1875],"tintindex":0,"rotation":0,"texture":"#1"},"south":{"uv":[7.75,6.1875,8.0,6.25],"tintindex":0,"rotation":0,"texture":"#1"},"north":{"uv":[7.625,2.1875,7.875,2.25],"tintindex":0,"rotation":0,"texture":"#1"},"west":{"uv":[7.75,7.1875,8.0,7.25],"tintindex":0,"rotation":0,"texture":"#1"},"up":{"uv":[9.0,6.6875,8.75,6.4375],"tintindex":0,"rotation":0,"texture":"#1"},"down":{"uv":[9.0,6.6875,8.75,6.9375],"tintindex":0,"rotation":0,"texture":"#1"}},"rotation":{"origin":[8.049286,-1.953125,22.62331],"angle":-45.0,"axis":"y"}},{"from":[6.7487497,16.506962,-0.41572285],"to":[9.25125,20.761211,5.089777],"faces":{"east":{"uv":[7.375,7.875,7.8125,8.1875],"tintindex":0,"rotation":0,"texture":"#1"},"south":{"uv":[6.0,8.9375,6.1875,9.25],"tintindex":0,"rotation":0,"texture":"#1"},"north":{"uv":[5.6875,8.9375,5.875,9.25],"tintindex":0,"rotation":0,"texture":"#1"},"west":{"uv":[7.8125,7.875,8.25,8.1875],"tintindex":0,"rotation":0,"texture":"#1"},"up":{"uv":[3.3125,9.0,3.125,8.5625],"tintindex":0,"rotation":0,"texture":"#1"},"down":{"uv":[3.5,8.5625,3.3125,9.0],"tintindex":0,"rotation":0,"texture":"#1"}},"rotation":{"origin":[8.0,22.220636,7.1131964],"angle":-22.5,"axis":"x"}},{"from":[6.7487497,13.378836,6.2159023],"to":[9.25125,17.633087,11.721402],"faces":{"east":{"uv":[4.9375,7.8125,5.375,8.125],"tintindex":0,"rotation":0,"texture":"#1"},"south":{"uv":[3.625,8.9375,3.8125,9.25],"tintindex":0,"rotation":0,"texture":"#1"},"north":{"uv":[2.0625,8.9375,2.25,9.25],"tintindex":0,"rotation":0,"texture":"#1"},"west":{"uv":[5.375,7.8125,5.8125,8.125],"tintindex":0,"rotation":0,"texture":"#1"},"up":{"uv":[8.5,8.9375,8.3125,8.5],"tintindex":0,"rotation":0,"texture":"#1"},"down":{"uv":[8.6875,8.5,8.5,8.9375],"tintindex":0,"rotation":0,"texture":"#1"}},"rotation":{"origin":[8.0,22.220636,7.1131964],"angle":-22.5,"axis":"x"}},{"from":[6.7487497,13.378836,6.2159023],"to":[9.25125,17.633087,11.721402],"faces":{"east":{"uv":[7.9375,4.125,8.375,4.4375],"tintindex":0,"rotation":0,"texture":"#1"},"south":{"uv":[9.0,0.3125,9.1875,0.625],"tintindex":0,"rotation":0,"texture":"#1"},"north":{"uv":[9.0,0.0,9.1875,0.3125],"tintindex":0,"rotation":0,"texture":"#1"},"west":{"uv":[7.9375,4.4375,8.375,4.75],"tintindex":0,"rotation":0,"texture":"#1"},"up":{"uv":[8.75,7.5,8.5625,7.0625],"tintindex":0,"rotation":0,"texture":"#1"},"down":{"uv":[8.75,8.0625,8.5625,8.5],"tintindex":0,"rotation":0,"texture":"#1"}},"rotation":{"origin":[8.0,22.220636,7.1131964],"angle":-22.5,"axis":"x"}}],"display":{"gui":{"rotation":[30,225,0]}}}