{"textures":{"0":"modelengine:entity/pa_guster_soul"},"elements":[{"from":[1.0,23.0,1.0],"to":[16.0,27.0,16.0],"faces":{"east":{"uv":[0.0,3.75,3.75,4.75],"tintindex":0,"rotation":0,"texture":"#0"},"south":{"uv":[11.25,3.75,15.0,4.75],"tintindex":0,"rotation":0,"texture":"#0"},"north":{"uv":[3.75,3.75,7.5,4.75],"tintindex":0,"rotation":0,"texture":"#0"},"west":{"uv":[7.5,3.75,11.25,4.75],"tintindex":0,"rotation":0,"texture":"#0"},"up":{"uv":[7.5,3.75,3.75,0.0],"tintindex":0,"rotation":0,"texture":"#0"},"down":{"uv":[11.25,0.0,7.5,3.75],"tintindex":0,"rotation":0,"texture":"#0"}},"rotation":{"origin":[8.0,8.0,8.0],"angle":-45.0,"axis":"y"}},{"from":[6.5,11.0,6.5],"to":[10.5,15.0,10.5],"faces":{"east":{"uv":[8.125,10.0,9.125,11.0],"tintindex":0,"rotation":0,"texture":"#0"},"south":{"uv":[11.125,10.0,12.125,11.0],"tintindex":0,"rotation":0,"texture":"#0"},"north":{"uv":[9.125,10.0,10.125,11.0],"tintindex":0,"rotation":0,"texture":"#0"},"west":{"uv":[10.125,10.0,11.125,11.0],"tintindex":0,"rotation":0,"texture":"#0"},"up":{"uv":[10.125,10.0,9.125,9.0],"tintindex":0,"rotation":0,"texture":"#0"},"down":{"uv":[11.125,9.0,10.125,10.0],"tintindex":0,"rotation":0,"texture":"#0"}},"rotation":{"origin":[8.0,8.0,8.0],"angle":-22.5,"axis":"y"}},{"from":[2.5,19.0,2.5],"to":[14.5,23.0,14.5],"faces":{"east":{"uv":[0.0,7.875,3.0,8.875],"tintindex":0,"rotation":0,"texture":"#0"},"south":{"uv":[9.0,7.875,12.0,8.875],"tintindex":0,"rotation":0,"texture":"#0"},"north":{"uv":[3.0,7.875,6.0,8.875],"tintindex":0,"rotation":0,"texture":"#0"},"west":{"uv":[6.0,7.875,9.0,8.875],"tintindex":0,"rotation":0,"texture":"#0"},"up":{"uv":[6.0,7.875,3.0,4.875],"tintindex":0,"rotation":0,"texture":"#0"},"down":{"uv":[9.0,4.875,6.0,7.875],"tintindex":0,"rotation":0,"texture":"#0"}},"rotation":{"origin":[8.0,8.0,8.0],"angle":45.0,"axis":"y"}},{"from":[4.5,15.0,4.5],"to":[12.5,19.0,12.5],"faces":{"east":{"uv":[0.0,11.0,2.0,12.0],"tintindex":0,"rotation":0,"texture":"#0"},"south":{"uv":[6.0,11.0,8.0,12.0],"tintindex":0,"rotation":0,"texture":"#0"},"north":{"uv":[2.0,11.0,4.0,12.0],"tintindex":0,"rotation":0,"texture":"#0"},"west":{"uv":[4.0,11.0,6.0,12.0],"tintindex":0,"rotation":0,"texture":"#0"},"up":{"uv":[4.0,11.0,2.0,9.0],"tintindex":0,"rotation":0,"texture":"#0"},"down":{"uv":[6.0,9.0,4.0,11.0],"tintindex":0,"rotation":0,"texture":"#0"}},"rotation":{"origin":[8.0,8.0,8.0],"angle":22.5,"axis":"y"}},{"from":[0.5,12.5,2.5],"to":[16.5,16.5,14.5],"faces":{"east":{"uv":[2.0,15.0,5.0,16.0],"tintindex":0,"rotation":0,"texture":"#0"},"south":{"uv":[12.0,15.0,16.0,16.0],"tintindex":0,"rotation":0,"texture":"#0"},"north":{"uv":[5.0,15.0,9.0,16.0],"tintindex":0,"rotation":0,"texture":"#0"},"west":{"uv":[9.0,15.0,12.0,16.0],"tintindex":0,"rotation":0,"texture":"#0"},"up":{"uv":[9.0,15.0,5.0,12.0],"tintindex":0,"rotation":0,"texture":"#0"},"down":{"uv":[13.0,12.0,9.0,15.0],"tintindex":0,"rotation":0,"texture":"#0"}},"rotation":{"origin":[8.0,8.0,8.0],"angle":-22.5,"axis":"y"}}]}