{"textures":{"0":"modelengine:entity/soldierrelojspirti_demoniaco_gm"},"elements":[{"from":[5.48,2.0,4.1800003],"to":[10.52,9.0,8.0],"faces":{"east":{"uv":[7.75,4.5,8.6875,6.25],"tintindex":0,"rotation":0,"texture":"#0"},"south":{"uv":[6.0,1.75,7.25,3.5],"tintindex":0,"rotation":0,"texture":"#0"},"north":{"uv":[6.0,0.0,7.25,1.75],"tintindex":0,"rotation":0,"texture":"#0"},"west":{"uv":[7.75,6.25,8.6875,8.0],"tintindex":0,"rotation":0,"texture":"#0"},"up":{"uv":[11.5,0.9375,10.25,0.0],"tintindex":0,"rotation":0,"texture":"#0"},"down":{"uv":[11.5,3.5,10.25,4.4375],"tintindex":0,"rotation":0,"texture":"#0"}}}]}