{"textures":{"0":"modelengine:entity/soldierrelojspirti_demoniaco_gm"},"elements":[{"from":[7.6400003,1.1999989,5.4],"to":[10.84,9.199999,9.4],"faces":{"east":{"uv":[6.0,3.5,7.0,5.5],"tintindex":0,"rotation":0,"texture":"#0"},"south":{"uv":[7.75,8.0,8.5625,10.0],"tintindex":0,"rotation":0,"texture":"#0"},"north":{"uv":[8.0,0.0,8.8125,2.0],"tintindex":0,"rotation":0,"texture":"#0"},"west":{"uv":[6.0,5.5,7.0,7.5],"tintindex":0,"rotation":0,"texture":"#0"},"up":{"uv":[11.0625,5.5,10.25,4.5],"tintindex":0,"rotation":0,"texture":"#0"},"down":{"uv":[11.0625,5.5,10.25,6.5],"tintindex":0,"rotation":0,"texture":"#0"}}}]}