{"textures":{"0":"modelengine:entity/soldierrelojspirti_demoniaco_gm"},"elements":[{"from":[5.04,1.1999989,5.4],"to":[8.24,9.199999,9.4],"faces":{"east":{"uv":[3.5,6.75,4.5,8.75],"tintindex":0,"rotation":0,"texture":"#0"},"south":{"uv":[8.75,2.0,9.5625,4.0],"tintindex":0,"rotation":0,"texture":"#0"},"north":{"uv":[6.5,8.5,7.3125,10.5],"tintindex":0,"rotation":0,"texture":"#0"},"west":{"uv":[4.5,6.75,5.5,8.75],"tintindex":0,"rotation":0,"texture":"#0"},"up":{"uv":[11.0625,8.75,10.25,7.75],"tintindex":0,"rotation":0,"texture":"#0"},"down":{"uv":[11.0625,8.75,10.25,9.75],"tintindex":0,"rotation":0,"texture":"#0"}}}]}