{"textures":{"0":"modelengine:entity/soldierrelojspirti_demoniaco_gm"},"elements":[{"from":[5.231356,8.077286,3.4670897],"to":[12.431356,15.277285,10.787089],"faces":{"east":{"uv":[0.0,2.0,1.8125,3.8125],"tintindex":0,"rotation":0,"texture":"#0"},"south":{"uv":[2.0,0.0,3.8125,1.8125],"tintindex":0,"rotation":0,"texture":"#0"},"north":{"uv":[0.0,0.0,1.8125,1.8125],"tintindex":0,"rotation":0,"texture":"#0"},"west":{"uv":[2.0,2.0,3.8125,3.8125],"tintindex":0,"rotation":0,"texture":"#0"},"up":{"uv":[1.8125,5.8125,0.0,4.0],"tintindex":0,"rotation":0,"texture":"#0"},"down":{"uv":[5.8125,0.0,4.0,1.8125],"tintindex":0,"rotation":0,"texture":"#0"}}}]}