{"textures":{"0":"modelengine:entity/soldierrelojspirti_demoniaco_gm"},"elements":[{"from":[6.48,-2.1999989,5.6],"to":[9.12,0.5600014,9.44],"faces":{"east":{"uv":[3.75,11.0,4.6875,11.6875],"tintindex":0,"rotation":0,"texture":"#0"},"south":{"uv":[11.25,5.25,11.9375,5.9375],"tintindex":0,"rotation":0,"texture":"#0"},"north":{"uv":[11.25,4.5,11.9375,5.1875],"tintindex":0,"rotation":0,"texture":"#0"},"west":{"uv":[11.0,9.75,11.9375,10.4375],"tintindex":0,"rotation":0,"texture":"#0"},"up":{"uv":[5.4375,11.9375,4.75,11.0],"tintindex":0,"rotation":0,"texture":"#0"},"down":{"uv":[11.6875,10.5,11.0,11.4375],"tintindex":0,"rotation":0,"texture":"#0"}}},{"from":[6.5600004,0.5600004,5.6],"to":[9.32,8.0,9.32],"faces":{"east":{"uv":[0.0,7.75,0.9375,9.625],"tintindex":0,"rotation":0,"texture":"#0"},"south":{"uv":[0.75,9.75,1.4375,11.625],"tintindex":0,"rotation":0,"texture":"#0"},"north":{"uv":[0.0,9.75,0.6875,11.625],"tintindex":0,"rotation":0,"texture":"#0"},"west":{"uv":[7.75,2.5,8.6875,4.375],"tintindex":0,"rotation":0,"texture":"#0"},"up":{"uv":[10.9375,11.6875,10.25,10.75],"tintindex":0,"rotation":0,"texture":"#0"},"down":{"uv":[3.6875,11.0,3.0,11.9375],"tintindex":0,"rotation":0,"texture":"#0"}}}]}