{"textures":{"0":"modelengine:entity/soldierrelojspirti_demoniaco_gm"},"elements":[{"from":[6.7999997,0.6800003,6.2],"to":[9.559999,8.120001,9.92],"faces":{"east":{"uv":[2.25,7.5,3.1875,9.375],"tintindex":0,"rotation":0,"texture":"#0"},"south":{"uv":[9.5,7.75,10.1875,9.625],"tintindex":0,"rotation":0,"texture":"#0"},"north":{"uv":[5.5,9.5,6.1875,11.375],"tintindex":0,"rotation":0,"texture":"#0"},"west":{"uv":[5.5,7.5,6.4375,9.375],"tintindex":0,"rotation":0,"texture":"#0"},"up":{"uv":[10.9375,10.6875,10.25,9.75],"tintindex":0,"rotation":0,"texture":"#0"},"down":{"uv":[11.1875,1.0,10.5,1.9375],"tintindex":0,"rotation":0,"texture":"#0"}}},{"from":[6.8999996,-2.08,6.2],"to":[9.54,0.6800003,10.04],"faces":{"east":{"uv":[10.5,2.0,11.4375,2.6875],"tintindex":0,"rotation":0,"texture":"#0"},"south":{"uv":[11.25,1.0,11.9375,1.6875],"tintindex":0,"rotation":0,"texture":"#0"},"north":{"uv":[9.0,1.25,9.6875,1.9375],"tintindex":0,"rotation":0,"texture":"#0"},"west":{"uv":[10.5,2.75,11.4375,3.4375],"tintindex":0,"rotation":0,"texture":"#0"},"up":{"uv":[6.9375,11.4375,6.25,10.5],"tintindex":0,"rotation":0,"texture":"#0"},"down":{"uv":[11.4375,6.5,10.75,7.4375],"tintindex":0,"rotation":0,"texture":"#0"}}}]}