{"textures":{"0":"modelengine:entity/soldierrelojspirti_demoniaco_gm"},"elements":[{"from":[5.6,14.6,2.6],"to":[10.4,15.800001,7.3999996],"faces":{"east":{"uv":[11.5,4.0,12.6875,4.3125],"tintindex":0,"rotation":0,"texture":"#0"},"south":{"uv":[5.5,11.5,6.6875,11.8125],"tintindex":0,"rotation":0,"texture":"#0"},"north":{"uv":[11.25,6.0,12.4375,6.3125],"tintindex":0,"rotation":0,"texture":"#0"},"west":{"uv":[11.5,6.5,12.6875,6.8125],"tintindex":0,"rotation":0,"texture":"#0"},"up":{"uv":[10.1875,1.1875,9.0,0.0],"tintindex":0,"rotation":0,"texture":"#0"},"down":{"uv":[10.6875,6.5,9.5,7.6875],"tintindex":0,"rotation":0,"texture":"#0"}}},{"from":[4.4,8.0,2.12],"to":[11.6,14.720001,8.24],"faces":{"east":{"uv":[2.0,5.75,3.5,7.4375],"tintindex":0,"rotation":0,"texture":"#0"},"south":{"uv":[4.0,3.75,5.8125,2.0],"tintindex":0,"rotation":0,"texture":"#0"},"north":{"uv":[2.0,4.0,3.8125,5.6875],"tintindex":0,"rotation":0,"texture":"#0"},"west":{"uv":[0.0,6.0,1.5,7.6875],"tintindex":0,"rotation":0,"texture":"#0"},"up":{"uv":[5.8125,5.25,4.0,3.75],"tintindex":0,"rotation":0,"texture":"#0"},"down":{"uv":[5.8125,5.25,4.0,6.75],"tintindex":0,"rotation":0,"texture":"#0"}}}]}