{"textures":{"0":"modelengine:entity/soldierrelojspirti_demoniaco_gm"},"elements":[{"from":[7.3,-1.1999998,5.3599997],"to":[9.9,8.24,8.48],"faces":{"east":{"uv":[7.0,3.5,7.75,5.875],"tintindex":0,"rotation":0,"texture":"#0"},"south":{"uv":[8.75,8.75,9.375,11.125],"tintindex":0,"rotation":0,"texture":"#0"},"north":{"uv":[8.75,6.25,9.375,8.625],"tintindex":0,"rotation":0,"texture":"#0"},"west":{"uv":[7.0,6.0,7.75,8.375],"tintindex":0,"rotation":0,"texture":"#0"},"up":{"uv":[11.875,8.25,11.25,7.5],"tintindex":0,"rotation":0,"texture":"#0"},"down":{"uv":[8.875,11.25,8.25,12.0],"tintindex":0,"rotation":0,"texture":"#0"}}}]}