{"textures":{"0":"modelengine:entity/soldierrelojspirti_demoniaco_gm"},"elements":[{"from":[6.1,-1.1999998,5.3599997],"to":[8.7,8.24,8.48],"faces":{"east":{"uv":[7.25,0.0,8.0,2.375],"tintindex":0,"rotation":0,"texture":"#0"},"south":{"uv":[9.5,4.0,10.125,6.375],"tintindex":0,"rotation":0,"texture":"#0"},"north":{"uv":[2.25,9.5,2.875,11.875],"tintindex":0,"rotation":0,"texture":"#0"},"west":{"uv":[1.5,7.5,2.25,9.875],"tintindex":0,"rotation":0,"texture":"#0"},"up":{"uv":[12.125,0.75,11.5,0.0],"tintindex":0,"rotation":0,"texture":"#0"},"down":{"uv":[12.125,1.75,11.5,2.5],"tintindex":0,"rotation":0,"texture":"#0"}}}]}