{"textures":{"0":"modelengine:entity/soldierrelojspirti_demoniaco_gm"},"elements":[{"from":[7.88,0.6799998,6.2],"to":[9.440001,1.8799996,8.36],"faces":{"east":{"uv":[11.75,11.0,12.3125,11.3125],"tintindex":0,"rotation":0,"texture":"#0"},"south":{"uv":[12.0,4.5,12.375,4.8125],"tintindex":0,"rotation":0,"texture":"#0"},"north":{"uv":[4.5,12.0,4.875,12.3125],"tintindex":0,"rotation":0,"texture":"#0"},"west":{"uv":[11.75,11.5,12.3125,11.8125],"tintindex":0,"rotation":0,"texture":"#0"},"up":{"uv":[8.625,10.5625,8.25,10.0],"tintindex":0,"rotation":0,"texture":"#0"},"down":{"uv":[7.375,10.5,7.0,11.0625],"tintindex":0,"rotation":0,"texture":"#0"}},"rotation":{"origin":[8.48,1.3400002,7.46],"angle":-22.5,"axis":"y"}},{"from":[6.56,0.6799998,5.84],"to":[8.12,2.0,8.36],"faces":{"east":{"uv":[11.0,11.5,11.625,11.8125],"tintindex":0,"rotation":0,"texture":"#0"},"south":{"uv":[12.0,5.5,12.375,5.8125],"tintindex":0,"rotation":0,"texture":"#0"},"north":{"uv":[5.5,12.0,5.875,12.3125],"tintindex":0,"rotation":0,"texture":"#0"},"west":{"uv":[0.0,11.75,0.625,12.0625],"tintindex":0,"rotation":0,"texture":"#0"},"up":{"uv":[1.875,7.375,1.5,6.75],"tintindex":0,"rotation":0,"texture":"#0"},"down":{"uv":[5.875,6.75,5.5,7.375],"tintindex":0,"rotation":0,"texture":"#0"}}},{"from":[6.1,0.67999935,7.7599998],"to":[8.7,9.0,10.88],"faces":{"east":{"uv":[8.75,4.0,9.5,6.0625],"tintindex":0,"rotation":0,"texture":"#0"},"south":{"uv":[7.5,10.0,8.125,12.0625],"tintindex":0,"rotation":0,"texture":"#0"},"north":{"uv":[1.5,10.0,2.125,12.0625],"tintindex":0,"rotation":0,"texture":"#0"},"west":{"uv":[4.75,8.75,5.5,10.8125],"tintindex":0,"rotation":0,"texture":"#0"},"up":{"uv":[12.125,3.25,11.5,2.5],"tintindex":0,"rotation":0,"texture":"#0"},"down":{"uv":[12.125,3.25,11.5,4.0],"tintindex":0,"rotation":0,"texture":"#0"}}},{"from":[5.3599997,0.6799998,6.2],"to":[6.92,1.8799996,8.36],"faces":{"east":{"uv":[12.0,0.75,12.5625,1.0625],"tintindex":0,"rotation":0,"texture":"#0"},"south":{"uv":[12.0,5.0,12.375,5.3125],"tintindex":0,"rotation":0,"texture":"#0"},"north":{"uv":[5.0,12.0,5.375,12.3125],"tintindex":0,"rotation":0,"texture":"#0"},"west":{"uv":[12.0,1.25,12.5625,1.5625],"tintindex":0,"rotation":0,"texture":"#0"},"up":{"uv":[7.375,11.8125,7.0,11.25],"tintindex":0,"rotation":0,"texture":"#0"},"down":{"uv":[9.375,11.25,9.0,11.8125],"tintindex":0,"rotation":0,"texture":"#0"}},"rotation":{"origin":[5.96,1.3400002,7.46],"angle":22.5,"axis":"y"}}]}