{"textures":{"0":"modelengine:entity/soldierrelojspirti_demoniaco_gm"},"elements":[{"from":[7.76,0.6799998,5.84],"to":[9.32,2.0,8.36],"faces":{"east":{"uv":[8.0,2.0,8.625,2.3125],"tintindex":0,"rotation":0,"texture":"#0"},"south":{"uv":[2.25,12.0,2.625,12.3125],"tintindex":0,"rotation":0,"texture":"#0"},"north":{"uv":[8.25,10.75,8.625,11.0625],"tintindex":0,"rotation":0,"texture":"#0"},"west":{"uv":[11.5,7.0,12.125,7.3125],"tintindex":0,"rotation":0,"texture":"#0"},"up":{"uv":[3.875,6.375,3.5,5.75],"tintindex":0,"rotation":0,"texture":"#0"},"down":{"uv":[1.875,6.0,1.5,6.625],"tintindex":0,"rotation":0,"texture":"#0"}}},{"from":[6.56,0.6799998,6.2],"to":[8.12,1.8799996,8.36],"faces":{"east":{"uv":[10.25,11.75,10.8125,12.0625],"tintindex":0,"rotation":0,"texture":"#0"},"south":{"uv":[3.25,12.0,3.625,12.3125],"tintindex":0,"rotation":0,"texture":"#0"},"north":{"uv":[2.75,12.0,3.125,12.3125],"tintindex":0,"rotation":0,"texture":"#0"},"west":{"uv":[11.75,10.5,12.3125,10.8125],"tintindex":0,"rotation":0,"texture":"#0"},"up":{"uv":[1.375,8.3125,1.0,7.75],"tintindex":0,"rotation":0,"texture":"#0"},"down":{"uv":[1.375,8.5,1.0,9.0625],"tintindex":0,"rotation":0,"texture":"#0"}},"rotation":{"origin":[7.16,1.3400002,7.46],"angle":22.5,"axis":"y"}},{"from":[7.3,0.67999935,7.7599998],"to":[9.9,9.0,10.88],"faces":{"east":{"uv":[3.25,8.75,4.0,10.8125],"tintindex":0,"rotation":0,"texture":"#0"},"south":{"uv":[9.5,9.75,10.125,11.8125],"tintindex":0,"rotation":0,"texture":"#0"},"north":{"uv":[9.75,1.25,10.375,3.3125],"tintindex":0,"rotation":0,"texture":"#0"},"west":{"uv":[4.0,8.75,4.75,10.8125],"tintindex":0,"rotation":0,"texture":"#0"},"up":{"uv":[11.875,9.0,11.25,8.25],"tintindex":0,"rotation":0,"texture":"#0"},"down":{"uv":[11.875,9.0,11.25,9.75],"tintindex":0,"rotation":0,"texture":"#0"}}},{"from":[9.08,0.6799998,6.2],"to":[10.64,1.8799996,8.36],"faces":{"east":{"uv":[0.75,11.75,1.3125,12.0625],"tintindex":0,"rotation":0,"texture":"#0"},"south":{"uv":[9.75,3.5,10.125,3.8125],"tintindex":0,"rotation":0,"texture":"#0"},"north":{"uv":[1.0,9.25,1.375,9.5625],"tintindex":0,"rotation":0,"texture":"#0"},"west":{"uv":[3.75,11.75,4.3125,12.0625],"tintindex":0,"rotation":0,"texture":"#0"},"up":{"uv":[7.625,3.0625,7.25,2.5],"tintindex":0,"rotation":0,"texture":"#0"},"down":{"uv":[6.875,7.5,6.5,8.0625],"tintindex":0,"rotation":0,"texture":"#0"}},"rotation":{"origin":[9.68,1.3400002,7.46],"angle":-22.5,"axis":"y"}}]}