{"textures":{"0":"modelengine:entity/orc_two"},"elements":[{"from":[3.8439999,7.264001,5.264],"to":[12.156,14.048,10.736],"faces":{"east":{"uv":[0.0,2.75,0.625,3.5],"tintindex":0,"rotation":0,"texture":"#0"},"south":{"uv":[2.25,2.75,3.25,3.5],"tintindex":0,"rotation":0,"texture":"#0"},"north":{"uv":[0.625,2.75,1.625,3.5],"tintindex":0,"rotation":0,"texture":"#0"},"west":{"uv":[1.625,2.75,2.25,3.5],"tintindex":0,"rotation":0,"texture":"#0"},"up":{"uv":[1.625,2.75,0.625,2.125],"tintindex":0,"rotation":0,"texture":"#0"},"down":{"uv":[2.625,2.125,1.625,2.75],"tintindex":0,"rotation":0,"texture":"#0"}}},{"from":[5.998,3.7168007,2.262],"to":[10.002,8.820801,5.948],"faces":{"east":{"uv":[10.125,4.0,10.5,4.625],"tintindex":0,"rotation":0,"texture":"#0"},"south":{"uv":[11.375,4.0,11.875,4.625],"tintindex":0,"rotation":0,"texture":"#0"},"north":{"uv":[10.5,4.0,11.0,4.625],"tintindex":0,"rotation":0,"texture":"#0"},"west":{"uv":[11.0,4.0,11.375,4.625],"tintindex":0,"rotation":0,"texture":"#0"},"up":{"uv":[11.0,4.0,10.5,3.625],"tintindex":0,"rotation":0,"texture":"#0"},"down":{"uv":[11.5,3.625,11.0,4.0],"tintindex":0,"rotation":0,"texture":"#0"}}},{"from":[3.0150175,4.203698,4.0372],"to":[6.0406175,11.229298,4.0372],"faces":{"south":{"uv":[5.0,11.375,5.375,12.25],"tintindex":0,"rotation":0,"texture":"#0"},"north":{"uv":[4.625,11.375,5.0,12.25],"tintindex":0,"rotation":0,"texture":"#0"}},"rotation":{"origin":[5.327818,6.7164974,4.0372],"angle":45.0,"axis":"z"}},{"from":[5.0221243,6.700754,3.4372],"to":[8.047725,13.726355,3.4372],"faces":{"south":{"uv":[5.0,11.375,5.375,12.25],"tintindex":0,"rotation":0,"texture":"#0"},"north":{"uv":[4.625,11.375,5.0,12.25],"tintindex":0,"rotation":0,"texture":"#0"}}},{"from":[1.0732001,16.5664,11.0328],"to":[14.9268,22.048,13.1464],"faces":{"east":{"uv":[0.0,0.125,0.125,0.75],"tintindex":0,"rotation":0,"texture":"#0"},"south":{"uv":[1.875,0.125,3.5,0.75],"tintindex":0,"rotation":0,"texture":"#0"},"north":{"uv":[0.125,0.125,1.75,0.75],"tintindex":0,"rotation":0,"texture":"#0"},"west":{"uv":[1.75,0.125,1.875,0.75],"tintindex":0,"rotation":0,"texture":"#0"},"up":{"uv":[1.75,0.125,0.125,0.0],"tintindex":0,"rotation":0,"texture":"#0"},"down":{"uv":[3.375,0.0,1.75,0.125],"tintindex":0,"rotation":0,"texture":"#0"}}},{"from":[8.759677,4.740696,3.8372002],"to":[11.785276,11.766296,3.8372002],"faces":{"south":{"uv":[5.75,11.5,6.125,12.375],"tintindex":0,"rotation":0,"texture":"#0"},"north":{"uv":[5.375,11.5,5.75,12.375],"tintindex":0,"rotation":0,"texture":"#0"}},"rotation":{"origin":[9.672477,8.053495,3.8372002],"angle":-22.5,"axis":"z"}},{"from":[7.359677,5.6406956,3.8372002],"to":[10.385277,12.666296,3.8372002],"faces":{"south":{"uv":[5.75,11.5,6.125,12.375],"tintindex":0,"rotation":0,"texture":"#0"},"north":{"uv":[5.375,11.5,5.75,12.375],"tintindex":0,"rotation":0,"texture":"#0"}}},{"from":[3.7221246,6.5007544,3.8372002],"to":[6.7477245,13.526354,3.8372002],"faces":{"south":{"uv":[5.0,11.375,5.375,12.25],"tintindex":0,"rotation":0,"texture":"#0"},"north":{"uv":[4.625,11.375,5.0,12.25],"tintindex":0,"rotation":0,"texture":"#0"}},"rotation":{"origin":[6.0349245,7.913553,3.8372002],"angle":22.5,"axis":"z"}},{"from":[8.115018,8.003698,4.0372],"to":[11.140617,15.029299,4.0372],"faces":{"south":{"uv":[5.75,11.375,6.125,12.25],"tintindex":0,"rotation":0,"texture":"#0"},"north":{"uv":[5.375,11.375,5.75,12.25],"tintindex":0,"rotation":0,"texture":"#0"}},"rotation":{"origin":[5.327818,6.7164974,4.0372],"angle":-45.0,"axis":"z"}},{"from":[1.7071999,5.490401,4.4432],"to":[14.292801,7.9999995,11.556801],"faces":{"east":{"uv":[0.0,6.125,0.75,6.375],"tintindex":0,"rotation":0,"texture":"#0"},"south":{"uv":[3.0,6.125,4.5,6.375],"tintindex":0,"rotation":0,"texture":"#0"},"north":{"uv":[0.75,6.125,2.25,6.375],"tintindex":0,"rotation":0,"texture":"#0"},"west":{"uv":[2.25,6.125,3.0,6.375],"tintindex":0,"rotation":0,"texture":"#0"},"up":{"uv":[2.25,6.125,0.75,5.375],"tintindex":0,"rotation":0,"texture":"#0"},"down":{"uv":[3.75,5.375,2.25,6.125],"tintindex":0,"rotation":0,"texture":"#0"}}},{"from":[2.0732002,12.566401,4.0328],"to":[13.9268,20.048,11.1464],"faces":{"east":{"uv":[4.375,2.625,5.125,3.5],"tintindex":0,"rotation":0,"texture":"#0"},"south":{"uv":[7.25,2.625,8.625,3.5],"tintindex":0,"rotation":0,"texture":"#0"},"north":{"uv":[5.125,2.625,6.5,3.5],"tintindex":0,"rotation":0,"texture":"#0"},"west":{"uv":[6.5,2.625,7.25,3.5],"tintindex":0,"rotation":0,"texture":"#0"},"up":{"uv":[6.5,2.625,5.125,1.875],"tintindex":0,"rotation":0,"texture":"#0"},"down":{"uv":[7.875,1.875,6.5,2.625],"tintindex":0,"rotation":0,"texture":"#0"}}},{"from":[1.0732001,16.5664,11.0328],"to":[14.9268,22.048,13.1464],"faces":{"east":{"uv":[0.0,0.125,0.125,0.75],"tintindex":0,"rotation":0,"texture":"#0"},"south":{"uv":[1.875,0.125,3.5,0.75],"tintindex":0,"rotation":0,"texture":"#0"},"north":{"uv":[0.125,0.125,1.75,0.75],"tintindex":0,"rotation":0,"texture":"#0"},"west":{"uv":[1.75,0.125,1.875,0.75],"tintindex":0,"rotation":0,"texture":"#0"},"up":{"uv":[1.75,0.125,0.125,0.0],"tintindex":0,"rotation":0,"texture":"#0"},"down":{"uv":[3.375,0.0,1.75,0.125],"tintindex":0,"rotation":0,"texture":"#0"}}},{"from":[-0.9268004,18.5664,5.0328],"to":[16.926802,22.648,12.1464],"faces":{"east":{"uv":[0.0,4.875,0.75,5.25],"tintindex":0,"rotation":0,"texture":"#0"},"south":{"uv":[3.625,4.875,5.75,5.25],"tintindex":0,"rotation":0,"texture":"#0"},"north":{"uv":[0.75,4.875,2.875,5.25],"tintindex":0,"rotation":0,"texture":"#0"},"west":{"uv":[2.875,4.875,3.625,5.25],"tintindex":0,"rotation":0,"texture":"#0"},"up":{"uv":[2.875,4.875,0.75,4.125],"tintindex":0,"rotation":0,"texture":"#0"},"down":{"uv":[5.0,4.125,2.875,4.875],"tintindex":0,"rotation":0,"texture":"#0"}}}],"display":{"gui":{"rotation":[30,225,0]}}}