{"textures":{"0":"modelengine:entity/orc_two"},"elements":[{"from":[4.352,0.93200046,5.492],"to":[9.318,8.228,10.508],"faces":{"east":{"uv":[0.0,8.75,0.5,9.5],"tintindex":0,"rotation":0,"texture":"#0"},"south":{"uv":[1.5,8.75,2.0,9.5],"tintindex":0,"rotation":0,"texture":"#0"},"north":{"uv":[0.5,8.75,1.0,9.5],"tintindex":0,"rotation":0,"texture":"#0"},"west":{"uv":[1.0,8.75,1.5,9.5],"tintindex":0,"rotation":0,"texture":"#0"},"up":{"uv":[1.0,8.75,0.5,8.25],"tintindex":0,"rotation":0,"texture":"#0"},"down":{"uv":[1.5,8.25,1.0,8.75],"tintindex":0,"rotation":0,"texture":"#0"}}}],"display":{"gui":{"rotation":[30,225,0]}}}