{"textures":{"0":"modelengine:entity/orc_two"},"elements":[{"from":[6.682,0.93200046,5.492],"to":[11.598,8.228,10.508],"faces":{"east":{"uv":[8.0,4.125,8.5,4.875],"tintindex":0,"rotation":0,"texture":"#0"},"south":{"uv":[9.5,4.125,10.0,4.875],"tintindex":0,"rotation":0,"texture":"#0"},"north":{"uv":[8.5,4.125,9.0,4.875],"tintindex":0,"rotation":0,"texture":"#0"},"west":{"uv":[9.0,4.125,9.5,4.875],"tintindex":0,"rotation":0,"texture":"#0"},"up":{"uv":[9.0,4.125,8.5,3.625],"tintindex":0,"rotation":0,"texture":"#0"},"down":{"uv":[9.5,3.625,9.0,4.125],"tintindex":0,"rotation":0,"texture":"#0"}}}],"display":{"gui":{"rotation":[30,225,0]}}}