{"textures":{"0":"modelengine:entity/orc_two"},"elements":[{"from":[5.2120004,1.1599998,4.9904003],"to":[9.684,7.1639996,10.4624],"faces":{"east":{"uv":[7.75,7.875,8.375,8.625],"tintindex":0,"rotation":0,"texture":"#0"},"south":{"uv":[9.5,7.875,10.0,8.625],"tintindex":0,"rotation":0,"texture":"#0"},"north":{"uv":[8.375,7.875,8.875,8.625],"tintindex":0,"rotation":0,"texture":"#0"},"west":{"uv":[8.875,7.875,9.5,8.625],"tintindex":0,"rotation":0,"texture":"#0"},"up":{"uv":[8.875,7.875,8.375,7.25],"tintindex":0,"rotation":0,"texture":"#0"},"down":{"uv":[9.375,7.25,8.875,7.875],"tintindex":0,"rotation":0,"texture":"#0"}}},{"from":[-3.157999,8.296,4.3459997],"to":[3.8519998,12.386,10.086],"faces":{"east":{"uv":[11.75,5.875,12.375,6.375],"tintindex":0,"rotation":0,"texture":"#0"},"south":{"uv":[13.875,5.875,14.75,6.375],"tintindex":0,"rotation":0,"texture":"#0"},"north":{"uv":[12.375,5.875,13.25,6.375],"tintindex":0,"rotation":0,"texture":"#0"},"west":{"uv":[13.25,5.875,13.875,6.375],"tintindex":0,"rotation":0,"texture":"#0"},"up":{"uv":[13.25,5.875,12.375,5.25],"tintindex":0,"rotation":0,"texture":"#0"},"down":{"uv":[14.125,5.25,13.25,5.875],"tintindex":0,"rotation":0,"texture":"#0"}}},{"from":[3.442,3.696001,2.946],"to":[9.852,12.486,11.686],"faces":{"east":{"uv":[11.875,3.75,12.875,4.75],"tintindex":0,"rotation":0,"texture":"#0"},"south":{"uv":[14.625,3.75,15.375,4.75],"tintindex":0,"rotation":0,"texture":"#0"},"north":{"uv":[12.875,3.75,13.625,4.75],"tintindex":0,"rotation":0,"texture":"#0"},"west":{"uv":[13.625,3.75,14.625,4.75],"tintindex":0,"rotation":0,"texture":"#0"},"up":{"uv":[13.625,3.75,12.875,2.75],"tintindex":0,"rotation":0,"texture":"#0"},"down":{"uv":[14.375,2.75,13.625,3.75],"tintindex":0,"rotation":0,"texture":"#0"}}},{"from":[4.442,3.896,3.946],"to":[9.852,11.686001,10.686],"faces":{"east":{"uv":[2.875,7.25,3.625,8.125],"tintindex":0,"rotation":0,"texture":"#0"},"south":{"uv":[5.0,7.25,5.625,8.125],"tintindex":0,"rotation":0,"texture":"#0"},"north":{"uv":[3.625,7.25,4.25,8.125],"tintindex":0,"rotation":0,"texture":"#0"},"west":{"uv":[4.25,7.25,5.0,8.125],"tintindex":0,"rotation":0,"texture":"#0"},"up":{"uv":[4.25,7.25,3.625,6.5],"tintindex":0,"rotation":0,"texture":"#0"},"down":{"uv":[4.875,6.5,4.25,7.25],"tintindex":0,"rotation":0,"texture":"#0"}}}],"display":{"gui":{"rotation":[30,225,0]}}}