{"textures":{"0":"modelengine:entity/orc_two"},"elements":[{"from":[6.062,3.896,3.946],"to":[11.472,11.686001,10.686],"faces":{"east":{"uv":[0.0,7.25,0.75,8.125],"tintindex":0,"rotation":0,"texture":"#0"},"south":{"uv":[2.125,7.25,2.75,8.125],"tintindex":0,"rotation":0,"texture":"#0"},"north":{"uv":[0.75,7.25,1.375,8.125],"tintindex":0,"rotation":0,"texture":"#0"},"west":{"uv":[1.375,7.25,2.125,8.125],"tintindex":0,"rotation":0,"texture":"#0"},"up":{"uv":[1.375,7.25,0.75,6.5],"tintindex":0,"rotation":0,"texture":"#0"},"down":{"uv":[2.0,6.5,1.375,7.25],"tintindex":0,"rotation":0,"texture":"#0"}}},{"from":[6.316,1.1599998,4.0404],"to":[10.788,5.264,10.4624],"faces":{"east":{"uv":[5.75,7.25,6.5,7.75],"tintindex":0,"rotation":0,"texture":"#0"},"south":{"uv":[7.75,7.25,8.25,7.75],"tintindex":0,"rotation":0,"texture":"#0"},"north":{"uv":[6.5,7.25,7.0,7.75],"tintindex":0,"rotation":0,"texture":"#0"},"west":{"uv":[7.0,7.25,7.75,7.75],"tintindex":0,"rotation":0,"texture":"#0"},"up":{"uv":[7.0,7.25,6.5,6.5],"tintindex":0,"rotation":0,"texture":"#0"},"down":{"uv":[7.5,6.5,7.0,7.25],"tintindex":0,"rotation":0,"texture":"#0"}}},{"from":[6.062,3.696001,2.946],"to":[12.472,12.486,11.686],"faces":{"east":{"uv":[12.0,1.0,13.0,2.0],"tintindex":0,"rotation":0,"texture":"#0"},"south":{"uv":[14.75,1.0,15.5,2.0],"tintindex":0,"rotation":0,"texture":"#0"},"north":{"uv":[13.0,1.0,13.75,2.0],"tintindex":0,"rotation":0,"texture":"#0"},"west":{"uv":[13.75,1.0,14.75,2.0],"tintindex":0,"rotation":0,"texture":"#0"},"up":{"uv":[13.75,1.0,13.0,0.0],"tintindex":0,"rotation":0,"texture":"#0"},"down":{"uv":[14.5,0.0,13.75,1.0],"tintindex":0,"rotation":0,"texture":"#0"}}},{"from":[12.062,7.396,4.446],"to":[19.071999,11.486,10.186],"faces":{"east":{"uv":[11.75,7.25,12.375,7.75],"tintindex":0,"rotation":0,"texture":"#0"},"south":{"uv":[13.875,7.25,14.75,7.75],"tintindex":0,"rotation":0,"texture":"#0"},"north":{"uv":[12.375,7.25,13.25,7.75],"tintindex":0,"rotation":0,"texture":"#0"},"west":{"uv":[13.25,7.25,13.875,7.75],"tintindex":0,"rotation":0,"texture":"#0"},"up":{"uv":[13.25,7.25,12.375,6.625],"tintindex":0,"rotation":0,"texture":"#0"},"down":{"uv":[14.125,6.625,13.25,7.25],"tintindex":0,"rotation":0,"texture":"#0"}}}],"display":{"gui":{"rotation":[30,225,0]}}}