{"textures":{"0":"modelengine:entity/orc_two"},"elements":[{"from":[6.8439903,1.3119998,5.0118],"to":[8.67109,2.8607998,6.3912],"faces":{"east":{"uv":[10.0,1.25,10.125,1.375],"tintindex":0,"rotation":0,"texture":"#0"},"south":{"uv":[10.375,1.25,10.5,1.375],"tintindex":0,"rotation":0,"texture":"#0"},"north":{"uv":[10.125,1.25,10.25,1.375],"tintindex":0,"rotation":0,"texture":"#0"},"west":{"uv":[10.25,1.25,10.375,1.375],"tintindex":0,"rotation":0,"texture":"#0"},"up":{"uv":[10.25,1.25,10.125,1.125],"tintindex":0,"rotation":0,"texture":"#0"},"down":{"uv":[10.375,1.125,10.25,1.25],"tintindex":0,"rotation":0,"texture":"#0"}}},{"from":[6.0699997,1.3119998,6.67],"to":[9.93,8.752,11.23],"faces":{"east":{"uv":[7.0,9.25,7.5,10.125],"tintindex":0,"rotation":0,"texture":"#0"},"south":{"uv":[8.375,9.25,8.75,10.125],"tintindex":0,"rotation":0,"texture":"#0"},"north":{"uv":[7.5,9.25,7.875,10.125],"tintindex":0,"rotation":0,"texture":"#0"},"west":{"uv":[7.875,9.25,8.375,10.125],"tintindex":0,"rotation":0,"texture":"#0"},"up":{"uv":[7.875,9.25,7.5,8.75],"tintindex":0,"rotation":0,"texture":"#0"},"down":{"uv":[8.25,8.75,7.875,9.25],"tintindex":0,"rotation":0,"texture":"#0"}}},{"from":[8.65899,1.3119998,5.4958],"to":[10.48609,2.8607998,6.8752003],"faces":{"east":{"uv":[10.0,1.25,10.125,1.375],"tintindex":0,"rotation":0,"texture":"#0"},"south":{"uv":[10.375,1.25,10.5,1.375],"tintindex":0,"rotation":0,"texture":"#0"},"north":{"uv":[10.125,1.25,10.25,1.375],"tintindex":0,"rotation":0,"texture":"#0"},"west":{"uv":[10.25,1.25,10.375,1.375],"tintindex":0,"rotation":0,"texture":"#0"},"up":{"uv":[10.25,1.25,10.125,1.125],"tintindex":0,"rotation":0,"texture":"#0"},"down":{"uv":[10.375,1.125,10.25,1.25],"tintindex":0,"rotation":0,"texture":"#0"}},"rotation":{"origin":[9.57254,2.0864,6.1855],"angle":-22.5,"axis":"y"}},{"from":[4.9079895,1.3119998,5.8588],"to":[6.7350903,2.8607998,10.2382],"faces":{"east":{"uv":[9.625,1.25,10.125,1.375],"tintindex":0,"rotation":0,"texture":"#0"},"south":{"uv":[10.75,1.25,10.875,1.375],"tintindex":0,"rotation":0,"texture":"#0"},"north":{"uv":[10.125,1.25,10.25,1.375],"tintindex":0,"rotation":0,"texture":"#0"},"west":{"uv":[10.25,1.25,10.75,1.375],"tintindex":0,"rotation":0,"texture":"#0"},"up":{"uv":[10.25,1.25,10.125,0.75],"tintindex":0,"rotation":0,"texture":"#0"},"down":{"uv":[10.375,0.75,10.25,1.25],"tintindex":0,"rotation":0,"texture":"#0"}},"rotation":{"origin":[5.82154,2.0864,6.0645],"angle":22.5,"axis":"y"}}],"display":{"gui":{"rotation":[30,225,0]}}}