{"textures":{"0":"modelengine:entity/orc_two"},"elements":[{"from":[8.339999,3.3725662,6.2685013],"to":[12.129999,8.212566,10.108501],"faces":{"east":{"uv":[10.125,7.75,10.5,8.25],"tintindex":0,"rotation":0,"texture":"#0"},"south":{"uv":[11.25,7.75,11.625,8.25],"tintindex":0,"rotation":0,"texture":"#0"},"north":{"uv":[10.5,7.75,10.875,8.25],"tintindex":0,"rotation":0,"texture":"#0"},"west":{"uv":[10.875,7.75,11.25,8.25],"tintindex":0,"rotation":0,"texture":"#0"},"up":{"uv":[10.875,7.75,10.5,7.375],"tintindex":0,"rotation":0,"texture":"#0"},"down":{"uv":[11.25,7.375,10.875,7.75],"tintindex":0,"rotation":0,"texture":"#0"}}},{"from":[7.974,-1.3634338,4.9525013],"to":[12.445999,3.3725662,10.424501],"faces":{"east":{"uv":[5.125,8.5,5.75,9.0],"tintindex":0,"rotation":0,"texture":"#0"},"south":{"uv":[6.875,8.5,7.375,9.0],"tintindex":0,"rotation":0,"texture":"#0"},"north":{"uv":[5.75,8.5,6.25,9.0],"tintindex":0,"rotation":0,"texture":"#0"},"west":{"uv":[6.25,8.5,6.875,9.0],"tintindex":0,"rotation":0,"texture":"#0"},"up":{"uv":[6.25,8.5,5.75,7.875],"tintindex":0,"rotation":0,"texture":"#0"},"down":{"uv":[6.75,7.875,6.25,8.5],"tintindex":0,"rotation":0,"texture":"#0"}}}],"display":{"gui":{"rotation":[30,225,0]}}}