{"textures":{"0":"modelengine:entity/orc_two"},"elements":[{"from":[6.02,1.3119998,6.67],"to":[9.93,8.752,11.23],"faces":{"east":{"uv":[8.875,9.25,9.375,10.125],"tintindex":0,"rotation":0,"texture":"#0"},"south":{"uv":[10.25,9.25,10.625,10.125],"tintindex":0,"rotation":0,"texture":"#0"},"north":{"uv":[9.375,9.25,9.75,10.125],"tintindex":0,"rotation":0,"texture":"#0"},"west":{"uv":[9.75,9.25,10.25,10.125],"tintindex":0,"rotation":0,"texture":"#0"},"up":{"uv":[9.75,9.25,9.375,8.75],"tintindex":0,"rotation":0,"texture":"#0"},"down":{"uv":[10.125,8.75,9.75,9.25],"tintindex":0,"rotation":0,"texture":"#0"}}},{"from":[5.87691,1.3119998,5.3747997],"to":[7.70401,2.8607998,6.7542],"faces":{"east":{"uv":[10.0,1.25,10.125,1.375],"tintindex":0,"rotation":0,"texture":"#0"},"south":{"uv":[10.375,1.25,10.5,1.375],"tintindex":0,"rotation":0,"texture":"#0"},"north":{"uv":[10.125,1.25,10.25,1.375],"tintindex":0,"rotation":0,"texture":"#0"},"west":{"uv":[10.25,1.25,10.375,1.375],"tintindex":0,"rotation":0,"texture":"#0"},"up":{"uv":[10.25,1.25,10.125,1.125],"tintindex":0,"rotation":0,"texture":"#0"},"down":{"uv":[10.375,1.125,10.25,1.25],"tintindex":0,"rotation":0,"texture":"#0"}},"rotation":{"origin":[6.79046,2.0864,6.0645],"angle":22.5,"axis":"y"}},{"from":[7.81291,1.3119998,5.0118],"to":[9.64001,2.8607998,6.3912],"faces":{"east":{"uv":[10.0,1.25,10.125,1.375],"tintindex":0,"rotation":0,"texture":"#0"},"south":{"uv":[10.375,1.25,10.5,1.375],"tintindex":0,"rotation":0,"texture":"#0"},"north":{"uv":[10.125,1.25,10.25,1.375],"tintindex":0,"rotation":0,"texture":"#0"},"west":{"uv":[10.25,1.25,10.375,1.375],"tintindex":0,"rotation":0,"texture":"#0"},"up":{"uv":[10.25,1.25,10.125,1.125],"tintindex":0,"rotation":0,"texture":"#0"},"down":{"uv":[10.375,1.125,10.25,1.25],"tintindex":0,"rotation":0,"texture":"#0"}}},{"from":[9.62791,1.3119998,5.8588],"to":[11.45501,2.8607998,10.2382],"faces":{"east":{"uv":[9.625,1.25,10.125,1.375],"tintindex":0,"rotation":0,"texture":"#0"},"south":{"uv":[10.75,1.25,10.875,1.375],"tintindex":0,"rotation":0,"texture":"#0"},"north":{"uv":[10.125,1.25,10.25,1.375],"tintindex":0,"rotation":0,"texture":"#0"},"west":{"uv":[10.25,1.25,10.75,1.375],"tintindex":0,"rotation":0,"texture":"#0"},"up":{"uv":[10.25,1.25,10.125,0.75],"tintindex":0,"rotation":0,"texture":"#0"},"down":{"uv":[10.375,0.75,10.25,1.25],"tintindex":0,"rotation":0,"texture":"#0"}},"rotation":{"origin":[10.54146,2.0864,6.1855],"angle":-22.5,"axis":"y"}}],"display":{"gui":{"rotation":[30,225,0]}}}