{"textures":{"0":"modelengine:entity/orc_two"},"elements":[{"from":[3.5540004,-1.458435,4.9525013],"to":[8.026,3.277565,10.424501],"faces":{"east":{"uv":[7.75,0.625,8.375,1.125],"tintindex":0,"rotation":0,"texture":"#0"},"south":{"uv":[9.5,0.625,10.0,1.125],"tintindex":0,"rotation":0,"texture":"#0"},"north":{"uv":[8.375,0.625,8.875,1.125],"tintindex":0,"rotation":0,"texture":"#0"},"west":{"uv":[8.875,0.625,9.5,1.125],"tintindex":0,"rotation":0,"texture":"#0"},"up":{"uv":[8.875,0.625,8.375,0.0],"tintindex":0,"rotation":0,"texture":"#0"},"down":{"uv":[9.375,0.0,8.875,0.625],"tintindex":0,"rotation":0,"texture":"#0"}}},{"from":[3.8700004,3.277565,5.3185015],"to":[7.71,8.117565,10.108501],"faces":{"east":{"uv":[5.625,10.5,6.125,11.0],"tintindex":0,"rotation":0,"texture":"#0"},"south":{"uv":[7.0,10.5,7.375,11.0],"tintindex":0,"rotation":0,"texture":"#0"},"north":{"uv":[6.125,10.5,6.5,11.0],"tintindex":0,"rotation":0,"texture":"#0"},"west":{"uv":[6.5,10.5,7.0,11.0],"tintindex":0,"rotation":0,"texture":"#0"},"up":{"uv":[6.5,10.5,6.125,10.0],"tintindex":0,"rotation":0,"texture":"#0"},"down":{"uv":[6.875,10.0,6.5,10.5],"tintindex":0,"rotation":0,"texture":"#0"}}}],"display":{"gui":{"rotation":[30,225,0]}}}