{"textures":{"0":"modelengine:entity/orc_two"},"elements":[{"from":[8.556262,8.20383,-11.041632],"to":[11.5818615,15.229429,-11.041632],"faces":{"south":{"uv":[5.0,11.375,5.375,12.25],"tintindex":0,"rotation":0,"texture":"#0"},"north":{"uv":[4.625,11.375,5.0,12.25],"tintindex":0,"rotation":0,"texture":"#0"}},"rotation":{"origin":[6.069062,10.31663,-11.041632],"angle":-45.0,"axis":"x"}},{"from":[7.3653336,7.7391357,-7.4412956],"to":[9.401334,9.775136,22.756706],"faces":{"east":{"uv":[0.0,3.75,3.75,4.0],"tintindex":0,"rotation":0,"texture":"#0"},"south":{"uv":[7.75,3.75,8.0,4.0],"tintindex":0,"rotation":0,"texture":"#0"},"north":{"uv":[3.75,3.75,4.0,4.0],"tintindex":0,"rotation":0,"texture":"#0"},"west":{"uv":[4.0,3.75,7.75,4.0],"tintindex":0,"rotation":0,"texture":"#0"},"up":{"uv":[4.0,3.75,3.75,0.0],"tintindex":0,"rotation":0,"texture":"#0"},"down":{"uv":[4.25,0.0,4.0,3.75],"tintindex":0,"rotation":0,"texture":"#0"}}},{"from":[10.665334,7.339136,-13.041294],"to":[12.401334,9.075136,-8.843294],"faces":{"east":{"uv":[2.125,7.0,2.625,7.125],"tintindex":0,"rotation":0,"texture":"#0"},"south":{"uv":[3.25,7.0,3.375,7.125],"tintindex":0,"rotation":0,"texture":"#0"},"north":{"uv":[2.625,7.0,2.75,7.125],"tintindex":0,"rotation":0,"texture":"#0"},"west":{"uv":[2.75,7.0,3.25,7.125],"tintindex":0,"rotation":0,"texture":"#0"},"up":{"uv":[2.75,7.0,2.625,6.5],"tintindex":0,"rotation":0,"texture":"#0"},"down":{"uv":[2.875,6.5,2.75,7.0],"tintindex":0,"rotation":0,"texture":"#0"}},"rotation":{"origin":[8.433334,6.407136,-7.8422947],"angle":22.5,"axis":"x"}},{"from":[10.665334,5.339136,-8.041294],"to":[12.401334,9.075136,-5.843295],"faces":{"east":{"uv":[3.875,5.625,4.125,6.0],"tintindex":0,"rotation":0,"texture":"#0"},"south":{"uv":[4.5,5.625,4.625,6.0],"tintindex":0,"rotation":0,"texture":"#0"},"north":{"uv":[4.125,5.625,4.25,6.0],"tintindex":0,"rotation":0,"texture":"#0"},"west":{"uv":[4.25,5.625,4.5,6.0],"tintindex":0,"rotation":0,"texture":"#0"},"up":{"uv":[4.25,5.625,4.125,5.375],"tintindex":0,"rotation":0,"texture":"#0"},"down":{"uv":[4.375,5.375,4.25,5.625],"tintindex":0,"rotation":0,"texture":"#0"}},"rotation":{"origin":[8.433334,6.407136,-7.8422947],"angle":45.0,"axis":"x"}},{"from":[4.3653336,7.339136,-13.041294],"to":[6.1013336,9.075136,-8.843294],"faces":{"east":{"uv":[2.125,7.0,2.625,7.125],"tintindex":0,"rotation":0,"texture":"#0"},"south":{"uv":[3.25,7.0,3.375,7.125],"tintindex":0,"rotation":0,"texture":"#0"},"north":{"uv":[2.625,7.0,2.75,7.125],"tintindex":0,"rotation":0,"texture":"#0"},"west":{"uv":[2.75,7.0,3.25,7.125],"tintindex":0,"rotation":0,"texture":"#0"},"up":{"uv":[2.75,7.0,2.625,6.5],"tintindex":0,"rotation":0,"texture":"#0"},"down":{"uv":[2.875,6.5,2.75,7.0],"tintindex":0,"rotation":0,"texture":"#0"}},"rotation":{"origin":[8.433334,6.407136,-7.8422947],"angle":22.5,"axis":"x"}},{"from":[4.556262,6.80383,-11.041632],"to":[7.5818624,13.82943,-11.041632],"faces":{"south":{"uv":[5.0,11.375,5.375,12.25],"tintindex":0,"rotation":0,"texture":"#0"},"north":{"uv":[4.625,11.375,5.0,12.25],"tintindex":0,"rotation":0,"texture":"#0"}},"rotation":{"origin":[6.069062,10.31663,-11.041632],"angle":-45.0,"axis":"x"}},{"from":[6.4875374,8.40383,-10.604328],"to":[9.513137,15.42943,-10.604328],"faces":{"south":{"uv":[5.0,11.375,5.375,12.25],"tintindex":0,"rotation":0,"texture":"#0"},"north":{"uv":[4.625,11.375,5.0,12.25],"tintindex":0,"rotation":0,"texture":"#0"}},"rotation":{"origin":[10.300337,10.31663,-10.804329],"angle":-45.0,"axis":"x"}},{"from":[2.3562622,6.4038296,-11.041632],"to":[5.3818617,13.42943,-11.041632],"faces":{"south":{"uv":[5.0,11.375,5.375,12.25],"tintindex":0,"rotation":0,"texture":"#0"},"north":{"uv":[4.625,11.375,5.0,12.25],"tintindex":0,"rotation":0,"texture":"#0"}},"rotation":{"origin":[6.069062,10.31663,-11.041632],"angle":-45.0,"axis":"x"}},{"from":[9.756262,10.10383,-11.041632],"to":[12.781862,17.12943,-11.041632],"faces":{"south":{"uv":[5.0,11.375,5.375,12.25],"tintindex":0,"rotation":0,"texture":"#0"},"north":{"uv":[4.625,11.375,5.0,12.25],"tintindex":0,"rotation":0,"texture":"#0"}},"rotation":{"origin":[6.069062,10.31663,-11.041632],"angle":-45.0,"axis":"x"}},{"from":[6.0653334,6.039136,-9.441296],"to":[10.801334,10.775136,-5.2432947],"faces":{"east":{"uv":[8.75,3.0,9.25,3.5],"tintindex":0,"rotation":0,"texture":"#0"},"south":{"uv":[10.25,3.0,10.75,3.5],"tintindex":0,"rotation":0,"texture":"#0"},"north":{"uv":[9.25,3.0,9.75,3.5],"tintindex":0,"rotation":0,"texture":"#0"},"west":{"uv":[9.75,3.0,10.25,3.5],"tintindex":0,"rotation":0,"texture":"#0"},"up":{"uv":[9.75,3.0,9.25,2.5],"tintindex":0,"rotation":0,"texture":"#0"},"down":{"uv":[10.25,2.5,9.75,3.0],"tintindex":0,"rotation":0,"texture":"#0"}}},{"from":[4.3653336,5.339136,-8.041294],"to":[6.1013336,9.075136,-5.843295],"faces":{"east":{"uv":[6.125,9.375,6.375,9.75],"tintindex":0,"rotation":0,"texture":"#0"},"south":{"uv":[6.75,9.375,6.875,9.75],"tintindex":0,"rotation":0,"texture":"#0"},"north":{"uv":[6.375,9.375,6.5,9.75],"tintindex":0,"rotation":0,"texture":"#0"},"west":{"uv":[6.5,9.375,6.75,9.75],"tintindex":0,"rotation":0,"texture":"#0"},"up":{"uv":[6.5,9.375,6.375,9.125],"tintindex":0,"rotation":0,"texture":"#0"},"down":{"uv":[6.625,9.125,6.5,9.375],"tintindex":0,"rotation":0,"texture":"#0"}},"rotation":{"origin":[8.433334,6.407136,-7.8422947],"angle":45.0,"axis":"x"}}],"display":{"gui":{"rotation":[30,225,0]}}}