{"textures":{"0":"modelengine:entity/orc_two"},"elements":[{"from":[9.508,9.13888,2.6495996],"to":[11.18,11.56328,4.3216],"faces":{"east":{"uv":[0.0,4.25,0.125,4.5],"tintindex":0,"rotation":0,"texture":"#0"},"south":{"uv":[0.375,4.25,0.5,4.5],"tintindex":0,"rotation":0,"texture":"#0"},"north":{"uv":[0.125,4.25,0.25,4.5],"tintindex":0,"rotation":0,"texture":"#0"},"west":{"uv":[0.25,4.25,0.375,4.5],"tintindex":0,"rotation":0,"texture":"#0"},"up":{"uv":[0.25,4.25,0.125,4.125],"tintindex":0,"rotation":0,"texture":"#0"},"down":{"uv":[0.375,4.125,0.25,4.25],"tintindex":0,"rotation":0,"texture":"#0"}},"rotation":{"origin":[8.0,11.410881,3.0675998],"angle":-22.5,"axis":"x"}},{"from":[3.9871998,8.0,2.9839997],"to":[12.0128,11.0096,3.9871998],"faces":{"east":{"uv":[9.5,0.125,9.625,0.5],"tintindex":0,"rotation":0,"texture":"#0"},"south":{"uv":[10.75,0.125,11.75,0.5],"tintindex":0,"rotation":0,"texture":"#0"},"north":{"uv":[9.625,0.125,10.625,0.5],"tintindex":0,"rotation":0,"texture":"#0"},"west":{"uv":[10.625,0.125,10.75,0.5],"tintindex":0,"rotation":0,"texture":"#0"},"up":{"uv":[10.625,0.125,9.625,0.0],"tintindex":0,"rotation":0,"texture":"#0"},"down":{"uv":[11.625,0.0,10.625,0.125],"tintindex":0,"rotation":0,"texture":"#0"}}},{"from":[8.212326,17.925127,5.0871997],"to":[11.2379265,24.950727,5.0871997],"faces":{"south":{"uv":[9.625,10.25,10.0,11.125],"tintindex":0,"rotation":0,"texture":"#0"},"north":{"uv":[9.25,10.25,9.625,11.125],"tintindex":0,"rotation":0,"texture":"#0"}},"rotation":{"origin":[5.0251265,19.537928,5.0871997],"angle":-22.5,"axis":"z"}},{"from":[6.9968,11.076481,2.7499204],"to":[9.003201,14.086081,4.58912],"faces":{"east":{"uv":[2.75,2.25,2.875,2.625],"tintindex":0,"rotation":0,"texture":"#0"},"south":{"uv":[3.25,2.25,3.5,2.625],"tintindex":0,"rotation":0,"texture":"#0"},"north":{"uv":[2.875,2.25,3.125,2.625],"tintindex":0,"rotation":0,"texture":"#0"},"west":{"uv":[3.125,2.25,3.25,2.625],"tintindex":0,"rotation":0,"texture":"#0"},"up":{"uv":[3.125,2.25,2.875,2.125],"tintindex":0,"rotation":0,"texture":"#0"},"down":{"uv":[3.375,2.125,3.125,2.25],"tintindex":0,"rotation":0,"texture":"#0"}}},{"from":[12.642576,16.500002,0.59914637],"to":[15.668177,19.025599,6.2247467],"faces":{"east":{"uv":[0.0,10.25,0.625,10.5],"tintindex":0,"rotation":0,"texture":"#0"},"south":{"uv":[1.625,10.25,2.0,10.5],"tintindex":0,"rotation":0,"texture":"#0"},"north":{"uv":[0.625,10.25,1.0,10.5],"tintindex":0,"rotation":0,"texture":"#0"},"west":{"uv":[1.0,10.25,1.625,10.5],"tintindex":0,"rotation":0,"texture":"#0"},"up":{"uv":[1.0,10.25,0.625,9.625],"tintindex":0,"rotation":0,"texture":"#0"},"down":{"uv":[1.375,9.625,1.0,10.25],"tintindex":0,"rotation":0,"texture":"#0"}},"rotation":{"origin":[5.0,16.862799,3.4119468],"angle":22.5,"axis":"x"}},{"from":[3.9871998,8.0,3.9871998],"to":[12.0128,16.025599,12.0128],"faces":{"east":{"uv":[4.875,5.375,5.875,6.375],"tintindex":0,"rotation":0,"texture":"#0"},"south":{"uv":[7.875,5.375,8.875,6.375],"tintindex":0,"rotation":0,"texture":"#0"},"north":{"uv":[5.875,5.375,6.875,6.375],"tintindex":0,"rotation":0,"texture":"#0"},"west":{"uv":[6.875,5.375,7.875,6.375],"tintindex":0,"rotation":0,"texture":"#0"},"up":{"uv":[6.875,5.375,5.875,4.375],"tintindex":0,"rotation":0,"texture":"#0"},"down":{"uv":[7.875,4.375,6.875,5.375],"tintindex":0,"rotation":0,"texture":"#0"}}},{"from":[3.1841474,10.909281,6.5456486],"to":[3.1841474,14.922079,10.558449],"faces":{"east":{"uv":[3.5,10.625,4.0,11.125],"tintindex":0,"rotation":0,"texture":"#0"},"west":{"uv":[4.0,10.625,4.5,11.125],"tintindex":0,"rotation":0,"texture":"#0"}},"rotation":{"origin":[3.1841474,12.915682,8.552049],"angle":-22.5,"axis":"y"}},{"from":[9.9872,15.000002,5.9872],"to":[16.0128,19.025599,9.6128],"faces":{"east":{"uv":[2.125,8.625,2.5,9.125],"tintindex":0,"rotation":0,"texture":"#0"},"south":{"uv":[3.625,8.625,4.375,9.125],"tintindex":0,"rotation":0,"texture":"#0"},"north":{"uv":[2.5,8.625,3.25,9.125],"tintindex":0,"rotation":0,"texture":"#0"},"west":{"uv":[3.25,8.625,3.625,9.125],"tintindex":0,"rotation":0,"texture":"#0"},"up":{"uv":[3.25,8.625,2.5,8.25],"tintindex":0,"rotation":0,"texture":"#0"},"down":{"uv":[4.0,8.25,3.25,8.625],"tintindex":0,"rotation":0,"texture":"#0"}},"rotation":{"origin":[13.5,17.0128,8.8],"angle":22.5,"axis":"y"}},{"from":[0.33182335,16.500002,0.59914637],"to":[3.3574233,19.025599,6.2247467],"faces":{"east":{"uv":[9.5,7.0,10.125,7.25],"tintindex":0,"rotation":0,"texture":"#0"},"south":{"uv":[11.125,7.0,11.5,7.25],"tintindex":0,"rotation":0,"texture":"#0"},"north":{"uv":[10.125,7.0,10.5,7.25],"tintindex":0,"rotation":0,"texture":"#0"},"west":{"uv":[10.5,7.0,11.125,7.25],"tintindex":0,"rotation":0,"texture":"#0"},"up":{"uv":[10.5,7.0,10.125,6.375],"tintindex":0,"rotation":0,"texture":"#0"},"down":{"uv":[10.875,6.375,10.5,7.0],"tintindex":0,"rotation":0,"texture":"#0"}},"rotation":{"origin":[11.0,16.862799,3.4119468],"angle":22.5,"axis":"x"}},{"from":[3.5123262,15.5251255,5.0871997],"to":[6.537926,22.550726,5.0871997],"faces":{"south":{"uv":[10.5,10.25,10.875,11.125],"tintindex":0,"rotation":0,"texture":"#0"},"north":{"uv":[10.125,10.25,10.5,11.125],"tintindex":0,"rotation":0,"texture":"#0"}},"rotation":{"origin":[5.0251265,19.537928,5.0871997],"angle":45.0,"axis":"z"}},{"from":[12.815853,10.909281,6.5456486],"to":[12.815853,14.922079,10.558449],"faces":{"east":{"uv":[4.375,0.5,4.875,1.0],"tintindex":0,"rotation":0,"texture":"#0"},"west":{"uv":[4.875,0.5,5.375,1.0],"tintindex":0,"rotation":0,"texture":"#0"}},"rotation":{"origin":[12.815853,12.915682,8.552049],"angle":22.5,"axis":"y"}},{"from":[-0.012800217,15.000002,5.9872],"to":[6.0128,19.025599,9.6128],"faces":{"east":{"uv":[8.625,1.875,9.0,2.375],"tintindex":0,"rotation":0,"texture":"#0"},"south":{"uv":[10.125,1.875,10.875,2.375],"tintindex":0,"rotation":0,"texture":"#0"},"north":{"uv":[9.0,1.875,9.75,2.375],"tintindex":0,"rotation":0,"texture":"#0"},"west":{"uv":[9.75,1.875,10.125,2.375],"tintindex":0,"rotation":0,"texture":"#0"},"up":{"uv":[9.75,1.875,9.0,1.5],"tintindex":0,"rotation":0,"texture":"#0"},"down":{"uv":[10.5,1.5,9.75,1.875],"tintindex":0,"rotation":0,"texture":"#0"}},"rotation":{"origin":[2.5,17.0128,8.8],"angle":-22.5,"axis":"y"}},{"from":[5.9872,18.000002,4.6872],"to":[9.0128,25.025599,4.6872],"faces":{"south":{"uv":[5.0,10.5,5.375,11.375],"tintindex":0,"rotation":0,"texture":"#0"},"north":{"uv":[4.625,10.5,5.0,11.375],"tintindex":0,"rotation":0,"texture":"#0"}}},{"from":[3.8871999,14.000002,1.9872003],"to":[12.112801,18.025599,12.6128],"faces":{"east":{"uv":[4.375,1.25,5.625,1.75],"tintindex":0,"rotation":0,"texture":"#0"},"south":{"uv":[7.875,1.25,8.875,1.75],"tintindex":0,"rotation":0,"texture":"#0"},"north":{"uv":[5.625,1.25,6.625,1.75],"tintindex":0,"rotation":0,"texture":"#0"},"west":{"uv":[6.625,1.25,7.875,1.75],"tintindex":0,"rotation":0,"texture":"#0"},"up":{"uv":[6.625,1.25,5.625,0.0],"tintindex":0,"rotation":0,"texture":"#0"},"down":{"uv":[7.625,0.0,6.625,1.25],"tintindex":0,"rotation":0,"texture":"#0"}}},{"from":[4.8199997,9.73888,2.6495996],"to":[6.492,12.1632805,4.3216],"faces":{"east":{"uv":[0.0,2.25,0.125,2.5],"tintindex":0,"rotation":0,"texture":"#0"},"south":{"uv":[0.375,2.25,0.5,2.5],"tintindex":0,"rotation":0,"texture":"#0"},"north":{"uv":[0.125,2.25,0.25,2.5],"tintindex":0,"rotation":0,"texture":"#0"},"west":{"uv":[0.25,2.25,0.375,2.5],"tintindex":0,"rotation":0,"texture":"#0"},"up":{"uv":[0.25,2.25,0.125,2.125],"tintindex":0,"rotation":0,"texture":"#0"},"down":{"uv":[0.375,2.125,0.25,2.25],"tintindex":0,"rotation":0,"texture":"#0"}},"rotation":{"origin":[8.0,11.410881,3.0675998],"angle":-22.5,"axis":"x"}}],"display":{"gui":{"rotation":[30,225,0]}}}