{"textures":{"0":"modelengine:entity/pa_we_bare_bear"},"elements":[{"from":[16.0,-1.0,-14.0],"to":[16.0,3.0,12.0],"faces":{"east":{"uv":[2.5625,4.5,4.1875,4.75],"tintindex":0,"rotation":0,"texture":"#0"},"west":{"uv":[4.1875,4.5,5.8125,4.75],"tintindex":0,"rotation":0,"texture":"#0"}}},{"from":[4.0,0.0,-14.0],"to":[4.0,3.0,11.0],"faces":{"east":{"uv":[0.0,4.5,1.5625,4.6875],"tintindex":0,"rotation":0,"texture":"#0"},"west":{"uv":[1.5625,4.5,3.125,4.6875],"tintindex":0,"rotation":0,"texture":"#0"}}},{"from":[3.0,4.0,-15.0],"to":[17.0,19.0,13.0],"faces":{"east":{"uv":[0.0,1.75,1.75,2.6875],"tintindex":0,"rotation":0,"texture":"#0"},"south":{"uv":[4.375,1.75,5.25,2.6875],"tintindex":0,"rotation":0,"texture":"#0"},"north":{"uv":[1.75,1.75,2.625,2.6875],"tintindex":0,"rotation":0,"texture":"#0"},"west":{"uv":[2.625,1.75,4.375,2.6875],"tintindex":0,"rotation":0,"texture":"#0"},"up":{"uv":[2.625,1.75,1.75,0.0],"tintindex":0,"rotation":0,"texture":"#0"},"down":{"uv":[3.5,0.0,2.625,1.75],"tintindex":0,"rotation":0,"texture":"#0"}}},{"from":[2.0,3.0,-9.0],"to":[18.0,20.0,3.0],"faces":{"east":{"uv":[1.6875,6.9375,2.4375,8.0],"tintindex":0,"rotation":0,"texture":"#0"},"south":{"uv":[4.1875,6.9375,5.1875,8.0],"tintindex":0,"rotation":0,"texture":"#0"},"north":{"uv":[2.4375,6.9375,3.4375,8.0],"tintindex":0,"rotation":0,"texture":"#0"},"west":{"uv":[3.4375,6.9375,4.1875,8.0],"tintindex":0,"rotation":0,"texture":"#0"},"up":{"uv":[3.4375,6.9375,2.4375,6.1875],"tintindex":0,"rotation":0,"texture":"#0"},"down":{"uv":[4.4375,6.1875,3.4375,6.9375],"tintindex":0,"rotation":0,"texture":"#0"}}}]}