{"textures":{"0":"modelengine:entity/pa_we_bare_bear"},"elements":[{"from":[1.0,6.0,2.0],"to":[15.0,20.0,13.0],"faces":{"east":{"uv":[6.375,1.875,7.0625,2.75],"tintindex":0,"rotation":0,"texture":"#0"},"south":{"uv":[8.625,1.875,9.5,2.75],"tintindex":0,"rotation":0,"texture":"#0"},"north":{"uv":[7.0625,1.875,7.9375,2.75],"tintindex":0,"rotation":0,"texture":"#0"},"west":{"uv":[7.9375,1.875,8.625,2.75],"tintindex":0,"rotation":0,"texture":"#0"},"up":{"uv":[7.9375,1.875,7.0625,1.1875],"tintindex":0,"rotation":0,"texture":"#0"},"down":{"uv":[8.8125,1.1875,7.9375,1.875],"tintindex":0,"rotation":0,"texture":"#0"}}},{"from":[2.0,20.0,2.0],"to":[14.0,32.0,12.0],"faces":{"east":{"uv":[8.8125,0.625,9.4375,1.375],"tintindex":0,"rotation":0,"texture":"#0"},"south":{"uv":[10.8125,0.625,11.5625,1.375],"tintindex":0,"rotation":0,"texture":"#0"},"north":{"uv":[9.4375,0.625,10.1875,1.375],"tintindex":0,"rotation":0,"texture":"#0"},"west":{"uv":[10.1875,0.625,10.8125,1.375],"tintindex":0,"rotation":0,"texture":"#0"},"up":{"uv":[10.1875,0.625,9.4375,0.0],"tintindex":0,"rotation":0,"texture":"#0"},"down":{"uv":[10.9375,0.0,10.1875,0.625],"tintindex":0,"rotation":0,"texture":"#0"}}}]}