{"textures":{"0":"modelengine:entity/pa_we_bare_bear"},"elements":[{"from":[-1.5,-5.0,2.5],"to":[17.5,21.0,15.5],"faces":{"east":{"uv":[11.625,2.5625,12.4375,4.1875],"tintindex":0,"rotation":0,"texture":"#0"},"south":{"uv":[14.4375,2.5625,15.625,4.1875],"tintindex":0,"rotation":0,"texture":"#0"},"north":{"uv":[12.4375,2.5625,13.625,4.1875],"tintindex":0,"rotation":0,"texture":"#0"},"west":{"uv":[13.625,2.5625,14.4375,4.1875],"tintindex":0,"rotation":0,"texture":"#0"},"up":{"uv":[13.625,2.5625,12.4375,1.75],"tintindex":0,"rotation":0,"texture":"#0"},"down":{"uv":[14.8125,1.75,13.625,2.5625],"tintindex":0,"rotation":0,"texture":"#0"}}}]}