{"textures":{"0":"modelengine:entity/pa_we_bare_bear"},"elements":[{"from":[1.5,3.0,4.0],"to":[14.5,13.0,13.0],"faces":{"east":{"uv":[11.625,1.125,12.1875,1.75],"tintindex":0,"rotation":0,"texture":"#0"},"south":{"uv":[13.5625,1.125,14.375,1.75],"tintindex":0,"rotation":0,"texture":"#0"},"north":{"uv":[12.1875,1.125,13.0,1.75],"tintindex":0,"rotation":0,"texture":"#0"},"west":{"uv":[13.0,1.125,13.5625,1.75],"tintindex":0,"rotation":0,"texture":"#0"},"up":{"uv":[13.0,1.125,12.1875,0.5625],"tintindex":0,"rotation":0,"texture":"#0"},"down":{"uv":[13.8125,0.5625,13.0,1.125],"tintindex":0,"rotation":0,"texture":"#0"}}},{"from":[-0.5,12.0,7.0],"to":[4.5,16.0,8.0],"faces":{"east":{"uv":[14.875,1.8125,14.9375,2.0625],"tintindex":0,"rotation":0,"texture":"#0"},"south":{"uv":[15.3125,1.8125,15.625,2.0625],"tintindex":0,"rotation":0,"texture":"#0"},"north":{"uv":[14.9375,1.8125,15.25,2.0625],"tintindex":0,"rotation":0,"texture":"#0"},"west":{"uv":[15.25,1.8125,15.3125,2.0625],"tintindex":0,"rotation":0,"texture":"#0"},"up":{"uv":[15.25,1.8125,14.9375,1.75],"tintindex":0,"rotation":0,"texture":"#0"},"down":{"uv":[15.5625,1.75,15.25,1.8125],"tintindex":0,"rotation":0,"texture":"#0"}}},{"from":[11.5,12.0,7.0],"to":[16.5,16.0,8.0],"faces":{"east":{"uv":[14.875,1.8125,14.9375,2.0625],"tintindex":0,"rotation":0,"texture":"#0"},"south":{"uv":[15.3125,1.8125,15.625,2.0625],"tintindex":0,"rotation":0,"texture":"#0"},"north":{"uv":[14.9375,1.8125,15.25,2.0625],"tintindex":0,"rotation":0,"texture":"#0"},"west":{"uv":[15.25,1.8125,15.3125,2.0625],"tintindex":0,"rotation":0,"texture":"#0"},"up":{"uv":[15.25,1.8125,14.9375,1.75],"tintindex":0,"rotation":0,"texture":"#0"},"down":{"uv":[15.5625,1.75,15.25,1.8125],"tintindex":0,"rotation":0,"texture":"#0"}}},{"from":[4.5,3.0,2.0],"to":[11.5,8.0,4.0],"faces":{"east":{"uv":[14.4375,1.3125,14.5625,1.625],"tintindex":0,"rotation":0,"texture":"#0"},"south":{"uv":[15.125,1.3125,15.5625,1.625],"tintindex":0,"rotation":0,"texture":"#0"},"north":{"uv":[14.5625,1.3125,15.0,1.625],"tintindex":0,"rotation":0,"texture":"#0"},"west":{"uv":[15.0,1.3125,15.125,1.625],"tintindex":0,"rotation":0,"texture":"#0"},"up":{"uv":[15.0,1.3125,14.5625,1.1875],"tintindex":0,"rotation":0,"texture":"#0"},"down":{"uv":[15.4375,1.1875,15.0,1.3125],"tintindex":0,"rotation":0,"texture":"#0"}}}]}