{"textures":{"0":"modelengine:entity/pa_we_bare_bear"},"elements":[{"from":[9.5,18.0,9.0],"to":[12.5,20.0,11.0],"faces":{"east":{"uv":[0.875,1.1875,1.0,1.3125],"tintindex":0,"rotation":0,"texture":"#0"},"south":{"uv":[1.3125,1.1875,1.5,1.3125],"tintindex":0,"rotation":0,"texture":"#0"},"north":{"uv":[1.0,1.1875,1.1875,1.3125],"tintindex":0,"rotation":0,"texture":"#0"},"west":{"uv":[1.1875,1.1875,1.3125,1.3125],"tintindex":0,"rotation":0,"texture":"#0"},"up":{"uv":[1.1875,1.1875,1.0,1.0625],"tintindex":0,"rotation":0,"texture":"#0"},"down":{"uv":[1.375,1.0625,1.1875,1.1875],"tintindex":0,"rotation":0,"texture":"#0"}}},{"from":[5.5,9.0,0.0],"to":[9.5,14.0,5.0],"faces":{"east":{"uv":[0.0,1.375,0.3125,1.6875],"tintindex":0,"rotation":0,"texture":"#0"},"south":{"uv":[0.875,1.375,1.125,1.6875],"tintindex":0,"rotation":0,"texture":"#0"},"north":{"uv":[0.3125,1.375,0.5625,1.6875],"tintindex":0,"rotation":0,"texture":"#0"},"west":{"uv":[0.5625,1.375,0.875,1.6875],"tintindex":0,"rotation":0,"texture":"#0"},"up":{"uv":[0.5625,1.375,0.3125,1.0625],"tintindex":0,"rotation":0,"texture":"#0"},"down":{"uv":[0.8125,1.0625,0.5625,1.375],"tintindex":0,"rotation":0,"texture":"#0"}}},{"from":[2.5,18.0,9.0],"to":[5.5,20.0,11.0],"faces":{"east":{"uv":[0.875,1.1875,1.0,1.3125],"tintindex":0,"rotation":0,"texture":"#0"},"south":{"uv":[1.3125,1.1875,1.5,1.3125],"tintindex":0,"rotation":0,"texture":"#0"},"north":{"uv":[1.0,1.1875,1.1875,1.3125],"tintindex":0,"rotation":0,"texture":"#0"},"west":{"uv":[1.1875,1.1875,1.3125,1.3125],"tintindex":0,"rotation":0,"texture":"#0"},"up":{"uv":[1.1875,1.1875,1.0,1.0625],"tintindex":0,"rotation":0,"texture":"#0"},"down":{"uv":[1.375,1.0625,1.1875,1.1875],"tintindex":0,"rotation":0,"texture":"#0"}}},{"from":[2.5,8.0,5.0],"to":[12.5,18.0,13.0],"faces":{"east":{"uv":[3.5625,0.5,4.0625,1.125],"tintindex":0,"rotation":0,"texture":"#0"},"south":{"uv":[5.1875,0.5,5.8125,1.125],"tintindex":0,"rotation":0,"texture":"#0"},"north":{"uv":[4.0625,0.5,4.6875,1.125],"tintindex":0,"rotation":0,"texture":"#0"},"west":{"uv":[4.6875,0.5,5.1875,1.125],"tintindex":0,"rotation":0,"texture":"#0"},"up":{"uv":[4.6875,0.5,4.0625,0.0],"tintindex":0,"rotation":0,"texture":"#0"},"down":{"uv":[5.3125,0.0,4.6875,0.5],"tintindex":0,"rotation":0,"texture":"#0"}}}]}