{"textures":{"0":"modelengine:entity/pa_we_bare_bear"},"elements":[{"from":[3.5,10.0,7.0],"to":[5.5,12.0,8.0],"faces":{"east":{"uv":[8.25,0.0625,8.1875,0.1875],"tintindex":0,"rotation":0,"texture":"#0"},"south":{"uv":[8.375,0.0625,8.25,0.1875],"tintindex":0,"rotation":0,"texture":"#0"},"north":{"uv":[8.1875,0.0625,8.0625,0.1875],"tintindex":0,"rotation":0,"texture":"#0"},"west":{"uv":[8.0625,0.0625,8.0,0.1875],"tintindex":0,"rotation":0,"texture":"#0"},"up":{"uv":[8.0625,0.0625,8.1875,0.0],"tintindex":0,"rotation":0,"texture":"#0"},"down":{"uv":[8.1875,0.0,8.3125,0.0625],"tintindex":0,"rotation":0,"texture":"#0"}}},{"from":[4.5,4.0,5.0],"to":[11.5,11.0,12.0],"faces":{"east":{"uv":[6.375,0.4375,6.8125,0.875],"tintindex":0,"rotation":0,"texture":"#0"},"south":{"uv":[7.6875,0.4375,8.125,0.875],"tintindex":0,"rotation":0,"texture":"#0"},"north":{"uv":[6.8125,0.4375,7.25,0.875],"tintindex":0,"rotation":0,"texture":"#0"},"west":{"uv":[7.25,0.4375,7.6875,0.875],"tintindex":0,"rotation":0,"texture":"#0"},"up":{"uv":[7.25,0.4375,6.8125,0.0],"tintindex":0,"rotation":0,"texture":"#0"},"down":{"uv":[7.6875,0.0,7.25,0.4375],"tintindex":0,"rotation":0,"texture":"#0"}}},{"from":[5.5,4.0,2.0],"to":[10.5,7.0,5.0],"faces":{"east":{"uv":[6.375,2.9375,6.5625,3.125],"tintindex":0,"rotation":0,"texture":"#0"},"south":{"uv":[7.0625,2.9375,7.375,3.125],"tintindex":0,"rotation":0,"texture":"#0"},"north":{"uv":[6.5625,2.9375,6.875,3.125],"tintindex":0,"rotation":0,"texture":"#0"},"west":{"uv":[6.875,2.9375,7.0625,3.125],"tintindex":0,"rotation":0,"texture":"#0"},"up":{"uv":[6.875,2.9375,6.5625,2.75],"tintindex":0,"rotation":0,"texture":"#0"},"down":{"uv":[7.1875,2.75,6.875,2.9375],"tintindex":0,"rotation":0,"texture":"#0"}}},{"from":[10.5,10.0,7.0],"to":[12.5,12.0,8.0],"faces":{"east":{"uv":[8.0,0.0625,8.0625,0.1875],"tintindex":0,"rotation":0,"texture":"#0"},"south":{"uv":[8.25,0.0625,8.375,0.1875],"tintindex":0,"rotation":0,"texture":"#0"},"north":{"uv":[8.0625,0.0625,8.1875,0.1875],"tintindex":0,"rotation":0,"texture":"#0"},"west":{"uv":[8.1875,0.0625,8.25,0.1875],"tintindex":0,"rotation":0,"texture":"#0"},"up":{"uv":[8.1875,0.0625,8.0625,0.0],"tintindex":0,"rotation":0,"texture":"#0"},"down":{"uv":[8.3125,0.0,8.1875,0.0625],"tintindex":0,"rotation":0,"texture":"#0"}}}]}