{"textures":{"0":"modelengine:entity/pa_we_bare_bear"},"elements":[{"from":[6.0,-2.0,10.0],"to":[12.0,9.0,18.0],"faces":{"east":{"uv":[1.375,5.25,0.875,5.9375],"tintindex":0,"rotation":0,"texture":"#0"},"south":{"uv":[1.75,5.25,1.375,5.9375],"tintindex":0,"rotation":0,"texture":"#0"},"north":{"uv":[0.875,5.25,0.5,5.9375],"tintindex":0,"rotation":0,"texture":"#0"},"west":{"uv":[0.5,5.25,0.0,5.9375],"tintindex":0,"rotation":0,"texture":"#0"},"up":{"uv":[0.5,5.25,0.875,4.75],"tintindex":0,"rotation":0,"texture":"#0"},"down":{"uv":[0.875,4.75,1.25,5.25],"tintindex":0,"rotation":0,"texture":"#0"}}}]}