{"textures":{"0":"modelengine:entity/pa_we_bare_bear"},"elements":[{"from":[6.0,-2.0,6.0],"to":[10.0,8.0,14.0],"faces":{"east":{"uv":[9.5,1.875,10.0,2.5],"tintindex":0,"rotation":0,"texture":"#0"},"south":{"uv":[10.75,1.875,11.0,2.5],"tintindex":0,"rotation":0,"texture":"#0"},"north":{"uv":[10.0,1.875,10.25,2.5],"tintindex":0,"rotation":0,"texture":"#0"},"west":{"uv":[10.25,1.875,10.75,2.5],"tintindex":0,"rotation":0,"texture":"#0"},"up":{"uv":[10.25,1.875,10.0,1.375],"tintindex":0,"rotation":0,"texture":"#0"},"down":{"uv":[10.5,1.375,10.25,1.875],"tintindex":0,"rotation":0,"texture":"#0"}}}]}