{"textures":{"0":"modelengine:entity/pa_we_bare_bear"},"elements":[{"from":[4.0,-2.0,6.0],"to":[10.0,16.0,13.0],"faces":{"east":{"uv":[5.875,5.3125,5.4375,6.4375],"tintindex":0,"rotation":0,"texture":"#0"},"south":{"uv":[6.25,5.3125,5.875,6.4375],"tintindex":0,"rotation":0,"texture":"#0"},"north":{"uv":[5.4375,5.3125,5.0625,6.4375],"tintindex":0,"rotation":0,"texture":"#0"},"west":{"uv":[5.0625,5.3125,4.625,6.4375],"tintindex":0,"rotation":0,"texture":"#0"},"up":{"uv":[5.0625,5.3125,5.4375,4.875],"tintindex":0,"rotation":0,"texture":"#0"},"down":{"uv":[5.4375,4.875,5.8125,5.3125],"tintindex":0,"rotation":0,"texture":"#0"}}}]}