{"textures":{"0":"modelengine:entity/pa_we_bare_bear"},"elements":[{"from":[5.0,-1.0,5.0],"to":[11.0,8.0,11.0],"faces":{"east":{"uv":[14.125,0.5625,14.5,1.125],"tintindex":0,"rotation":0,"texture":"#0"},"south":{"uv":[15.25,0.5625,15.625,1.125],"tintindex":0,"rotation":0,"texture":"#0"},"north":{"uv":[14.5,0.5625,14.875,1.125],"tintindex":0,"rotation":0,"texture":"#0"},"west":{"uv":[14.875,0.5625,15.25,1.125],"tintindex":0,"rotation":0,"texture":"#0"},"up":{"uv":[14.875,0.5625,14.5,0.1875],"tintindex":0,"rotation":0,"texture":"#0"},"down":{"uv":[15.25,0.1875,14.875,0.5625],"tintindex":0,"rotation":0,"texture":"#0"}}}]}