{"textures":{"0":"modelengine:entity/pa_we_bare_bear"},"elements":[{"from":[6.0,-2.0,6.0],"to":[10.0,8.0,12.0],"faces":{"east":{"uv":[9.5,2.875,9.875,3.5],"tintindex":0,"rotation":0,"texture":"#0"},"south":{"uv":[10.5,2.875,10.75,3.5],"tintindex":0,"rotation":0,"texture":"#0"},"north":{"uv":[9.875,2.875,10.125,3.5],"tintindex":0,"rotation":0,"texture":"#0"},"west":{"uv":[10.125,2.875,10.5,3.5],"tintindex":0,"rotation":0,"texture":"#0"},"up":{"uv":[10.125,2.875,9.875,2.5],"tintindex":0,"rotation":0,"texture":"#0"},"down":{"uv":[10.375,2.5,10.125,2.875],"tintindex":0,"rotation":0,"texture":"#0"}}}]}