{"textures":{"0":"modelengine:entity/angel_gm_lancer_one"},"elements":[{"from":[5.0,2.7999992,1.888443],"to":[11.0,10.799999,6.888443],"faces":{"east":{"uv":[8.0,6.0,9.25,8.0],"tintindex":0,"rotation":0,"texture":"#0"},"south":{"uv":[1.5,8.0,3.0,10.0],"tintindex":0,"rotation":0,"texture":"#0"},"north":{"uv":[0.0,8.0,1.5,10.0],"tintindex":0,"rotation":0,"texture":"#0"},"west":{"uv":[8.0,8.0,9.25,10.0],"tintindex":0,"rotation":0,"texture":"#0"},"up":{"uv":[10.5,3.25,9.0,2.0],"tintindex":0,"rotation":0,"texture":"#0"},"down":{"uv":[10.5,3.25,9.0,4.5],"tintindex":0,"rotation":0,"texture":"#0"}}}],"display":{"gui":{"rotation":[30,225,0]}}}