{"textures":{"0":"modelengine:entity/angel_gm_lancer_one"},"elements":[{"from":[7.0,7.1176777,-0.5],"to":[9.2,9.317677,0.5],"faces":{"east":{"uv":[10.75,6.5,11.0,7.0],"tintindex":0,"rotation":0,"texture":"#0"},"south":{"uv":[11.0,11.5,11.5,12.0],"tintindex":0,"rotation":0,"texture":"#0"},"north":{"uv":[11.25,10.5,11.75,11.0],"tintindex":0,"rotation":0,"texture":"#0"},"west":{"uv":[11.5,11.5,11.75,12.0],"tintindex":0,"rotation":0,"texture":"#0"},"up":{"uv":[11.5,2.0,11.0,1.75],"tintindex":0,"rotation":0,"texture":"#0"},"down":{"uv":[12.0,1.75,11.5,2.0],"tintindex":0,"rotation":0,"texture":"#0"}}},{"from":[7.164777,4.4482784,11.0],"to":[12.664777,9.648277,11.0],"faces":{"south":{"uv":[9.25,5.75,10.75,7.0],"tintindex":0,"rotation":0,"texture":"#0"},"north":{"uv":[9.0,4.5,10.5,5.75],"tintindex":0,"rotation":0,"texture":"#0"}}},{"from":[7.5,7.6176777,-0.10000038],"to":[8.7,8.817677,12.5],"faces":{"east":{"uv":[11.0,1.25,14.25,1.5],"tintindex":0,"rotation":0,"texture":"#0"},"south":{"uv":[10.5,5.5,10.75,5.75],"tintindex":0,"rotation":0,"texture":"#0"},"north":{"uv":[9.0,5.75,9.25,6.0],"tintindex":0,"rotation":0,"texture":"#0"},"west":{"uv":[11.0,1.5,14.25,1.75],"tintindex":0,"rotation":0,"texture":"#0"},"up":{"uv":[8.25,14.25,8.0,11.0],"tintindex":0,"rotation":0,"texture":"#0"},"down":{"uv":[8.5,11.0,8.25,14.25],"tintindex":0,"rotation":0,"texture":"#0"}}},{"from":[8.0,7.1176777,-5.5],"to":[8.0,9.317677,0.5],"faces":{"east":{"uv":[11.0,9.25,12.5,9.75],"tintindex":0,"rotation":0,"texture":"#0"},"west":{"uv":[9.5,11.0,11.0,11.5],"tintindex":0,"rotation":0,"texture":"#0"}}}],"display":{"gui":{"rotation":[30,225,0]}}}