{"textures":{"0":"modelengine:entity/angel_gm_lancer_one"},"elements":[{"from":[5.0,7.5,5.8],"to":[9.5,9.700001,10.0],"faces":{"east":{"uv":[4.0,6.0,5.0,6.5],"tintindex":0,"rotation":0,"texture":"#0"},"south":{"uv":[11.25,3.0,12.5,3.5],"tintindex":0,"rotation":0,"texture":"#0"},"north":{"uv":[11.0,11.0,12.25,11.5],"tintindex":0,"rotation":0,"texture":"#0"},"west":{"uv":[7.0,6.0,8.0,6.5],"tintindex":0,"rotation":0,"texture":"#0"},"up":{"uv":[3.0,11.0,1.75,10.0],"tintindex":0,"rotation":0,"texture":"#0"},"down":{"uv":[11.25,10.0,10.0,11.0],"tintindex":0,"rotation":0,"texture":"#0"}},"rotation":{"origin":[7.0,7.5,7.9],"angle":-22.5,"axis":"z"}},{"from":[7.0,2.5,6.5],"to":[9.0,8.5,9.5],"faces":{"east":{"uv":[10.5,3.0,11.25,4.5],"tintindex":0,"rotation":0,"texture":"#0"},"south":{"uv":[11.0,7.75,11.5,9.25],"tintindex":0,"rotation":0,"texture":"#0"},"north":{"uv":[7.5,8.5,8.0,10.0],"tintindex":0,"rotation":0,"texture":"#0"},"west":{"uv":[4.25,10.5,5.0,12.0],"tintindex":0,"rotation":0,"texture":"#0"},"up":{"uv":[4.25,12.25,3.75,11.5],"tintindex":0,"rotation":0,"texture":"#0"},"down":{"uv":[10.0,11.5,9.5,12.25],"tintindex":0,"rotation":0,"texture":"#0"}}}],"display":{"gui":{"rotation":[30,225,0]}}}