{"textures":{"0":"modelengine:entity/angel_gm_lancer_one"},"elements":[{"from":[7.0,2.514143,6.5],"to":[9.0,8.514143,9.5],"faces":{"east":{"uv":[5.0,10.5,5.75,12.0],"tintindex":0,"rotation":0,"texture":"#0"},"south":{"uv":[9.0,11.0,9.5,12.5],"tintindex":0,"rotation":0,"texture":"#0"},"north":{"uv":[8.5,11.0,9.0,12.5],"tintindex":0,"rotation":0,"texture":"#0"},"west":{"uv":[5.75,10.5,6.5,12.0],"tintindex":0,"rotation":0,"texture":"#0"},"up":{"uv":[10.5,12.25,10.0,11.5],"tintindex":0,"rotation":0,"texture":"#0"},"down":{"uv":[11.0,11.5,10.5,12.25],"tintindex":0,"rotation":0,"texture":"#0"}}},{"from":[6.5,7.514143,5.8],"to":[11.0,9.714144,10.0],"faces":{"east":{"uv":[3.0,8.0,4.0,8.5],"tintindex":0,"rotation":0,"texture":"#0"},"south":{"uv":[11.25,4.0,12.5,4.5],"tintindex":0,"rotation":0,"texture":"#0"},"north":{"uv":[11.25,3.5,12.5,4.0],"tintindex":0,"rotation":0,"texture":"#0"},"west":{"uv":[6.5,9.5,7.5,10.0],"tintindex":0,"rotation":0,"texture":"#0"},"up":{"uv":[11.75,3.0,10.5,2.0],"tintindex":0,"rotation":0,"texture":"#0"},"down":{"uv":[4.25,10.5,3.0,11.5],"tintindex":0,"rotation":0,"texture":"#0"}},"rotation":{"origin":[9.0,7.514143,7.9],"angle":22.5,"axis":"z"}}],"display":{"gui":{"rotation":[30,225,0]}}}