{"textures":{"0":"modelengine:entity/angel_gm_lancer_one"},"elements":[{"from":[13.484901,12.52779,7.7420435],"to":[13.484901,16.12779,14.642044],"faces":{"east":{"uv":[9.25,9.0,11.0,10.0],"tintindex":0,"rotation":0,"texture":"#0"},"west":{"uv":[3.0,9.5,4.75,10.5],"tintindex":0,"rotation":0,"texture":"#0"}},"rotation":{"origin":[13.484901,14.327791,11.192043],"angle":22.5,"axis":"y"}},{"from":[3.7646446,12.527792,3.0046592],"to":[12.164644,16.12779,11.904659],"faces":{"east":{"uv":[3.0,8.5,5.25,9.5],"tintindex":0,"rotation":0,"texture":"#0"},"south":{"uv":[9.0,1.0,11.0,2.0],"tintindex":0,"rotation":0,"texture":"#0"},"north":{"uv":[9.0,0.0,11.0,1.0],"tintindex":0,"rotation":0,"texture":"#0"},"west":{"uv":[5.25,8.5,7.5,9.5],"tintindex":0,"rotation":0,"texture":"#0"},"up":{"uv":[7.0,2.25,5.0,0.0],"tintindex":0,"rotation":0,"texture":"#0"},"down":{"uv":[7.0,2.25,5.0,4.5],"tintindex":0,"rotation":0,"texture":"#0"}}},{"from":[2.444387,12.52779,3.7420435],"to":[2.444387,16.12779,10.642044],"faces":{"east":{"uv":[4.75,9.5,6.5,10.5],"tintindex":0,"rotation":0,"texture":"#0"},"west":{"uv":[0.0,10.0,1.75,11.0],"tintindex":0,"rotation":0,"texture":"#0"}},"rotation":{"origin":[2.444387,14.327791,7.192044],"angle":-22.5,"axis":"y"}},{"from":[3.9646444,8.027792,3.5046592],"to":[11.964644,16.027792,11.50466],"faces":{"east":{"uv":[0.0,6.0,2.0,8.0],"tintindex":0,"rotation":0,"texture":"#0"},"south":{"uv":[2.0,6.0,4.0,8.0],"tintindex":0,"rotation":0,"texture":"#0"},"north":{"uv":[5.0,4.5,7.0,6.5],"tintindex":0,"rotation":0,"texture":"#0"},"west":{"uv":[4.0,6.5,6.0,8.5],"tintindex":0,"rotation":0,"texture":"#0"},"up":{"uv":[8.0,8.5,6.0,6.5],"tintindex":0,"rotation":0,"texture":"#0"},"down":{"uv":[9.0,0.0,7.0,2.0],"tintindex":0,"rotation":0,"texture":"#0"}}},{"from":[13.484901,12.52779,3.7420435],"to":[13.484901,16.12779,10.642044],"faces":{"east":{"uv":[6.5,10.0,8.25,11.0],"tintindex":0,"rotation":0,"texture":"#0"},"west":{"uv":[8.25,10.0,10.0,11.0],"tintindex":0,"rotation":0,"texture":"#0"}},"rotation":{"origin":[13.484901,14.327791,7.192044],"angle":22.5,"axis":"y"}},{"from":[2.444387,12.52779,7.7420435],"to":[2.444387,16.12779,14.642044],"faces":{"east":{"uv":[9.25,7.0,11.0,8.0],"tintindex":0,"rotation":0,"texture":"#0"},"west":{"uv":[9.25,8.0,11.0,9.0],"tintindex":0,"rotation":0,"texture":"#0"}},"rotation":{"origin":[2.444387,14.327791,11.192043],"angle":-22.5,"axis":"y"}}],"display":{"gui":{"rotation":[30,225,0]}}}