{"textures":{"0":"modelengine:entity/angel_gm_lancer_one"},"elements":[{"from":[4.0,4.799999,3.46],"to":[12.0,6.799999,11.46],"faces":{"east":{"uv":[10.5,5.0,12.5,5.5],"tintindex":0,"rotation":0,"texture":"#0"},"south":{"uv":[10.75,5.5,12.75,6.0],"tintindex":0,"rotation":0,"texture":"#0"},"north":{"uv":[10.5,4.5,12.5,5.0],"tintindex":0,"rotation":0,"texture":"#0"},"west":{"uv":[10.75,6.0,12.75,6.5],"tintindex":0,"rotation":0,"texture":"#0"},"up":{"uv":[9.0,4.0,7.0,2.0],"tintindex":0,"rotation":0,"texture":"#0"},"down":{"uv":[9.0,4.0,7.0,6.0],"tintindex":0,"rotation":0,"texture":"#0"}}}],"display":{"gui":{"rotation":[30,225,0]}}}