{"textures":{"0":"modelengine:entity/angel_gm_lancer_one"},"elements":[{"from":[6.5,3.0,6.5],"to":[9.5,8.0,9.5],"faces":{"east":{"uv":[11.0,0.0,11.75,1.25],"tintindex":0,"rotation":0,"texture":"#0"},"south":{"uv":[0.75,11.0,1.5,12.25],"tintindex":0,"rotation":0,"texture":"#0"},"north":{"uv":[0.0,11.0,0.75,12.25],"tintindex":0,"rotation":0,"texture":"#0"},"west":{"uv":[1.5,11.0,2.25,12.25],"tintindex":0,"rotation":0,"texture":"#0"},"up":{"uv":[12.0,10.5,11.25,9.75],"tintindex":0,"rotation":0,"texture":"#0"},"down":{"uv":[3.75,11.5,3.0,12.25],"tintindex":0,"rotation":0,"texture":"#0"}}}],"display":{"gui":{"rotation":[30,225,0]}}}