{"textures":{"0":"modelengine:entity/angel_gm_lancer_one"},"elements":[{"from":[6.5,3.0,6.5],"to":[9.5,8.0,9.5],"faces":{"east":{"uv":[6.5,11.0,7.25,12.25],"tintindex":0,"rotation":0,"texture":"#0"},"south":{"uv":[11.0,6.5,11.75,7.75],"tintindex":0,"rotation":0,"texture":"#0"},"north":{"uv":[2.25,11.0,3.0,12.25],"tintindex":0,"rotation":0,"texture":"#0"},"west":{"uv":[7.25,11.0,8.0,12.25],"tintindex":0,"rotation":0,"texture":"#0"},"up":{"uv":[12.25,8.5,11.5,7.75],"tintindex":0,"rotation":0,"texture":"#0"},"down":{"uv":[12.25,8.5,11.5,9.25],"tintindex":0,"rotation":0,"texture":"#0"}}}],"display":{"gui":{"rotation":[30,225,0]}}}