{"textures":{"0":"modelengine:entity/logranaloca_gama05"},"elements":[{"from":[0.0,7.0,-4.0],"to":[16.0,9.0,10.0],"faces":{"east":{"uv":[7.875,1.375,8.75,1.5],"tintindex":0,"rotation":0,"texture":"#0"},"south":{"uv":[7.625,5.8125,8.625,5.9375],"tintindex":0,"rotation":0,"texture":"#0"},"north":{"uv":[7.6875,6.1875,8.6875,6.3125],"tintindex":0,"rotation":0,"texture":"#0"},"west":{"uv":[7.75,7.25,8.625,7.375],"tintindex":0,"rotation":0,"texture":"#0"},"up":{"uv":[2.0,3.5625,1.0,2.6875],"tintindex":0,"rotation":180,"texture":"#0"},"down":{"uv":[3.0,2.875,2.0,3.75],"tintindex":0,"rotation":180,"texture":"#0"}}}],"display":{"gui":{"rotation":[30,225,0]}}}