{"textures":{"0":"modelengine:entity/logranaloca_gama05"},"elements":[{"from":[4.7132034,3.5,0.5],"to":[9.713203,8.5,11.5],"faces":{"east":{"uv":[7.1875,3.0,7.875,3.3125],"tintindex":0,"rotation":0,"texture":"#0"},"south":{"uv":[1.8125,7.9375,2.125,8.25],"tintindex":0,"rotation":0,"texture":"#0"},"north":{"uv":[2.125,7.9375,2.4375,8.25],"tintindex":0,"rotation":0,"texture":"#0"},"west":{"uv":[7.1875,1.4375,7.875,1.75],"tintindex":0,"rotation":0,"texture":"#0"},"up":{"uv":[7.5,4.0,7.1875,3.3125],"tintindex":0,"rotation":180,"texture":"#0"},"down":{"uv":[7.5,4.0,7.1875,4.6875],"tintindex":0,"rotation":180,"texture":"#0"}}}],"display":{"gui":{"rotation":[30,225,0]}}}