{"textures":{"0":"modelengine:entity/logranaloca_gama05"},"elements":[{"from":[4.6815014,8.846508,8.46582],"to":[9.681501,9.846508,10.46582],"faces":{"east":{"uv":[4.5,1.3125,4.625,1.375],"tintindex":0,"rotation":0,"texture":"#0"},"south":{"uv":[8.375,7.9375,8.6875,8.0],"tintindex":0,"rotation":0,"texture":"#0"},"north":{"uv":[8.375,8.0,8.6875,8.0625],"tintindex":0,"rotation":0,"texture":"#0"},"west":{"uv":[4.5,1.25,4.625,1.3125],"tintindex":0,"rotation":0,"texture":"#0"},"up":{"uv":[6.875,8.375,6.5625,8.25],"tintindex":0,"rotation":180,"texture":"#0"},"down":{"uv":[7.75,8.25,7.4375,8.375],"tintindex":0,"rotation":180,"texture":"#0"}},"rotation":{"origin":[7.1815014,7.346508,7.4658203],"angle":-45.0,"axis":"x"}},{"from":[3.6815014,6.2355957,4.819374],"to":[10.681501,9.235596,8.819374],"faces":{"east":{"uv":[3.1875,8.25,3.4375,8.4375],"tintindex":0,"rotation":0,"texture":"#0"},"south":{"uv":[7.9375,7.9375,8.375,8.125],"tintindex":0,"rotation":0,"texture":"#0"},"north":{"uv":[2.75,8.0,3.1875,8.1875],"tintindex":0,"rotation":0,"texture":"#0"},"west":{"uv":[2.375,8.25,2.625,8.4375],"tintindex":0,"rotation":0,"texture":"#0"},"up":{"uv":[1.1875,8.125,0.75,7.875],"tintindex":0,"rotation":180,"texture":"#0"},"down":{"uv":[8.3125,1.125,7.875,1.375],"tintindex":0,"rotation":180,"texture":"#0"}},"rotation":{"origin":[7.1815014,7.7355957,5.819374],"angle":-22.5,"axis":"x"}},{"from":[8.681501,6.2355957,1.8193741],"to":[11.681501,8.235596,5.819374],"faces":{"east":{"uv":[6.875,8.3125,7.125,8.4375],"tintindex":0,"rotation":0,"texture":"#0"},"south":{"uv":[8.3125,8.3125,8.5,8.4375],"tintindex":0,"rotation":0,"texture":"#0"},"north":{"uv":[8.375,0.875,8.5625,1.0],"tintindex":0,"rotation":0,"texture":"#0"},"west":{"uv":[4.9375,8.3125,5.1875,8.4375],"tintindex":0,"rotation":0,"texture":"#0"},"up":{"uv":[5.5625,8.5,5.375,8.25],"tintindex":0,"rotation":180,"texture":"#0"},"down":{"uv":[5.75,8.25,5.5625,8.5],"tintindex":0,"rotation":180,"texture":"#0"}},"rotation":{"origin":[7.1815014,7.2355957,3.819374],"angle":-22.5,"axis":"y"}},{"from":[5.6815014,6.2355957,1.8193741],"to":[8.681501,8.235596,5.819374],"faces":{"east":{"uv":[4.1875,8.3125,4.4375,8.4375],"tintindex":0,"rotation":0,"texture":"#0"},"south":{"uv":[7.125,8.3125,7.3125,8.4375],"tintindex":0,"rotation":0,"texture":"#0"},"north":{"uv":[7.75,8.3125,7.9375,8.4375],"tintindex":0,"rotation":0,"texture":"#0"},"west":{"uv":[3.9375,8.3125,4.1875,8.4375],"tintindex":0,"rotation":0,"texture":"#0"},"up":{"uv":[8.4375,4.8125,8.25,4.5625],"tintindex":0,"rotation":180,"texture":"#0"},"down":{"uv":[8.4375,4.8125,8.25,5.0625],"tintindex":0,"rotation":180,"texture":"#0"}}},{"from":[2.675229,6.2355957,2.8151836],"to":[5.675229,8.235596,6.8151836],"faces":{"east":{"uv":[4.6875,8.3125,4.9375,8.4375],"tintindex":0,"rotation":0,"texture":"#0"},"south":{"uv":[7.9375,8.3125,8.125,8.4375],"tintindex":0,"rotation":0,"texture":"#0"},"north":{"uv":[8.125,8.3125,8.3125,8.4375],"tintindex":0,"rotation":0,"texture":"#0"},"west":{"uv":[4.4375,8.3125,4.6875,8.4375],"tintindex":0,"rotation":0,"texture":"#0"},"up":{"uv":[8.4375,5.3125,8.25,5.0625],"tintindex":0,"rotation":180,"texture":"#0"},"down":{"uv":[8.4375,5.3125,8.25,5.5625],"tintindex":0,"rotation":180,"texture":"#0"}},"rotation":{"origin":[5.175229,7.2355957,4.8151836],"angle":22.5,"axis":"y"}}],"display":{"gui":{"rotation":[30,225,0]}}}