{"textures":{"0":"modelengine:entity/logranaloca_gama05"},"elements":[{"from":[6.2867966,3.5,-2.5],"to":[11.286797,8.5,8.5],"faces":{"east":{"uv":[7.125,2.0625,7.8125,2.375],"tintindex":0,"rotation":0,"texture":"#0"},"south":{"uv":[5.9375,7.875,6.25,8.1875],"tintindex":0,"rotation":0,"texture":"#0"},"north":{"uv":[0.0,7.9375,0.3125,8.25],"tintindex":0,"rotation":0,"texture":"#0"},"west":{"uv":[7.125,1.75,7.8125,2.0625],"tintindex":0,"rotation":0,"texture":"#0"},"up":{"uv":[5.25,7.8125,4.9375,7.125],"tintindex":0,"rotation":180,"texture":"#0"},"down":{"uv":[5.5625,7.125,5.25,7.8125],"tintindex":0,"rotation":180,"texture":"#0"}}}],"display":{"gui":{"rotation":[30,225,0]}}}