{"textures":{"0":"modelengine:entity/logranaloca_gama05"},"elements":[{"from":[6.2550945,5.2355957,1.8193741],"to":[9.255095,7.2355957,5.819374],"faces":{"east":{"uv":[3.6875,8.3125,3.9375,8.4375],"tintindex":0,"rotation":0,"texture":"#0"},"south":{"uv":[0.75,8.3125,0.9375,8.4375],"tintindex":0,"rotation":0,"texture":"#0"},"north":{"uv":[5.1875,8.3125,5.375,8.4375],"tintindex":0,"rotation":0,"texture":"#0"},"west":{"uv":[3.4375,8.3125,3.6875,8.4375],"tintindex":0,"rotation":0,"texture":"#0"},"up":{"uv":[1.6875,8.5,1.5,8.25],"tintindex":0,"rotation":180,"texture":"#0"},"down":{"uv":[1.875,8.25,1.6875,8.5],"tintindex":0,"rotation":180,"texture":"#0"}}},{"from":[3.2488232,5.2355957,2.8151836],"to":[6.248823,7.2355957,6.8151836],"faces":{"east":{"uv":[8.3125,1.1875,8.5625,1.3125],"tintindex":0,"rotation":0,"texture":"#0"},"south":{"uv":[6.375,3.0625,6.5625,3.1875],"tintindex":0,"rotation":0,"texture":"#0"},"north":{"uv":[6.375,7.5,6.5625,7.625],"tintindex":0,"rotation":0,"texture":"#0"},"west":{"uv":[8.3125,1.0625,8.5625,1.1875],"tintindex":0,"rotation":0,"texture":"#0"},"up":{"uv":[3.1875,8.4375,3.0,8.1875],"tintindex":0,"rotation":180,"texture":"#0"},"down":{"uv":[6.25,8.1875,6.0625,8.4375],"tintindex":0,"rotation":180,"texture":"#0"}},"rotation":{"origin":[5.748823,6.2355957,4.8151836],"angle":22.5,"axis":"y"}},{"from":[5.2550945,7.846508,8.46582],"to":[10.255095,8.846508,10.46582],"faces":{"east":{"uv":[3.125,1.125,3.25,1.1875],"tintindex":0,"rotation":0,"texture":"#0"},"south":{"uv":[5.0625,2.5625,5.375,2.625],"tintindex":0,"rotation":0,"texture":"#0"},"north":{"uv":[8.375,7.875,8.6875,7.9375],"tintindex":0,"rotation":0,"texture":"#0"},"west":{"uv":[3.125,1.0625,3.25,1.125],"tintindex":0,"rotation":0,"texture":"#0"},"up":{"uv":[8.5625,5.8125,8.25,5.6875],"tintindex":0,"rotation":180,"texture":"#0"},"down":{"uv":[6.5625,8.25,6.25,8.375],"tintindex":0,"rotation":180,"texture":"#0"}},"rotation":{"origin":[7.7550945,6.346508,7.4658203],"angle":-45.0,"axis":"x"}},{"from":[4.2550945,5.2355957,4.819374],"to":[11.255095,8.235596,8.819374],"faces":{"east":{"uv":[2.125,8.25,2.375,8.4375],"tintindex":0,"rotation":0,"texture":"#0"},"south":{"uv":[7.9375,7.5625,8.375,7.75],"tintindex":0,"rotation":0,"texture":"#0"},"north":{"uv":[7.9375,7.75,8.375,7.9375],"tintindex":0,"rotation":0,"texture":"#0"},"west":{"uv":[1.875,8.25,2.125,8.4375],"tintindex":0,"rotation":0,"texture":"#0"},"up":{"uv":[4.1875,4.5,3.75,4.25],"tintindex":0,"rotation":180,"texture":"#0"},"down":{"uv":[7.9375,7.8125,7.5,8.0625],"tintindex":0,"rotation":180,"texture":"#0"}},"rotation":{"origin":[7.7550945,6.7355957,5.819374],"angle":-22.5,"axis":"x"}},{"from":[9.255095,5.2355957,1.8193741],"to":[12.255095,7.2355957,5.819374],"faces":{"east":{"uv":[0.5,8.3125,0.75,8.4375],"tintindex":0,"rotation":0,"texture":"#0"},"south":{"uv":[1.6875,4.8125,1.875,4.9375],"tintindex":0,"rotation":0,"texture":"#0"},"north":{"uv":[6.1875,2.4375,6.375,2.5625],"tintindex":0,"rotation":0,"texture":"#0"},"west":{"uv":[5.625,1.125,5.875,1.25],"tintindex":0,"rotation":0,"texture":"#0"},"up":{"uv":[4.125,2.875,3.9375,2.625],"tintindex":0,"rotation":180,"texture":"#0"},"down":{"uv":[0.75,7.25,0.5625,7.5],"tintindex":0,"rotation":180,"texture":"#0"}},"rotation":{"origin":[7.7550945,6.2355957,3.819374],"angle":-22.5,"axis":"y"}}],"display":{"gui":{"rotation":[30,225,0]}}}