{"textures":{"0":"modelengine:entity/logranaloca_gama05"},"elements":[{"from":[-2.0,8.0,-7.0],"to":[-1.0,13.0,-1.0],"faces":{"east":{"uv":[7.75,6.9375,8.125,7.25],"tintindex":0,"rotation":0,"texture":"#0"},"south":{"uv":[5.875,8.375,5.9375,8.6875],"tintindex":0,"rotation":0,"texture":"#0"},"north":{"uv":[5.9375,8.375,6.0,8.6875],"tintindex":0,"rotation":0,"texture":"#0"},"west":{"uv":[7.75,6.625,8.125,6.9375],"tintindex":0,"rotation":0,"texture":"#0"},"up":{"uv":[1.375,8.75,1.3125,8.375],"tintindex":0,"rotation":180,"texture":"#0"},"down":{"uv":[1.4375,8.375,1.375,8.75],"tintindex":0,"rotation":180,"texture":"#0"}}},{"from":[-1.0,7.0,-7.0],"to":[5.0,8.0,-1.0],"faces":{"east":{"uv":[8.375,7.8125,8.75,7.875],"tintindex":0,"rotation":0,"texture":"#0"},"south":{"uv":[8.375,7.625,8.75,7.6875],"tintindex":0,"rotation":0,"texture":"#0"},"north":{"uv":[8.375,7.75,8.75,7.8125],"tintindex":0,"rotation":0,"texture":"#0"},"west":{"uv":[8.375,7.6875,8.75,7.75],"tintindex":0,"rotation":0,"texture":"#0"},"up":{"uv":[4.8125,8.0,4.4375,7.625],"tintindex":0,"rotation":180,"texture":"#0"},"down":{"uv":[8.0,4.6875,7.625,5.0625],"tintindex":0,"rotation":180,"texture":"#0"}}},{"from":[11.0,13.0,-7.0],"to":[17.0,14.0,-1.0],"faces":{"east":{"uv":[8.0625,3.5,8.4375,3.5625],"tintindex":0,"rotation":0,"texture":"#0"},"south":{"uv":[5.375,3.1875,5.75,3.25],"tintindex":0,"rotation":0,"texture":"#0"},"north":{"uv":[7.9375,1.0625,8.3125,1.125],"tintindex":0,"rotation":0,"texture":"#0"},"west":{"uv":[7.625,5.9375,8.0,6.0],"tintindex":0,"rotation":0,"texture":"#0"},"up":{"uv":[7.875,4.6875,7.5,4.3125],"tintindex":0,"rotation":180,"texture":"#0"},"down":{"uv":[6.375,7.5,6.0,7.875],"tintindex":0,"rotation":180,"texture":"#0"}}},{"from":[-1.0,8.0,-6.5],"to":[5.0,13.0,-1.0],"faces":{"east":{"uv":[4.8125,7.8125,5.1875,8.125],"tintindex":0,"rotation":0,"texture":"#0"},"south":{"uv":[7.8125,1.75,8.1875,2.0625],"tintindex":0,"rotation":0,"texture":"#0"},"north":{"uv":[7.8125,2.375,8.1875,2.6875],"tintindex":0,"rotation":0,"texture":"#0"},"west":{"uv":[7.8125,2.0625,8.1875,2.375],"tintindex":0,"rotation":0,"texture":"#0"},"up":{"uv":[8.0,5.4375,7.625,5.0625],"tintindex":0,"rotation":180,"texture":"#0"},"down":{"uv":[8.0,5.4375,7.625,5.8125],"tintindex":0,"rotation":180,"texture":"#0"}}},{"from":[11.0,7.0,-7.0],"to":[17.0,8.0,-1.0],"faces":{"east":{"uv":[8.375,7.5625,8.75,7.625],"tintindex":0,"rotation":0,"texture":"#0"},"south":{"uv":[8.375,7.375,8.75,7.4375],"tintindex":0,"rotation":0,"texture":"#0"},"north":{"uv":[8.375,7.5,8.75,7.5625],"tintindex":0,"rotation":0,"texture":"#0"},"west":{"uv":[8.375,7.4375,8.75,7.5],"tintindex":0,"rotation":0,"texture":"#0"},"up":{"uv":[3.1875,8.0,2.8125,7.625],"tintindex":0,"rotation":180,"texture":"#0"},"down":{"uv":[3.5625,7.625,3.1875,8.0],"tintindex":0,"rotation":180,"texture":"#0"}}},{"from":[11.0,8.0,-6.5],"to":[17.0,13.0,-1.0],"faces":{"east":{"uv":[7.6875,6.3125,8.0625,6.625],"tintindex":0,"rotation":0,"texture":"#0"},"south":{"uv":[5.5625,7.625,5.9375,7.9375],"tintindex":0,"rotation":0,"texture":"#0"},"north":{"uv":[3.9375,7.6875,4.3125,8.0],"tintindex":0,"rotation":0,"texture":"#0"},"west":{"uv":[3.5625,7.6875,3.9375,8.0],"tintindex":0,"rotation":0,"texture":"#0"},"up":{"uv":[7.875,3.9375,7.5,3.5625],"tintindex":0,"rotation":180,"texture":"#0"},"down":{"uv":[7.875,3.9375,7.5,4.3125],"tintindex":0,"rotation":180,"texture":"#0"}}},{"from":[-1.0,13.0,-7.0],"to":[5.0,14.0,-1.0],"faces":{"east":{"uv":[2.625,8.375,3.0,8.4375],"tintindex":0,"rotation":0,"texture":"#0"},"south":{"uv":[8.3125,1.3125,8.6875,1.375],"tintindex":0,"rotation":0,"texture":"#0"},"north":{"uv":[8.375,1.0,8.75,1.0625],"tintindex":0,"rotation":0,"texture":"#0"},"west":{"uv":[0.9375,8.375,1.3125,8.4375],"tintindex":0,"rotation":0,"texture":"#0"},"up":{"uv":[2.0625,7.9375,1.6875,7.5625],"tintindex":0,"rotation":180,"texture":"#0"},"down":{"uv":[2.4375,7.5625,2.0625,7.9375],"tintindex":0,"rotation":180,"texture":"#0"}}},{"from":[5.0,8.0,-7.0],"to":[6.0,13.0,-1.0],"faces":{"east":{"uv":[7.75,2.6875,8.125,3.0],"tintindex":0,"rotation":0,"texture":"#0"},"south":{"uv":[1.4375,8.375,1.5,8.6875],"tintindex":0,"rotation":0,"texture":"#0"},"north":{"uv":[5.8125,8.375,5.875,8.6875],"tintindex":0,"rotation":0,"texture":"#0"},"west":{"uv":[7.75,0.3125,8.125,0.625],"tintindex":0,"rotation":0,"texture":"#0"},"up":{"uv":[4.9375,7.625,4.875,7.25],"tintindex":0,"rotation":180,"texture":"#0"},"down":{"uv":[5.8125,8.25,5.75,8.625],"tintindex":0,"rotation":180,"texture":"#0"}}},{"from":[0.0,3.0,-6.0],"to":[16.0,12.0,8.0],"faces":{"east":{"uv":[1.25,5.75,2.125,6.3125],"tintindex":0,"rotation":0,"texture":"#0"},"south":{"uv":[5.625,0.0,6.625,0.5625],"tintindex":0,"rotation":0,"texture":"#0"},"north":{"uv":[5.625,0.5625,6.625,1.125],"tintindex":0,"rotation":0,"texture":"#0"},"west":{"uv":[5.625,1.875,6.5,2.4375],"tintindex":0,"rotation":0,"texture":"#0"},"up":{"uv":[3.25,0.875,2.25,0.0],"tintindex":0,"rotation":180,"texture":"#0"},"down":{"uv":[1.0,2.6875,0.0,3.5625],"tintindex":0,"rotation":180,"texture":"#0"}}},{"from":[-1.0,8.0,-1.0],"to":[5.0,14.0,0.0],"faces":{"east":{"uv":[4.375,0.375,4.4375,0.75],"tintindex":0,"rotation":0,"texture":"#0"},"south":{"uv":[0.0,7.5625,0.375,7.9375],"tintindex":0,"rotation":0,"texture":"#0"},"north":{"uv":[0.375,7.5625,0.75,7.9375],"tintindex":0,"rotation":0,"texture":"#0"},"west":{"uv":[4.375,0.0,4.4375,0.375],"tintindex":0,"rotation":0,"texture":"#0"},"up":{"uv":[8.5,0.625,8.125,0.5625],"tintindex":0,"rotation":180,"texture":"#0"},"down":{"uv":[8.5625,6.125,8.1875,6.1875],"tintindex":0,"rotation":180,"texture":"#0"}}},{"from":[11.0,8.0,-1.0],"to":[17.0,14.0,0.0],"faces":{"east":{"uv":[4.4375,0.375,4.5,0.75],"tintindex":0,"rotation":0,"texture":"#0"},"south":{"uv":[2.4375,7.5625,2.8125,7.9375],"tintindex":0,"rotation":0,"texture":"#0"},"north":{"uv":[7.5625,7.4375,7.9375,7.8125],"tintindex":0,"rotation":0,"texture":"#0"},"west":{"uv":[4.4375,0.0,4.5,0.375],"tintindex":0,"rotation":0,"texture":"#0"},"up":{"uv":[6.625,8.4375,6.25,8.375],"tintindex":0,"rotation":180,"texture":"#0"},"down":{"uv":[7.6875,8.375,7.3125,8.4375],"tintindex":0,"rotation":180,"texture":"#0"}}},{"from":[10.0,8.0,-7.0],"to":[11.0,13.0,-1.0],"faces":{"east":{"uv":[7.75,0.0,8.125,0.3125],"tintindex":0,"rotation":0,"texture":"#0"},"south":{"uv":[4.3125,7.6875,4.375,8.0],"tintindex":0,"rotation":0,"texture":"#0"},"north":{"uv":[4.375,7.6875,4.4375,8.0],"tintindex":0,"rotation":0,"texture":"#0"},"west":{"uv":[7.125,7.6875,7.5,8.0],"tintindex":0,"rotation":0,"texture":"#0"},"up":{"uv":[2.0625,6.6875,2.0,6.3125],"tintindex":0,"rotation":180,"texture":"#0"},"down":{"uv":[2.125,6.3125,2.0625,6.6875],"tintindex":0,"rotation":180,"texture":"#0"}}},{"from":[-1.0,0.0,4.5],"to":[17.0,5.0,9.5],"faces":{"east":{"uv":[5.5,7.9375,5.8125,8.25],"tintindex":0,"rotation":0,"texture":"#0"},"south":{"uv":[6.5625,6.1875,7.6875,6.5],"tintindex":0,"rotation":0,"texture":"#0"},"north":{"uv":[6.5625,6.5,7.6875,6.8125],"tintindex":0,"rotation":0,"texture":"#0"},"west":{"uv":[2.4375,7.9375,2.75,8.25],"tintindex":0,"rotation":0,"texture":"#0"},"up":{"uv":[7.75,0.3125,6.625,0.0],"tintindex":0,"rotation":180,"texture":"#0"},"down":{"uv":[7.75,0.3125,6.625,0.625],"tintindex":0,"rotation":180,"texture":"#0"}}},{"from":[17.0,8.0,-7.0],"to":[18.0,13.0,-1.0],"faces":{"east":{"uv":[6.75,7.6875,7.125,8.0],"tintindex":0,"rotation":0,"texture":"#0"},"south":{"uv":[2.0,6.6875,2.0625,7.0],"tintindex":0,"rotation":0,"texture":"#0"},"north":{"uv":[2.0625,6.6875,2.125,7.0],"tintindex":0,"rotation":0,"texture":"#0"},"west":{"uv":[6.375,7.6875,6.75,8.0],"tintindex":0,"rotation":0,"texture":"#0"},"up":{"uv":[4.9375,4.375,4.875,4.0],"tintindex":0,"rotation":180,"texture":"#0"},"down":{"uv":[5.0,4.0,4.9375,4.375],"tintindex":0,"rotation":180,"texture":"#0"}}}],"display":{"gui":{"rotation":[30,225,0]}}}