{"textures":{"0":"modelengine:entity/logranaloca_gama05"},"elements":[{"from":[1.0,9.414213,4.1923885],"to":[17.0,19.414215,15.192389],"faces":{"east":{"uv":[6.375,2.4375,7.0625,3.0625],"tintindex":0,"rotation":0,"texture":"#0"},"south":{"uv":[5.375,2.5625,6.375,3.1875],"tintindex":0,"rotation":0,"texture":"#0"},"north":{"uv":[2.125,5.5625,3.125,6.1875],"tintindex":0,"rotation":0,"texture":"#0"},"west":{"uv":[5.875,1.125,6.5625,1.75],"tintindex":0,"rotation":0,"texture":"#0"},"up":{"uv":[5.625,2.5625,4.625,1.875],"tintindex":0,"rotation":180,"texture":"#0"},"down":{"uv":[3.5,4.875,2.5,5.5625],"tintindex":0,"rotation":180,"texture":"#0"}},"rotation":{"origin":[4.7683716E-7,12.646446,0.8535538],"angle":45.0,"axis":"x"}},{"from":[-5.0,3.0,-11.0],"to":[5.0,13.0,9.0],"faces":{"east":{"uv":[3.375,1.375,4.625,2.0],"tintindex":0,"rotation":0,"texture":"#0"},"south":{"uv":[6.5,1.75,7.125,2.375],"tintindex":0,"rotation":0,"texture":"#0"},"north":{"uv":[4.9375,6.5,5.5625,7.125],"tintindex":0,"rotation":0,"texture":"#0"},"west":{"uv":[3.25,0.75,4.5,1.375],"tintindex":0,"rotation":0,"texture":"#0"},"up":{"uv":[0.625,4.8125,0.0,3.5625],"tintindex":0,"rotation":180,"texture":"#0"},"down":{"uv":[1.25,3.5625,0.625,4.8125],"tintindex":0,"rotation":180,"texture":"#0"}},"rotation":{"origin":[4.7683716E-7,8.0,-1.0],"angle":45.0,"axis":"z"}},{"from":[1.0,2.0710678,-12.0],"to":[17.0,5.071068,9.0],"faces":{"east":{"uv":[1.6875,7.0625,3.0,7.25],"tintindex":0,"rotation":0,"texture":"#0"},"south":{"uv":[2.25,1.1875,3.25,1.375],"tintindex":0,"rotation":0,"texture":"#0"},"north":{"uv":[7.1875,6.0,8.1875,6.1875],"tintindex":0,"rotation":0,"texture":"#0"},"west":{"uv":[6.625,0.9375,7.9375,1.125],"tintindex":0,"rotation":0,"texture":"#0"},"up":{"uv":[1.0,2.6875,0.0,1.375],"tintindex":0,"rotation":180,"texture":"#0"},"down":{"uv":[2.0,1.375,1.0,2.6875],"tintindex":0,"rotation":180,"texture":"#0"}}},{"from":[4.7683716E-7,3.0710678,-12.0],"to":[18.0,15.071068,10.0],"faces":{"east":{"uv":[2.0,2.125,3.375,2.875],"tintindex":0,"rotation":0,"texture":"#0"},"south":{"uv":[3.0,2.875,4.125,3.625],"tintindex":0,"rotation":0,"texture":"#0"},"north":{"uv":[3.25,0.0,4.375,0.75],"tintindex":0,"rotation":0,"texture":"#0"},"west":{"uv":[2.0,1.375,3.375,2.125],"tintindex":0,"rotation":0,"texture":"#0"},"up":{"uv":[1.125,1.375,0.0,0.0],"tintindex":0,"rotation":180,"texture":"#0"},"down":{"uv":[2.25,0.0,1.125,1.375],"tintindex":0,"rotation":180,"texture":"#0"}}},{"from":[13.0,3.0,-11.0],"to":[23.0,13.0,9.0],"faces":{"east":{"uv":[3.0,3.625,4.25,4.25],"tintindex":0,"rotation":0,"texture":"#0"},"south":{"uv":[6.5625,1.125,7.1875,1.75],"tintindex":0,"rotation":0,"texture":"#0"},"north":{"uv":[6.5625,3.0625,7.1875,3.6875],"tintindex":0,"rotation":0,"texture":"#0"},"west":{"uv":[3.375,2.0,4.625,2.625],"tintindex":0,"rotation":0,"texture":"#0"},"up":{"uv":[1.875,4.8125,1.25,3.5625],"tintindex":0,"rotation":180,"texture":"#0"},"down":{"uv":[2.5,3.75,1.875,5.0],"tintindex":0,"rotation":180,"texture":"#0"}},"rotation":{"origin":[18.0,8.0,-1.0],"angle":-45.0,"axis":"z"}}],"display":{"gui":{"rotation":[30,225,0]}}}