{"textures":{"1":"modelengine:entity/hammerfrog"},"elements":[{"from":[9.920774,20.452732,5.846543],"to":[14.254108,25.786064,11.179876],"faces":{"east":{"uv":[2.0,2.0,4.0,4.0],"tintindex":0,"rotation":0,"texture":"#1"},"south":{"uv":[1.5,6.0,3.125,8.0],"tintindex":0,"rotation":0,"texture":"#1"},"north":{"uv":[4.5,6.0,6.125,8.0],"tintindex":0,"rotation":0,"texture":"#1"},"west":{"uv":[2.0,0.0,4.0,2.0],"tintindex":0,"rotation":0,"texture":"#1"},"up":{"uv":[7.75,2.0,6.125,0.0],"tintindex":0,"rotation":180,"texture":"#1"},"down":{"uv":[7.75,2.0,6.125,4.0],"tintindex":0,"rotation":180,"texture":"#1"}}},{"from":[4.5874414,22.119398,7.1798763],"to":[11.587442,23.786064,9.846543],"faces":{"east":{"uv":[3.125,7.375,4.125,8.0],"tintindex":0,"rotation":0,"texture":"#1"},"south":{"uv":[10.75,6.0,13.375,6.625],"tintindex":0,"rotation":0,"texture":"#1"},"north":{"uv":[10.75,6.625,13.375,7.25],"tintindex":0,"rotation":0,"texture":"#1"},"west":{"uv":[3.125,6.75,4.125,7.375],"tintindex":0,"rotation":0,"texture":"#1"},"up":{"uv":[10.375,2.75,7.75,1.75],"tintindex":0,"rotation":180,"texture":"#1"},"down":{"uv":[10.375,2.75,7.75,3.75],"tintindex":0,"rotation":180,"texture":"#1"}}},{"from":[10.254108,25.786064,6.5132093],"to":[13.920775,26.119398,10.51321],"faces":{"east":{"uv":[12.25,1.875,13.75,2.0],"tintindex":0,"rotation":0,"texture":"#1"},"south":{"uv":[12.25,2.75,13.625,2.875],"tintindex":0,"rotation":0,"texture":"#1"},"north":{"uv":[12.25,2.875,13.625,3.0],"tintindex":0,"rotation":0,"texture":"#1"},"west":{"uv":[12.25,1.75,13.75,1.875],"tintindex":0,"rotation":0,"texture":"#1"},"up":{"uv":[10.75,8.25,9.375,6.75],"tintindex":0,"rotation":180,"texture":"#1"},"down":{"uv":[10.75,8.25,9.375,9.75],"tintindex":0,"rotation":180,"texture":"#1"}}},{"from":[9.587441,21.119398,6.5132093],"to":[10.254108,25.119398,10.51321],"faces":{"east":{"uv":[1.5,8.0,3.0,9.5],"tintindex":0,"rotation":0,"texture":"#1"},"south":{"uv":[4.875,11.75,5.125,13.25],"tintindex":0,"rotation":0,"texture":"#1"},"north":{"uv":[11.75,7.25,12.0,8.75],"tintindex":0,"rotation":0,"texture":"#1"},"west":{"uv":[7.875,6.75,9.375,8.25],"tintindex":0,"rotation":0,"texture":"#1"},"up":{"uv":[12.0,12.25,11.75,10.75],"tintindex":0,"rotation":180,"texture":"#1"},"down":{"uv":[12.125,8.75,11.875,10.25],"tintindex":0,"rotation":180,"texture":"#1"}}},{"from":[7.2541084,13.786065,7.51321],"to":[9.254108,14.786065,9.513209],"faces":{"east":{"uv":[12.0,12.125,12.75,12.5],"tintindex":0,"rotation":0,"texture":"#1"},"south":{"uv":[12.125,9.125,12.875,9.5],"tintindex":0,"rotation":0,"texture":"#1"},"north":{"uv":[12.125,9.875,12.875,10.25],"tintindex":0,"rotation":0,"texture":"#1"},"west":{"uv":[12.125,9.5,12.875,9.875],"tintindex":0,"rotation":0,"texture":"#1"},"up":{"uv":[9.25,12.0,8.5,11.25],"tintindex":0,"rotation":180,"texture":"#1"},"down":{"uv":[10.0,11.25,9.25,12.0],"tintindex":0,"rotation":180,"texture":"#1"}}},{"from":[7.2541084,16.452732,7.51321],"to":[9.254108,17.452732,9.513209],"faces":{"east":{"uv":[12.125,3.0,12.875,3.375],"tintindex":0,"rotation":0,"texture":"#1"},"south":{"uv":[10.75,9.375,11.5,9.75],"tintindex":0,"rotation":0,"texture":"#1"},"north":{"uv":[0.0,12.125,0.75,12.5],"tintindex":0,"rotation":0,"texture":"#1"},"west":{"uv":[12.0,11.75,12.75,12.125],"tintindex":0,"rotation":0,"texture":"#1"},"up":{"uv":[11.5,9.375,10.75,8.625],"tintindex":0,"rotation":180,"texture":"#1"},"down":{"uv":[2.125,11.0,1.375,11.75],"tintindex":0,"rotation":180,"texture":"#1"}}},{"from":[7.2541084,21.786064,7.51321],"to":[9.254108,24.452732,9.513209],"faces":{"east":{"uv":[10.875,0.0,11.625,1.375],"tintindex":0,"rotation":0,"texture":"#1"},"south":{"uv":[3.125,4.0,3.875,5.375],"tintindex":0,"rotation":0,"texture":"#1"},"north":{"uv":[10.75,7.25,11.5,8.625],"tintindex":0,"rotation":0,"texture":"#1"},"west":{"uv":[3.125,5.375,3.875,6.75],"tintindex":0,"rotation":0,"texture":"#1"},"up":{"uv":[7.75,12.0,7.0,11.25],"tintindex":0,"rotation":180,"texture":"#1"},"down":{"uv":[8.5,11.25,7.75,12.0],"tintindex":0,"rotation":180,"texture":"#1"}}},{"from":[10.254108,20.119398,6.5132093],"to":[13.920775,20.452732,10.51321],"faces":{"east":{"uv":[12.25,2.125,13.75,2.25],"tintindex":0,"rotation":0,"texture":"#1"},"south":{"uv":[5.625,12.25,7.0,12.375],"tintindex":0,"rotation":0,"texture":"#1"},"north":{"uv":[12.25,7.25,13.625,7.375],"tintindex":0,"rotation":0,"texture":"#1"},"west":{"uv":[12.25,2.0,13.75,2.125],"tintindex":0,"rotation":0,"texture":"#1"},"up":{"uv":[10.875,1.5,9.5,0.0],"tintindex":0,"rotation":180,"texture":"#1"},"down":{"uv":[2.875,9.5,1.5,11.0],"tintindex":0,"rotation":180,"texture":"#1"}}},{"from":[10.254108,21.119398,5.1798763],"to":[13.920775,25.119398,5.846543],"faces":{"east":{"uv":[2.625,11.75,2.875,13.25],"tintindex":0,"rotation":0,"texture":"#1"},"south":{"uv":[10.25,9.75,11.625,11.25],"tintindex":0,"rotation":0,"texture":"#1"},"north":{"uv":[10.375,1.5,11.75,3.0],"tintindex":0,"rotation":0,"texture":"#1"},"west":{"uv":[2.375,11.75,2.625,13.25],"tintindex":0,"rotation":0,"texture":"#1"},"up":{"uv":[9.625,12.25,8.25,12.0],"tintindex":0,"rotation":180,"texture":"#1"},"down":{"uv":[11.0,12.0,9.625,12.25],"tintindex":0,"rotation":180,"texture":"#1"}}},{"from":[2.587441,21.119398,11.179876],"to":[6.2541084,25.119398,11.846543],"faces":{"east":{"uv":[3.625,11.75,3.875,13.25],"tintindex":0,"rotation":0,"texture":"#1"},"south":{"uv":[10.75,4.5,12.125,6.0],"tintindex":0,"rotation":0,"texture":"#1"},"north":{"uv":[5.625,10.75,7.0,12.25],"tintindex":0,"rotation":0,"texture":"#1"},"west":{"uv":[3.375,11.75,3.625,13.25],"tintindex":0,"rotation":0,"texture":"#1"},"up":{"uv":[13.375,11.5,12.0,11.25],"tintindex":0,"rotation":180,"texture":"#1"},"down":{"uv":[13.375,11.5,12.0,11.75],"tintindex":0,"rotation":180,"texture":"#1"}}},{"from":[7.2541084,18.786064,7.51321],"to":[9.254108,19.786064,9.513209],"faces":{"east":{"uv":[12.125,4.5,12.875,4.875],"tintindex":0,"rotation":0,"texture":"#1"},"south":{"uv":[12.125,3.375,12.875,3.75],"tintindex":0,"rotation":0,"texture":"#1"},"north":{"uv":[12.125,4.125,12.875,4.5],"tintindex":0,"rotation":0,"texture":"#1"},"west":{"uv":[12.125,3.75,12.875,4.125],"tintindex":0,"rotation":0,"texture":"#1"},"up":{"uv":[2.875,11.75,2.125,11.0],"tintindex":0,"rotation":180,"texture":"#1"},"down":{"uv":[3.625,11.0,2.875,11.75],"tintindex":0,"rotation":180,"texture":"#1"}}},{"from":[2.587441,21.119398,5.1798763],"to":[6.2541084,25.119398,5.846543],"faces":{"east":{"uv":[2.125,11.75,2.375,13.25],"tintindex":0,"rotation":0,"texture":"#1"},"south":{"uv":[7.5,9.75,8.875,11.25],"tintindex":0,"rotation":0,"texture":"#1"},"north":{"uv":[8.875,9.75,10.25,11.25],"tintindex":0,"rotation":0,"texture":"#1"},"west":{"uv":[1.875,11.75,2.125,13.25],"tintindex":0,"rotation":0,"texture":"#1"},"up":{"uv":[13.25,10.5,11.875,10.25],"tintindex":0,"rotation":180,"texture":"#1"},"down":{"uv":[13.25,10.5,11.875,10.75],"tintindex":0,"rotation":180,"texture":"#1"}}},{"from":[14.254108,20.786064,6.1798763],"to":[14.920775,25.452732,10.846543],"faces":{"east":{"uv":[7.75,0.0,9.5,1.75],"tintindex":0,"rotation":0,"texture":"#1"},"south":{"uv":[11.625,9.0,11.875,10.75],"tintindex":0,"rotation":0,"texture":"#1"},"north":{"uv":[11.75,0.0,12.0,1.75],"tintindex":0,"rotation":0,"texture":"#1"},"west":{"uv":[6.125,7.5,7.875,9.25],"tintindex":0,"rotation":0,"texture":"#1"},"up":{"uv":[1.625,13.5,1.375,11.75],"tintindex":0,"rotation":180,"texture":"#1"},"down":{"uv":[1.875,11.75,1.625,13.5],"tintindex":0,"rotation":180,"texture":"#1"}}},{"from":[7.587442,5.4527307,7.846543],"to":[8.920774,23.119398,9.179876],"faces":{"east":{"uv":[1.0,4.0,1.5,10.625],"tintindex":0,"rotation":0,"texture":"#1"},"south":{"uv":[0.0,4.0,0.5,10.625],"tintindex":0,"rotation":0,"texture":"#1"},"north":{"uv":[0.5,4.0,1.0,10.625],"tintindex":0,"rotation":0,"texture":"#1"},"west":{"uv":[4.0,0.0,4.5,6.625],"tintindex":0,"rotation":0,"texture":"#1"},"up":{"uv":[7.5,11.25,7.0,10.75],"tintindex":0,"rotation":180,"texture":"#1"},"down":{"uv":[11.5,12.0,11.0,12.5],"tintindex":0,"rotation":180,"texture":"#1"}}},{"from":[1.587441,20.786064,6.1798763],"to":[2.2541075,25.452732,10.846543],"faces":{"east":{"uv":[6.125,5.75,7.875,7.5],"tintindex":0,"rotation":0,"texture":"#1"},"south":{"uv":[5.125,11.0,5.375,12.75],"tintindex":0,"rotation":0,"texture":"#1"},"north":{"uv":[5.375,11.0,5.625,12.75],"tintindex":0,"rotation":0,"texture":"#1"},"west":{"uv":[6.125,4.0,7.875,5.75],"tintindex":0,"rotation":0,"texture":"#1"},"up":{"uv":[11.75,9.0,11.5,7.25],"tintindex":0,"rotation":180,"texture":"#1"},"down":{"uv":[11.75,11.25,11.5,13.0],"tintindex":0,"rotation":180,"texture":"#1"}}},{"from":[2.587441,20.119398,6.5132093],"to":[6.2541084,20.452732,10.51321],"faces":{"east":{"uv":[12.25,2.375,13.75,2.5],"tintindex":0,"rotation":0,"texture":"#1"},"south":{"uv":[12.25,7.375,13.625,7.5],"tintindex":0,"rotation":0,"texture":"#1"},"north":{"uv":[12.25,7.5,13.625,7.625],"tintindex":0,"rotation":0,"texture":"#1"},"west":{"uv":[12.25,2.25,13.75,2.375],"tintindex":0,"rotation":0,"texture":"#1"},"up":{"uv":[4.25,11.0,2.875,9.5],"tintindex":0,"rotation":180,"texture":"#1"},"down":{"uv":[5.625,9.5,4.25,11.0],"tintindex":0,"rotation":180,"texture":"#1"}}},{"from":[7.2541084,20.786064,7.51321],"to":[9.254108,21.786064,9.513209],"faces":{"east":{"uv":[12.125,8.75,12.875,9.125],"tintindex":0,"rotation":0,"texture":"#1"},"south":{"uv":[12.125,4.875,12.875,5.25],"tintindex":0,"rotation":0,"texture":"#1"},"north":{"uv":[12.125,5.625,12.875,6.0],"tintindex":0,"rotation":0,"texture":"#1"},"west":{"uv":[12.125,5.25,12.875,5.625],"tintindex":0,"rotation":0,"texture":"#1"},"up":{"uv":[4.375,11.75,3.625,11.0],"tintindex":0,"rotation":180,"texture":"#1"},"down":{"uv":[5.125,11.0,4.375,11.75],"tintindex":0,"rotation":180,"texture":"#1"}}},{"from":[2.587441,25.786064,6.5132093],"to":[6.2541084,26.119398,10.51321],"faces":{"east":{"uv":[12.25,1.625,13.75,1.75],"tintindex":0,"rotation":0,"texture":"#1"},"south":{"uv":[12.25,2.5,13.625,2.625],"tintindex":0,"rotation":0,"texture":"#1"},"north":{"uv":[12.25,2.625,13.625,2.75],"tintindex":0,"rotation":0,"texture":"#1"},"west":{"uv":[12.25,1.5,13.75,1.625],"tintindex":0,"rotation":0,"texture":"#1"},"up":{"uv":[10.75,5.25,9.375,3.75],"tintindex":0,"rotation":180,"texture":"#1"},"down":{"uv":[10.75,5.25,9.375,6.75],"tintindex":0,"rotation":180,"texture":"#1"}}},{"from":[2.2541075,20.452732,5.846543],"to":[6.5874414,25.786064,11.179876],"faces":{"east":{"uv":[0.0,2.0,2.0,4.0],"tintindex":0,"rotation":0,"texture":"#1"},"south":{"uv":[1.5,4.0,3.125,6.0],"tintindex":0,"rotation":0,"texture":"#1"},"north":{"uv":[4.5,0.0,6.125,2.0],"tintindex":0,"rotation":0,"texture":"#1"},"west":{"uv":[0.0,0.0,2.0,2.0],"tintindex":0,"rotation":0,"texture":"#1"},"up":{"uv":[6.125,4.0,4.5,2.0],"tintindex":0,"rotation":180,"texture":"#1"},"down":{"uv":[6.125,4.0,4.5,6.0],"tintindex":0,"rotation":180,"texture":"#1"}}},{"from":[14.920775,21.119398,6.5132093],"to":[15.587442,25.119398,10.51321],"faces":{"east":{"uv":[7.875,5.25,9.375,6.75],"tintindex":0,"rotation":0,"texture":"#1"},"south":{"uv":[3.875,11.75,4.125,13.25],"tintindex":0,"rotation":0,"texture":"#1"},"north":{"uv":[4.125,11.75,4.375,13.25],"tintindex":0,"rotation":0,"texture":"#1"},"west":{"uv":[7.875,3.75,9.375,5.25],"tintindex":0,"rotation":0,"texture":"#1"},"up":{"uv":[4.625,13.25,4.375,11.75],"tintindex":0,"rotation":180,"texture":"#1"},"down":{"uv":[4.875,11.75,4.625,13.25],"tintindex":0,"rotation":180,"texture":"#1"}}},{"from":[10.254108,21.119398,11.179876],"to":[13.920775,25.119398,11.846543],"faces":{"east":{"uv":[3.125,11.75,3.375,13.25],"tintindex":0,"rotation":0,"texture":"#1"},"south":{"uv":[0.0,10.625,1.375,12.125],"tintindex":0,"rotation":0,"texture":"#1"},"north":{"uv":[10.75,3.0,12.125,4.5],"tintindex":0,"rotation":0,"texture":"#1"},"west":{"uv":[2.875,11.75,3.125,13.25],"tintindex":0,"rotation":0,"texture":"#1"},"up":{"uv":[13.375,11.0,12.0,10.75],"tintindex":0,"rotation":180,"texture":"#1"},"down":{"uv":[13.375,11.0,12.0,11.25],"tintindex":0,"rotation":180,"texture":"#1"}}},{"from":[0.92077446,21.119398,6.5132093],"to":[1.587441,25.119398,10.51321],"faces":{"east":{"uv":[6.0,9.25,7.5,10.75],"tintindex":0,"rotation":0,"texture":"#1"},"south":{"uv":[12.0,7.25,12.25,8.75],"tintindex":0,"rotation":0,"texture":"#1"},"north":{"uv":[7.5,12.0,7.75,13.5],"tintindex":0,"rotation":0,"texture":"#1"},"west":{"uv":[7.875,8.25,9.375,9.75],"tintindex":0,"rotation":0,"texture":"#1"},"up":{"uv":[8.0,13.5,7.75,12.0],"tintindex":0,"rotation":180,"texture":"#1"},"down":{"uv":[8.25,12.0,8.0,13.5],"tintindex":0,"rotation":180,"texture":"#1"}}},{"from":[7.2541084,11.452731,7.51321],"to":[9.254108,12.452731,9.513209],"faces":{"east":{"uv":[12.25,1.125,13.0,1.5],"tintindex":0,"rotation":0,"texture":"#1"},"south":{"uv":[12.25,0.0,13.0,0.375],"tintindex":0,"rotation":0,"texture":"#1"},"north":{"uv":[12.25,0.75,13.0,1.125],"tintindex":0,"rotation":0,"texture":"#1"},"west":{"uv":[12.25,0.375,13.0,0.75],"tintindex":0,"rotation":0,"texture":"#1"},"up":{"uv":[10.75,12.0,10.0,11.25],"tintindex":0,"rotation":180,"texture":"#1"},"down":{"uv":[11.5,11.25,10.75,12.0],"tintindex":0,"rotation":180,"texture":"#1"}}},{"from":[6.2541084,21.119398,6.5132093],"to":[6.920775,25.119398,10.51321],"faces":{"east":{"uv":[4.5,8.0,6.0,9.5],"tintindex":0,"rotation":0,"texture":"#1"},"south":{"uv":[12.0,0.0,12.25,1.5],"tintindex":0,"rotation":0,"texture":"#1"},"north":{"uv":[12.0,1.5,12.25,3.0],"tintindex":0,"rotation":0,"texture":"#1"},"west":{"uv":[3.0,8.0,4.5,9.5],"tintindex":0,"rotation":0,"texture":"#1"},"up":{"uv":[7.25,13.5,7.0,12.0],"tintindex":0,"rotation":180,"texture":"#1"},"down":{"uv":[7.5,12.0,7.25,13.5],"tintindex":0,"rotation":180,"texture":"#1"}}}],"display":{"gui":{"rotation":[30,225,0]}}}