{"textures":{"0":"modelengine:entity/logranaloca_gama05"},"elements":[{"from":[6.0,7.25,1.0],"to":[10.5,8.25,8.0],"faces":{"east":{"uv":[7.875,1.625,8.75,1.75],"tintindex":0,"rotation":0,"texture":"#0"},"south":{"uv":[5.625,2.4375,6.1875,2.5625],"tintindex":0,"rotation":0,"texture":"#0"},"north":{"uv":[5.875,1.75,6.4375,1.875],"tintindex":0,"rotation":0,"texture":"#0"},"west":{"uv":[7.875,1.5,8.75,1.625],"tintindex":0,"rotation":0,"texture":"#0"},"up":{"uv":[6.5625,4.0625,6.0,3.1875],"tintindex":0,"rotation":180,"texture":"#0"},"down":{"uv":[6.5625,4.0625,6.0,4.9375],"tintindex":0,"rotation":180,"texture":"#0"}}},{"from":[6.0,7.25,-6.0],"to":[10.5,8.25,1.0],"faces":{"east":{"uv":[7.875,3.125,8.75,3.25],"tintindex":0,"rotation":0,"texture":"#0"},"south":{"uv":[6.875,8.0,7.4375,8.125],"tintindex":0,"rotation":0,"texture":"#0"},"north":{"uv":[8.0625,0.625,8.625,0.75],"tintindex":0,"rotation":0,"texture":"#0"},"west":{"uv":[7.875,3.0,8.75,3.125],"tintindex":0,"rotation":0,"texture":"#0"},"up":{"uv":[6.5625,5.8125,6.0,4.9375],"tintindex":0,"rotation":180,"texture":"#0"},"down":{"uv":[6.5625,5.8125,6.0,6.6875],"tintindex":0,"rotation":180,"texture":"#0"}}}],"display":{"gui":{"rotation":[30,225,0]}}}