{"textures":{"0":"modelengine:entity/logranaloca_gama05"},"elements":[{"from":[-2.0,2.6066017,5.949747],"to":[8.0,12.606602,25.949747],"faces":{"east":{"uv":[2.5,4.25,3.75,4.875],"tintindex":0,"rotation":0,"texture":"#0"},"south":{"uv":[6.5625,3.6875,7.1875,4.3125],"tintindex":0,"rotation":0,"texture":"#0"},"north":{"uv":[6.5625,4.3125,7.1875,4.9375],"tintindex":0,"rotation":0,"texture":"#0"},"west":{"uv":[4.125,2.625,5.375,3.25],"tintindex":0,"rotation":0,"texture":"#0"},"up":{"uv":[4.875,4.5,4.25,3.25],"tintindex":0,"rotation":180,"texture":"#0"},"down":{"uv":[5.125,0.0,4.5,1.25],"tintindex":0,"rotation":180,"texture":"#0"}},"rotation":{"origin":[20.0,6.535534,14.949747],"angle":-45.0,"axis":"x"}}],"display":{"gui":{"rotation":[30,225,0]}}}