{"textures":{"0":"modelengine:entity/logranaloca_gama05"},"elements":[{"from":[7.071068,8.535534,-1.5],"to":[12.071068,13.535534,9.5],"faces":{"east":{"uv":[7.1875,1.125,7.875,1.4375],"tintindex":0,"rotation":0,"texture":"#0"},"south":{"uv":[0.3125,7.9375,0.625,8.25],"tintindex":0,"rotation":0,"texture":"#0"},"north":{"uv":[1.5,7.9375,1.8125,8.25],"tintindex":0,"rotation":0,"texture":"#0"},"west":{"uv":[7.0625,7.125,7.75,7.4375],"tintindex":0,"rotation":0,"texture":"#0"},"up":{"uv":[1.375,7.875,1.0625,7.1875],"tintindex":0,"rotation":180,"texture":"#0"},"down":{"uv":[1.6875,7.1875,1.375,7.875],"tintindex":0,"rotation":180,"texture":"#0"}},"rotation":{"origin":[2.0710678,8.535534,11.5],"angle":-45.0,"axis":"z"}}],"display":{"gui":{"rotation":[30,225,0]}}}