{"textures":{"0":"modelengine:entity/logranaloca_gama05"},"elements":[{"from":[4.7867966,8.535534,-1.5],"to":[9.786797,13.535534,9.5],"faces":{"east":{"uv":[7.0625,6.8125,7.75,7.125],"tintindex":0,"rotation":0,"texture":"#0"},"south":{"uv":[5.1875,7.8125,5.5,8.125],"tintindex":0,"rotation":0,"texture":"#0"},"north":{"uv":[1.1875,7.875,1.5,8.1875],"tintindex":0,"rotation":0,"texture":"#0"},"west":{"uv":[7.0625,2.6875,7.75,3.0],"tintindex":0,"rotation":0,"texture":"#0"},"up":{"uv":[2.0,7.0,1.6875,6.3125],"tintindex":0,"rotation":180,"texture":"#0"},"down":{"uv":[1.0625,6.9375,0.75,7.625],"tintindex":0,"rotation":180,"texture":"#0"}},"rotation":{"origin":[-0.21320343,8.535534,11.5],"angle":-45.0,"axis":"z"}}],"display":{"gui":{"rotation":[30,225,0]}}}