{"textures":{"0":"modelengine:entity/logranaloca_gama05"},"elements":[{"from":[8.0,2.6066017,5.949747],"to":[18.0,12.606602,25.949747],"faces":{"east":{"uv":[4.625,1.25,5.875,1.875],"tintindex":0,"rotation":0,"texture":"#0"},"south":{"uv":[6.5625,4.9375,7.1875,5.5625],"tintindex":0,"rotation":0,"texture":"#0"},"north":{"uv":[6.5625,5.5625,7.1875,6.1875],"tintindex":0,"rotation":0,"texture":"#0"},"west":{"uv":[3.75,4.5,5.0,5.125],"tintindex":0,"rotation":0,"texture":"#0"},"up":{"uv":[0.625,6.0625,0.0,4.8125],"tintindex":0,"rotation":180,"texture":"#0"},"down":{"uv":[1.25,4.8125,0.625,6.0625],"tintindex":0,"rotation":180,"texture":"#0"}},"rotation":{"origin":[2.0,6.535534,14.949747],"angle":-45.0,"axis":"x"}}],"display":{"gui":{"rotation":[30,225,0]}}}