{"textures":{"0":"modelengine:entity/logranaloca_gama05"},"elements":[{"from":[4.3634195,1.7187672,2.7082748],"to":[10.86342,8.218767,9.108276],"faces":{"east":{"uv":[4.0625,7.25,4.4375,7.6875],"tintindex":0,"rotation":0,"texture":"#0"},"south":{"uv":[5.5625,7.1875,6.0,7.625],"tintindex":0,"rotation":0,"texture":"#0"},"north":{"uv":[7.1875,5.5625,7.625,6.0],"tintindex":0,"rotation":0,"texture":"#0"},"west":{"uv":[3.6875,7.25,4.0625,7.6875],"tintindex":0,"rotation":0,"texture":"#0"},"up":{"uv":[4.875,7.625,4.4375,7.25],"tintindex":0,"rotation":180,"texture":"#0"},"down":{"uv":[7.0,7.3125,6.5625,7.6875],"tintindex":0,"rotation":180,"texture":"#0"}}},{"from":[1.7552662,1.7187672,-3.7971725],"to":[5.655266,4.3187656,1.4028263],"faces":{"east":{"uv":[8.0625,8.125,8.375,8.3125],"tintindex":0,"rotation":0,"texture":"#0"},"south":{"uv":[5.8125,8.1875,6.0625,8.375],"tintindex":0,"rotation":0,"texture":"#0"},"north":{"uv":[8.1875,5.9375,8.4375,6.125],"tintindex":0,"rotation":0,"texture":"#0"},"west":{"uv":[7.75,8.125,8.0625,8.3125],"tintindex":0,"rotation":0,"texture":"#0"},"up":{"uv":[8.25,4.875,8.0,4.5625],"tintindex":0,"rotation":180,"texture":"#0"},"down":{"uv":[8.25,4.875,8.0,5.1875],"tintindex":0,"rotation":180,"texture":"#0"}},"rotation":{"origin":[5.005266,3.0187664,-1.1971722],"angle":22.5,"axis":"y"}},{"from":[9.563419,1.7187672,-5.0917244],"to":[13.46342,4.3187656,0.10827446],"faces":{"east":{"uv":[8.125,6.9375,8.4375,7.125],"tintindex":0,"rotation":0,"texture":"#0"},"south":{"uv":[8.1875,2.5,8.4375,2.6875],"tintindex":0,"rotation":0,"texture":"#0"},"north":{"uv":[2.75,8.1875,3.0,8.375],"tintindex":0,"rotation":0,"texture":"#0"},"west":{"uv":[6.875,8.125,7.1875,8.3125],"tintindex":0,"rotation":0,"texture":"#0"},"up":{"uv":[4.5,8.3125,4.25,8.0],"tintindex":0,"rotation":180,"texture":"#0"},"down":{"uv":[4.75,8.0,4.5,8.3125],"tintindex":0,"rotation":180,"texture":"#0"}},"rotation":{"origin":[7.6134195,3.0187664,-2.491726],"angle":-22.5,"axis":"y"}},{"from":[4.3634195,5.112953,3.5486565],"to":[10.86342,6.4129524,6.148655],"faces":{"east":{"uv":[0.5625,7.5,0.75,7.5625],"tintindex":0,"rotation":0,"texture":"#0"},"south":{"uv":[1.6875,7.0,2.125,7.0625],"tintindex":0,"rotation":0,"texture":"#0"},"north":{"uv":[7.5,0.875,7.9375,0.9375],"tintindex":0,"rotation":0,"texture":"#0"},"west":{"uv":[3.25,6.3125,3.4375,6.375],"tintindex":0,"rotation":0,"texture":"#0"},"up":{"uv":[8.375,1.0625,7.9375,0.875],"tintindex":0,"rotation":180,"texture":"#0"},"down":{"uv":[8.375,7.375,7.9375,7.5625],"tintindex":0,"rotation":180,"texture":"#0"}},"rotation":{"origin":[8.61342,3.1629524,2.2486553],"angle":-45.0,"axis":"x"}},{"from":[5.3634195,1.7187672,8.708275],"to":[9.86342,4.218767,11.108276],"faces":{"east":{"uv":[4.125,3.4375,4.25,3.625],"tintindex":0,"rotation":0,"texture":"#0"},"south":{"uv":[8.1875,1.9375,8.5,2.125],"tintindex":0,"rotation":0,"texture":"#0"},"north":{"uv":[8.1875,2.125,8.5,2.3125],"tintindex":0,"rotation":0,"texture":"#0"},"west":{"uv":[4.125,3.25,4.25,3.4375],"tintindex":0,"rotation":0,"texture":"#0"},"up":{"uv":[8.4375,7.25,8.125,7.125],"tintindex":0,"rotation":180,"texture":"#0"},"down":{"uv":[8.5625,5.5625,8.25,5.6875],"tintindex":0,"rotation":180,"texture":"#0"}}},{"from":[5.6634197,1.7187672,-5.0917244],"to":[9.563419,4.3187656,0.10827446],"faces":{"east":{"uv":[8.1875,1.75,8.5,1.9375],"tintindex":0,"rotation":0,"texture":"#0"},"south":{"uv":[0.0,8.25,0.25,8.4375],"tintindex":0,"rotation":0,"texture":"#0"},"north":{"uv":[0.25,8.25,0.5,8.4375],"tintindex":0,"rotation":0,"texture":"#0"},"west":{"uv":[0.9375,8.1875,1.25,8.375],"tintindex":0,"rotation":0,"texture":"#0"},"up":{"uv":[8.25,5.5,8.0,5.1875],"tintindex":0,"rotation":180,"texture":"#0"},"down":{"uv":[8.25,5.5,8.0,5.8125],"tintindex":0,"rotation":180,"texture":"#0"}}},{"from":[3.0634193,1.7187672,-0.19172478],"to":[12.163419,5.618767,5.008274],"faces":{"east":{"uv":[6.5625,8.0,6.875,8.25],"tintindex":0,"rotation":0,"texture":"#0"},"south":{"uv":[7.5,0.625,8.0625,0.875],"tintindex":0,"rotation":0,"texture":"#0"},"north":{"uv":[7.5,3.3125,8.0625,3.5625],"tintindex":0,"rotation":0,"texture":"#0"},"west":{"uv":[6.25,8.0,6.5625,8.25],"tintindex":0,"rotation":0,"texture":"#0"},"up":{"uv":[2.25,7.5625,1.6875,7.25],"tintindex":0,"rotation":180,"texture":"#0"},"down":{"uv":[2.8125,7.25,2.25,7.5625],"tintindex":0,"rotation":180,"texture":"#0"}},"rotation":{"origin":[7.6134195,3.668766,0.10827446],"angle":-22.5,"axis":"x"}}],"display":{"gui":{"rotation":[30,225,0]}}}