{"textures":{"0":"modelengine:entity/logranaloca_gama05"},"elements":[{"from":[4.220563,1.7187672,3.7082748],"to":[10.720563,8.218767,10.108276],"faces":{"east":{"uv":[3.125,5.5625,3.5,6.0],"tintindex":0,"rotation":0,"texture":"#0"},"south":{"uv":[7.1875,4.6875,7.625,5.125],"tintindex":0,"rotation":0,"texture":"#0"},"north":{"uv":[7.1875,5.125,7.625,5.5625],"tintindex":0,"rotation":0,"texture":"#0"},"west":{"uv":[2.125,5.0,2.5,5.4375],"tintindex":0,"rotation":0,"texture":"#0"},"up":{"uv":[3.25,7.625,2.8125,7.25],"tintindex":0,"rotation":180,"texture":"#0"},"down":{"uv":[3.6875,7.25,3.25,7.625],"tintindex":0,"rotation":180,"texture":"#0"}}},{"from":[1.6124086,1.7187672,-2.7971725],"to":[5.512409,4.3187656,2.4028263],"faces":{"east":{"uv":[8.125,2.6875,8.4375,2.875],"tintindex":0,"rotation":0,"texture":"#0"},"south":{"uv":[3.0,7.0625,3.25,7.25],"tintindex":0,"rotation":0,"texture":"#0"},"north":{"uv":[7.1875,8.125,7.4375,8.3125],"tintindex":0,"rotation":0,"texture":"#0"},"west":{"uv":[0.625,8.125,0.9375,8.3125],"tintindex":0,"rotation":0,"texture":"#0"},"up":{"uv":[3.5,6.3125,3.25,6.0],"tintindex":0,"rotation":180,"texture":"#0"},"down":{"uv":[3.75,8.0,3.5,8.3125],"tintindex":0,"rotation":180,"texture":"#0"}},"rotation":{"origin":[4.8624096,3.0187664,-0.19717216],"angle":22.5,"axis":"y"}},{"from":[2.9205637,1.7187672,0.8082752],"to":[12.020563,5.618767,6.008274],"faces":{"east":{"uv":[3.1875,8.0,3.5,8.25],"tintindex":0,"rotation":0,"texture":"#0"},"south":{"uv":[3.375,2.625,3.9375,2.875],"tintindex":0,"rotation":0,"texture":"#0"},"north":{"uv":[7.0,7.4375,7.5625,7.6875],"tintindex":0,"rotation":0,"texture":"#0"},"west":{"uv":[0.75,7.625,1.0625,7.875],"tintindex":0,"rotation":0,"texture":"#0"},"up":{"uv":[6.5625,7.5,6.0,7.1875],"tintindex":0,"rotation":180,"texture":"#0"},"down":{"uv":[0.5625,7.25,0.0,7.5625],"tintindex":0,"rotation":180,"texture":"#0"}},"rotation":{"origin":[7.470563,3.668766,1.1082745],"angle":-22.5,"axis":"x"}},{"from":[5.520563,1.7187672,-4.0917244],"to":[9.420563,4.3187656,1.1082745],"faces":{"east":{"uv":[8.125,0.375,8.4375,0.5625],"tintindex":0,"rotation":0,"texture":"#0"},"south":{"uv":[3.5,4.875,3.75,5.0625],"tintindex":0,"rotation":0,"texture":"#0"},"north":{"uv":[5.75,3.8125,6.0,4.0],"tintindex":0,"rotation":0,"texture":"#0"},"west":{"uv":[7.4375,8.0625,7.75,8.25],"tintindex":0,"rotation":0,"texture":"#0"},"up":{"uv":[6.0,3.5,5.75,3.1875],"tintindex":0,"rotation":180,"texture":"#0"},"down":{"uv":[6.0,3.5,5.75,3.8125],"tintindex":0,"rotation":180,"texture":"#0"}}},{"from":[4.220563,5.112953,4.5486565],"to":[10.720563,6.4129524,7.148655],"faces":{"east":{"uv":[3.5,5.0625,3.6875,5.125],"tintindex":0,"rotation":0,"texture":"#0"},"south":{"uv":[4.625,2.5625,5.0625,2.625],"tintindex":0,"rotation":0,"texture":"#0"},"north":{"uv":[6.5,2.375,6.9375,2.4375],"tintindex":0,"rotation":0,"texture":"#0"},"west":{"uv":[1.6875,4.9375,1.875,5.0],"tintindex":0,"rotation":0,"texture":"#0"},"up":{"uv":[1.6875,5.0,1.25,4.8125],"tintindex":0,"rotation":180,"texture":"#0"},"down":{"uv":[6.0,6.5,5.5625,6.6875],"tintindex":0,"rotation":180,"texture":"#0"}},"rotation":{"origin":[7.470563,3.1629524,3.2486553],"angle":-45.0,"axis":"x"}},{"from":[9.420563,1.7187672,-4.0917244],"to":[13.320562,4.3187656,1.1082745],"faces":{"east":{"uv":[5.0625,8.125,5.375,8.3125],"tintindex":0,"rotation":0,"texture":"#0"},"south":{"uv":[1.25,8.1875,1.5,8.375],"tintindex":0,"rotation":0,"texture":"#0"},"north":{"uv":[8.1875,2.3125,8.4375,2.5],"tintindex":0,"rotation":0,"texture":"#0"},"west":{"uv":[4.75,8.125,5.0625,8.3125],"tintindex":0,"rotation":0,"texture":"#0"},"up":{"uv":[4.0,8.3125,3.75,8.0],"tintindex":0,"rotation":180,"texture":"#0"},"down":{"uv":[4.25,8.0,4.0,8.3125],"tintindex":0,"rotation":180,"texture":"#0"}},"rotation":{"origin":[7.470563,3.0187664,-1.4917259],"angle":-22.5,"axis":"y"}},{"from":[5.220563,1.7187672,9.708275],"to":[9.720563,4.218767,12.108276],"faces":{"east":{"uv":[1.875,3.5625,2.0,3.75],"tintindex":0,"rotation":0,"texture":"#0"},"south":{"uv":[8.125,6.5625,8.4375,6.75],"tintindex":0,"rotation":0,"texture":"#0"},"north":{"uv":[8.125,6.75,8.4375,6.9375],"tintindex":0,"rotation":0,"texture":"#0"},"west":{"uv":[3.125,0.875,3.25,1.0625],"tintindex":0,"rotation":0,"texture":"#0"},"up":{"uv":[2.4375,5.5625,2.125,5.4375],"tintindex":0,"rotation":180,"texture":"#0"},"down":{"uv":[8.4375,2.875,8.125,3.0],"tintindex":0,"rotation":180,"texture":"#0"}}}],"display":{"gui":{"rotation":[30,225,0]}}}