{"textures":{"0":"modelengine:entity/logranaloca_gama05"},"elements":[{"from":[6.0,7.25,1.0],"to":[10.5,8.25,8.0],"faces":{"east":{"uv":[7.875,3.6875,8.75,3.8125],"tintindex":0,"rotation":0,"texture":"#0"},"south":{"uv":[8.0625,0.75,8.625,0.875],"tintindex":0,"rotation":0,"texture":"#0"},"north":{"uv":[8.0625,3.25,8.625,3.375],"tintindex":0,"rotation":0,"texture":"#0"},"west":{"uv":[7.875,3.5625,8.75,3.6875],"tintindex":0,"rotation":0,"texture":"#0"},"up":{"uv":[0.5625,6.9375,0.0,6.0625],"tintindex":0,"rotation":180,"texture":"#0"},"down":{"uv":[1.125,6.0625,0.5625,6.9375],"tintindex":0,"rotation":180,"texture":"#0"}}},{"from":[6.0,7.25,-6.0],"to":[10.5,8.25,1.0],"faces":{"east":{"uv":[7.875,3.9375,8.75,4.0625],"tintindex":0,"rotation":0,"texture":"#0"},"south":{"uv":[8.0625,3.375,8.625,3.5],"tintindex":0,"rotation":0,"texture":"#0"},"north":{"uv":[8.0625,6.3125,8.625,6.4375],"tintindex":0,"rotation":0,"texture":"#0"},"west":{"uv":[7.875,3.8125,8.75,3.9375],"tintindex":0,"rotation":0,"texture":"#0"},"up":{"uv":[2.6875,7.0625,2.125,6.1875],"tintindex":0,"rotation":180,"texture":"#0"},"down":{"uv":[3.25,6.1875,2.6875,7.0625],"tintindex":0,"rotation":180,"texture":"#0"}}}],"display":{"gui":{"rotation":[30,225,0]}}}