{"textures":{"0":"modelengine:entity/logranaloca_gama05"},"elements":[{"from":[4.0,-13.290689,8.486643],"to":[12.0,6.7093124,16.486645],"faces":{"east":{"uv":[5.5,5.25,6.0,6.5],"tintindex":0,"rotation":0,"texture":"#0"},"south":{"uv":[4.5,5.125,5.0,6.375],"tintindex":0,"rotation":0,"texture":"#0"},"north":{"uv":[5.5,4.0,6.0,5.25],"tintindex":0,"rotation":0,"texture":"#0"},"west":{"uv":[5.0,5.25,5.5,6.5],"tintindex":0,"rotation":0,"texture":"#0"},"up":{"uv":[6.5625,7.1875,6.0625,6.6875],"tintindex":0,"rotation":180,"texture":"#0"},"down":{"uv":[7.0625,6.8125,6.5625,7.3125],"tintindex":0,"rotation":180,"texture":"#0"}},"rotation":{"origin":[-4.0,-3.3617573,6.486643],"angle":-22.5,"axis":"x"}}],"display":{"gui":{"rotation":[30,225,0]}}}