{"textures":{"0":"modelengine:entity/logranaloca_gama05"},"elements":[{"from":[4.0,-13.290689,9.486643],"to":[12.0,6.7093124,17.486645],"faces":{"east":{"uv":[4.0,5.125,4.5,6.375],"tintindex":0,"rotation":0,"texture":"#0"},"south":{"uv":[5.0,4.0,5.5,5.25],"tintindex":0,"rotation":0,"texture":"#0"},"north":{"uv":[3.5,5.125,4.0,6.375],"tintindex":0,"rotation":0,"texture":"#0"},"west":{"uv":[5.125,0.0,5.625,1.25],"tintindex":0,"rotation":0,"texture":"#0"},"up":{"uv":[3.0,4.25,2.5,3.75],"tintindex":0,"rotation":180,"texture":"#0"},"down":{"uv":[6.0625,6.6875,5.5625,7.1875],"tintindex":0,"rotation":180,"texture":"#0"}},"rotation":{"origin":[24.0,-3.3617573,7.486643],"angle":-22.5,"axis":"x"}}],"display":{"gui":{"rotation":[30,225,0]}}}