{"textures":{"0":"modelengine:entity/logranaloca_gama05"},"elements":[{"from":[6.0,7.25,1.0],"to":[10.5,8.25,8.0],"faces":{"east":{"uv":[7.875,4.4375,8.75,4.5625],"tintindex":0,"rotation":0,"texture":"#0"},"south":{"uv":[8.125,0.125,8.6875,0.25],"tintindex":0,"rotation":0,"texture":"#0"},"north":{"uv":[8.125,0.25,8.6875,0.375],"tintindex":0,"rotation":0,"texture":"#0"},"west":{"uv":[7.875,4.3125,8.75,4.4375],"tintindex":0,"rotation":0,"texture":"#0"},"up":{"uv":[4.375,7.25,3.8125,6.375],"tintindex":0,"rotation":180,"texture":"#0"},"down":{"uv":[4.9375,6.375,4.375,7.25],"tintindex":0,"rotation":180,"texture":"#0"}}},{"from":[6.0,7.25,-6.0],"to":[10.5,8.25,1.0],"faces":{"east":{"uv":[7.875,4.1875,8.75,4.3125],"tintindex":0,"rotation":0,"texture":"#0"},"south":{"uv":[8.0625,6.4375,8.625,6.5625],"tintindex":0,"rotation":0,"texture":"#0"},"north":{"uv":[8.125,0.0,8.6875,0.125],"tintindex":0,"rotation":0,"texture":"#0"},"west":{"uv":[7.875,4.0625,8.75,4.1875],"tintindex":0,"rotation":0,"texture":"#0"},"up":{"uv":[1.6875,7.1875,1.125,6.3125],"tintindex":0,"rotation":180,"texture":"#0"},"down":{"uv":[3.8125,6.375,3.25,7.25],"tintindex":0,"rotation":180,"texture":"#0"}}}],"display":{"gui":{"rotation":[30,225,0]}}}