{"textures":{"0":"modelengine:entity/pa_elephant2"},"elements":[{"from":[2.3999996,-8.0,7.0],"to":[13.4,19.0,18.5],"faces":{"east":{"uv":[0.0,0.6875,0.6875,2.375],"tintindex":0,"rotation":0,"texture":"#0"},"south":{"uv":[2.0625,0.6875,2.75,2.375],"tintindex":0,"rotation":0,"texture":"#0"},"north":{"uv":[0.6875,0.6875,1.375,2.375],"tintindex":0,"rotation":0,"texture":"#0"},"west":{"uv":[1.375,0.6875,2.0625,2.375],"tintindex":0,"rotation":0,"texture":"#0"},"up":{"uv":[1.375,0.6875,0.6875,0.0],"tintindex":0,"rotation":0,"texture":"#0"},"down":{"uv":[2.0625,0.0,1.375,0.6875],"tintindex":0,"rotation":0,"texture":"#0"}}}]}