{"textures":{"0":"modelengine:entity/pa_elephant2"},"elements":[{"from":[6.5,-6.5,6.25],"to":[9.5,2.0,9.25],"faces":{"east":{"uv":[1.0625,7.5625,1.4375,8.625],"tintindex":0,"rotation":0,"texture":"#0"},"south":{"uv":[2.1875,7.5625,2.5625,8.625],"tintindex":0,"rotation":0,"texture":"#0"},"north":{"uv":[1.4375,7.5625,1.8125,8.625],"tintindex":0,"rotation":0,"texture":"#0"},"west":{"uv":[1.8125,7.5625,2.1875,8.625],"tintindex":0,"rotation":0,"texture":"#0"},"up":{"uv":[1.8125,7.5625,1.4375,7.1875],"tintindex":0,"rotation":0,"texture":"#0"},"down":{"uv":[2.1875,7.1875,1.8125,7.5625],"tintindex":0,"rotation":0,"texture":"#0"}}},{"from":[6.0,2.0,5.8],"to":[10.0,14.0,9.3],"faces":{"east":{"uv":[6.8125,7.25,7.25,8.75],"tintindex":0,"rotation":0,"texture":"#0"},"south":{"uv":[8.1875,7.25,8.6875,8.75],"tintindex":0,"rotation":0,"texture":"#0"},"north":{"uv":[7.25,7.25,7.75,8.75],"tintindex":0,"rotation":0,"texture":"#0"},"west":{"uv":[7.75,7.25,8.1875,8.75],"tintindex":0,"rotation":0,"texture":"#0"},"up":{"uv":[7.75,7.25,7.25,6.8125],"tintindex":0,"rotation":0,"texture":"#0"},"down":{"uv":[8.25,6.8125,7.75,7.25],"tintindex":0,"rotation":0,"texture":"#0"}}}]}