{"textures":{"0":"modelengine:entity/pa_elephant2"},"elements":[{"from":[15.0,-1.0,-11.0],"to":[18.0,11.0,-8.0],"faces":{"east":{"uv":[6.5,1.75,6.6875,2.5],"tintindex":0,"rotation":0,"texture":"#0"},"south":{"uv":[7.0625,1.75,7.25,2.5],"tintindex":0,"rotation":0,"texture":"#0"},"north":{"uv":[6.6875,1.75,6.875,2.5],"tintindex":0,"rotation":0,"texture":"#0"},"west":{"uv":[6.875,1.75,7.0625,2.5],"tintindex":0,"rotation":0,"texture":"#0"},"up":{"uv":[6.875,1.75,6.6875,1.5625],"tintindex":0,"rotation":0,"texture":"#0"},"down":{"uv":[7.0625,1.5625,6.875,1.75],"tintindex":0,"rotation":0,"texture":"#0"}},"rotation":{"origin":[13.0,-1.0,-13.0],"angle":0.0,"axis":"z"}},{"from":[-2.0,-2.0,-11.0],"to":[1.0,10.0,-8.0],"faces":{"east":{"uv":[7.0625,1.75,6.875,2.5],"tintindex":0,"rotation":0,"texture":"#0"},"south":{"uv":[7.25,1.75,7.0625,2.5],"tintindex":0,"rotation":0,"texture":"#0"},"north":{"uv":[6.875,1.75,6.6875,2.5],"tintindex":0,"rotation":0,"texture":"#0"},"west":{"uv":[6.6875,1.75,6.5,2.5],"tintindex":0,"rotation":0,"texture":"#0"},"up":{"uv":[6.6875,1.75,6.875,1.5625],"tintindex":0,"rotation":0,"texture":"#0"},"down":{"uv":[6.875,1.5625,7.0625,1.75],"tintindex":0,"rotation":0,"texture":"#0"}},"rotation":{"origin":[3.0,-1.0,-13.0],"angle":0.0,"axis":"z"}}]}