{"textures":{"0":"modelengine:entity/orc_one"},"elements":[{"from":[-1.6360006,3.2479992,3.2480001],"to":[10.354,11.167999,11.168],"faces":{"east":{"uv":[3.625,5.1875,4.0625,5.625],"tintindex":0,"rotation":0,"texture":"#0"},"south":{"uv":[5.1875,5.1875,5.875,5.625],"tintindex":0,"rotation":0,"texture":"#0"},"north":{"uv":[4.0625,5.1875,4.75,5.625],"tintindex":0,"rotation":0,"texture":"#0"},"west":{"uv":[4.75,5.1875,5.1875,5.625],"tintindex":0,"rotation":0,"texture":"#0"},"up":{"uv":[4.75,5.1875,4.0625,4.75],"tintindex":0,"rotation":0,"texture":"#0"},"down":{"uv":[5.4375,4.75,4.75,5.1875],"tintindex":0,"rotation":0,"texture":"#0"}},"rotation":{"origin":[1.9645452,11.882343,7.2894],"angle":22.5,"axis":"z"}},{"from":[-2.904561,5.743635,4.348],"to":[6.885438,15.863636,10.068],"faces":{"east":{"uv":[5.5,3.75,5.8125,4.375],"tintindex":0,"rotation":0,"texture":"#0"},"south":{"uv":[6.6875,3.75,7.25,4.375],"tintindex":0,"rotation":0,"texture":"#0"},"north":{"uv":[5.8125,3.75,6.375,4.375],"tintindex":0,"rotation":0,"texture":"#0"},"west":{"uv":[6.375,3.75,6.6875,4.375],"tintindex":0,"rotation":0,"texture":"#0"},"up":{"uv":[6.375,3.75,5.8125,3.4375],"tintindex":0,"rotation":0,"texture":"#0"},"down":{"uv":[6.9375,3.4375,6.375,3.75],"tintindex":0,"rotation":0,"texture":"#0"}},"rotation":{"origin":[1.9645452,11.882343,7.2894],"angle":-22.5,"axis":"z"}},{"from":[-2.9289694,12.470425,5.0608],"to":[4.6390305,20.038425,9.6807995],"faces":{"east":{"uv":[6.75,6.1875,7.0,6.625],"tintindex":0,"rotation":0,"texture":"#0"},"south":{"uv":[7.6875,6.1875,8.125,6.625],"tintindex":0,"rotation":0,"texture":"#0"},"north":{"uv":[7.0,6.1875,7.4375,6.625],"tintindex":0,"rotation":0,"texture":"#0"},"west":{"uv":[7.4375,6.1875,7.6875,6.625],"tintindex":0,"rotation":0,"texture":"#0"},"up":{"uv":[7.4375,6.1875,7.0,5.9375],"tintindex":0,"rotation":0,"texture":"#0"},"down":{"uv":[7.875,5.9375,7.4375,6.1875],"tintindex":0,"rotation":0,"texture":"#0"}},"rotation":{"origin":[1.9645452,11.882343,7.2894],"angle":0.0,"axis":"z"}},{"from":[2.4560003,0.07999992,4.5151997],"to":[8.792,7.0319996,10.8512],"faces":{"east":{"uv":[6.0,4.8125,6.375,5.1875],"tintindex":0,"rotation":0,"texture":"#0"},"south":{"uv":[7.125,4.8125,7.5,5.1875],"tintindex":0,"rotation":0,"texture":"#0"},"north":{"uv":[6.375,4.8125,6.75,5.1875],"tintindex":0,"rotation":0,"texture":"#0"},"west":{"uv":[6.75,4.8125,7.125,5.1875],"tintindex":0,"rotation":0,"texture":"#0"},"up":{"uv":[6.75,4.8125,6.375,4.4375],"tintindex":0,"rotation":0,"texture":"#0"},"down":{"uv":[7.125,4.4375,6.75,4.8125],"tintindex":0,"rotation":0,"texture":"#0"}}}],"display":{"gui":{"rotation":[30,225,0]}}}