{"textures":{"0":"modelengine:entity/orc_one"},"elements":[{"from":[4.176,-0.18400021,5.096],"to":[10.684,8.264,10.904],"faces":{"east":{"uv":[2.25,7.0,2.5625,7.5],"tintindex":0,"rotation":0,"texture":"#0"},"south":{"uv":[3.25,7.0,3.625,7.5],"tintindex":0,"rotation":0,"texture":"#0"},"north":{"uv":[2.5625,7.0,2.9375,7.5],"tintindex":0,"rotation":0,"texture":"#0"},"west":{"uv":[2.9375,7.0,3.25,7.5],"tintindex":0,"rotation":0,"texture":"#0"},"up":{"uv":[2.9375,7.0,2.5625,6.6875],"tintindex":0,"rotation":0,"texture":"#0"},"down":{"uv":[3.3125,6.6875,2.9375,7.0],"tintindex":0,"rotation":0,"texture":"#0"}}},{"from":[7.736,0.07999973,4.436],"to":[12.004,8.527999,11.564],"faces":{"east":{"uv":[1.0625,7.5625,1.4375,8.0625],"tintindex":0,"rotation":0,"texture":"#0"},"south":{"uv":[2.0,7.5625,2.1875,8.0625],"tintindex":0,"rotation":0,"texture":"#0"},"north":{"uv":[1.4375,7.5625,1.625,8.0625],"tintindex":0,"rotation":0,"texture":"#0"},"west":{"uv":[1.625,7.5625,2.0,8.0625],"tintindex":0,"rotation":0,"texture":"#0"},"up":{"uv":[1.625,7.5625,1.4375,7.1875],"tintindex":0,"rotation":0,"texture":"#0"},"down":{"uv":[1.8125,7.1875,1.625,7.5625],"tintindex":0,"rotation":0,"texture":"#0"}}}],"display":{"gui":{"rotation":[30,225,0]}}}