{"textures":{"0":"modelengine:entity/orc_one"},"elements":[{"from":[5.316,-0.18400021,5.096],"to":[12.374,8.264,10.904],"faces":{"east":{"uv":[0.0,7.0,0.3125,7.5],"tintindex":0,"rotation":0,"texture":"#0"},"south":{"uv":[1.0,7.0,1.375,7.5],"tintindex":0,"rotation":0,"texture":"#0"},"north":{"uv":[0.3125,7.0,0.6875,7.5],"tintindex":0,"rotation":0,"texture":"#0"},"west":{"uv":[0.6875,7.0,1.0,7.5],"tintindex":0,"rotation":0,"texture":"#0"},"up":{"uv":[0.6875,7.0,0.3125,6.6875],"tintindex":0,"rotation":0,"texture":"#0"},"down":{"uv":[1.0625,6.6875,0.6875,7.0],"tintindex":0,"rotation":0,"texture":"#0"}}},{"from":[3.996,0.07999973,4.436],"to":[8.264,8.527999,11.564],"faces":{"east":{"uv":[5.0,7.4375,5.375,7.9375],"tintindex":0,"rotation":0,"texture":"#0"},"south":{"uv":[5.9375,7.4375,6.125,7.9375],"tintindex":0,"rotation":0,"texture":"#0"},"north":{"uv":[5.375,7.4375,5.5625,7.9375],"tintindex":0,"rotation":0,"texture":"#0"},"west":{"uv":[5.5625,7.4375,5.9375,7.9375],"tintindex":0,"rotation":0,"texture":"#0"},"up":{"uv":[5.5625,7.4375,5.375,7.0625],"tintindex":0,"rotation":0,"texture":"#0"},"down":{"uv":[5.75,7.0625,5.5625,7.4375],"tintindex":0,"rotation":0,"texture":"#0"}}}],"display":{"gui":{"rotation":[30,225,0]}}}