{"textures":{"0":"modelengine:entity/orc_one"},"elements":[{"from":[0.8720002,4.8320007,4.832],"to":[15.128,25.424,11.168],"faces":{"east":{"uv":[2.9375,3.4375,3.3125,4.6875],"tintindex":0,"rotation":0,"texture":"#0"},"south":{"uv":[4.5625,3.4375,5.4375,4.6875],"tintindex":0,"rotation":0,"texture":"#0"},"north":{"uv":[3.3125,3.4375,4.1875,4.6875],"tintindex":0,"rotation":0,"texture":"#0"},"west":{"uv":[4.1875,3.4375,4.5625,4.6875],"tintindex":0,"rotation":0,"texture":"#0"},"up":{"uv":[4.1875,3.4375,3.3125,3.0625],"tintindex":0,"rotation":0,"texture":"#0"},"down":{"uv":[5.0625,3.0625,4.1875,3.4375],"tintindex":0,"rotation":0,"texture":"#0"}}},{"from":[0.71360004,4.5152,3.8816],"to":[15.2864,7.9999995,12.118401],"faces":{"east":{"uv":[3.125,1.5625,3.625,1.75],"tintindex":0,"rotation":0,"texture":"#0"},"south":{"uv":[5.0,1.5625,5.875,1.75],"tintindex":0,"rotation":0,"texture":"#0"},"north":{"uv":[3.625,1.5625,4.5,1.75],"tintindex":0,"rotation":0,"texture":"#0"},"west":{"uv":[4.5,1.5625,5.0,1.75],"tintindex":0,"rotation":0,"texture":"#0"},"up":{"uv":[4.5,1.5625,3.625,1.0625],"tintindex":0,"rotation":0,"texture":"#0"},"down":{"uv":[5.375,1.0625,4.5,1.5625],"tintindex":0,"rotation":0,"texture":"#0"}}},{"from":[8.924,7.325182,1.615241],"to":[10.375999,10.9771805,3.683241],"faces":{"east":{"uv":[0.0,2.4375,0.125,2.625],"tintindex":0,"rotation":0,"texture":"#0"},"south":{"uv":[0.3125,2.4375,0.375,2.625],"tintindex":0,"rotation":0,"texture":"#0"},"north":{"uv":[0.125,2.4375,0.1875,2.625],"tintindex":0,"rotation":0,"texture":"#0"},"west":{"uv":[0.1875,2.4375,0.3125,2.625],"tintindex":0,"rotation":0,"texture":"#0"},"up":{"uv":[0.1875,2.4375,0.125,2.3125],"tintindex":0,"rotation":0,"texture":"#0"},"down":{"uv":[0.25,2.3125,0.1875,2.4375],"tintindex":0,"rotation":0,"texture":"#0"}},"rotation":{"origin":[8.0,9.15118,2.649241],"angle":-22.5,"axis":"z"}},{"from":[-1.1783997,16.3532,2.4064002],"to":[17.1784,26.174002,12.6432],"faces":{"east":{"uv":[8.5625,1.8125,9.1875,2.375],"tintindex":0,"rotation":0,"texture":"#0"},"south":{"uv":[10.9375,1.8125,12.0625,2.375],"tintindex":0,"rotation":0,"texture":"#0"},"north":{"uv":[9.1875,1.8125,10.3125,2.375],"tintindex":0,"rotation":0,"texture":"#0"},"west":{"uv":[10.3125,1.8125,10.9375,2.375],"tintindex":0,"rotation":0,"texture":"#0"},"up":{"uv":[10.3125,1.8125,9.1875,1.1875],"tintindex":0,"rotation":0,"texture":"#0"},"down":{"uv":[11.4375,1.1875,10.3125,1.8125],"tintindex":0,"rotation":0,"texture":"#0"}}},{"from":[6.724,7.325182,1.615241],"to":[8.176,10.9771805,3.683241],"faces":{"east":{"uv":[1.375,0.125,1.5,0.3125],"tintindex":0,"rotation":0,"texture":"#0"},"south":{"uv":[1.6875,0.125,1.75,0.3125],"tintindex":0,"rotation":0,"texture":"#0"},"north":{"uv":[1.5,0.125,1.5625,0.3125],"tintindex":0,"rotation":0,"texture":"#0"},"west":{"uv":[1.5625,0.125,1.6875,0.3125],"tintindex":0,"rotation":0,"texture":"#0"},"up":{"uv":[1.5625,0.125,1.5,0.0],"tintindex":0,"rotation":0,"texture":"#0"},"down":{"uv":[1.625,0.0,1.5625,0.125],"tintindex":0,"rotation":0,"texture":"#0"}},"rotation":{"origin":[8.0,9.15118,2.649241],"angle":22.5,"axis":"z"}},{"from":[4.524,4.1984005,1.356],"to":[11.476,8.950401,5.624],"faces":{"east":{"uv":[1.375,1.0,1.625,1.25],"tintindex":0,"rotation":0,"texture":"#0"},"south":{"uv":[2.25,1.0,2.625,1.25],"tintindex":0,"rotation":0,"texture":"#0"},"north":{"uv":[1.625,1.0,2.0,1.25],"tintindex":0,"rotation":0,"texture":"#0"},"west":{"uv":[2.0,1.0,2.25,1.25],"tintindex":0,"rotation":0,"texture":"#0"},"up":{"uv":[2.0,1.0,1.625,0.75],"tintindex":0,"rotation":0,"texture":"#0"},"down":{"uv":[2.375,0.75,2.0,1.0],"tintindex":0,"rotation":0,"texture":"#0"}}},{"from":[3.974,0.9304218,-2.0360966],"to":[6.526,4.5824223,0.031903744],"faces":{"east":{"uv":[0.0,4.875,0.125,5.0625],"tintindex":0,"rotation":0,"texture":"#0"},"south":{"uv":[0.375,4.875,0.5,5.0625],"tintindex":0,"rotation":0,"texture":"#0"},"north":{"uv":[0.125,4.875,0.25,5.0625],"tintindex":0,"rotation":0,"texture":"#0"},"west":{"uv":[0.25,4.875,0.375,5.0625],"tintindex":0,"rotation":0,"texture":"#0"},"up":{"uv":[0.25,4.875,0.125,4.75],"tintindex":0,"rotation":0,"texture":"#0"},"down":{"uv":[0.375,4.75,0.25,4.875],"tintindex":0,"rotation":0,"texture":"#0"}},"rotation":{"origin":[8.0,7.046423,-2.4320965],"angle":-45.0,"axis":"x"}},{"from":[9.474,0.9304218,-2.0360966],"to":[12.026,4.5824223,0.031903744],"faces":{"east":{"uv":[1.9375,3.8125,2.0625,4.0],"tintindex":0,"rotation":0,"texture":"#0"},"south":{"uv":[2.3125,3.8125,2.4375,4.0],"tintindex":0,"rotation":0,"texture":"#0"},"north":{"uv":[2.0625,3.8125,2.1875,4.0],"tintindex":0,"rotation":0,"texture":"#0"},"west":{"uv":[2.1875,3.8125,2.3125,4.0],"tintindex":0,"rotation":0,"texture":"#0"},"up":{"uv":[2.1875,3.8125,2.0625,3.6875],"tintindex":0,"rotation":0,"texture":"#0"},"down":{"uv":[2.3125,3.6875,2.1875,3.8125],"tintindex":0,"rotation":0,"texture":"#0"}},"rotation":{"origin":[8.0,7.046423,-2.4320965],"angle":-45.0,"axis":"x"}}],"display":{"gui":{"rotation":[30,225,0]}}}