{"textures":{"0":"modelengine:entity/orc_one"},"elements":[{"from":[5.7559996,3.2479992,2.1479998],"to":[14.3359995,12.267998,12.268],"faces":{"east":{"uv":[3.8125,2.4375,4.4375,3.0],"tintindex":0,"rotation":0,"texture":"#0"},"south":{"uv":[5.5625,2.4375,6.0625,3.0],"tintindex":0,"rotation":0,"texture":"#0"},"north":{"uv":[4.4375,2.4375,4.9375,3.0],"tintindex":0,"rotation":0,"texture":"#0"},"west":{"uv":[4.9375,2.4375,5.5625,3.0],"tintindex":0,"rotation":0,"texture":"#0"},"up":{"uv":[4.9375,2.4375,4.4375,1.8125],"tintindex":0,"rotation":0,"texture":"#0"},"down":{"uv":[5.4375,1.8125,4.9375,2.4375],"tintindex":0,"rotation":0,"texture":"#0"}}},{"from":[7.208,0.07999992,3.4152002],"to":[13.544,4.831999,10.8512],"faces":{"east":{"uv":[1.375,0.4375,1.8125,0.6875],"tintindex":0,"rotation":0,"texture":"#0"},"south":{"uv":[2.625,0.4375,3.0,0.6875],"tintindex":0,"rotation":0,"texture":"#0"},"north":{"uv":[1.8125,0.4375,2.1875,0.6875],"tintindex":0,"rotation":0,"texture":"#0"},"west":{"uv":[2.1875,0.4375,2.625,0.6875],"tintindex":0,"rotation":0,"texture":"#0"},"up":{"uv":[2.1875,0.4375,1.8125,0.0],"tintindex":0,"rotation":0,"texture":"#0"},"down":{"uv":[2.5625,0.0,2.1875,0.4375],"tintindex":0,"rotation":0,"texture":"#0"}}},{"from":[9.0,5.0,1.5],"to":[14.999999,7.0,13.0],"faces":{"east":{"uv":[8.5625,4.9375,9.25,5.0625],"tintindex":0,"rotation":0,"texture":"#0"},"south":{"uv":[10.3125,4.9375,10.6875,5.0625],"tintindex":0,"rotation":0,"texture":"#0"},"north":{"uv":[9.25,4.9375,9.625,5.0625],"tintindex":0,"rotation":0,"texture":"#0"},"west":{"uv":[9.625,4.9375,10.3125,5.0625],"tintindex":0,"rotation":0,"texture":"#0"},"up":{"uv":[9.625,4.9375,9.25,4.25],"tintindex":0,"rotation":0,"texture":"#0"},"down":{"uv":[10.0,4.25,9.625,4.9375],"tintindex":0,"rotation":0,"texture":"#0"}}},{"from":[9.0,5.0,1.5],"to":[11.0,13.0,13.0],"faces":{"east":{"uv":[8.5625,3.5625,9.25,4.0625],"tintindex":0,"rotation":0,"texture":"#0"},"south":{"uv":[10.0625,3.5625,10.1875,4.0625],"tintindex":0,"rotation":0,"texture":"#0"},"north":{"uv":[9.25,3.5625,9.375,4.0625],"tintindex":0,"rotation":0,"texture":"#0"},"west":{"uv":[9.375,3.5625,10.0625,4.0625],"tintindex":0,"rotation":0,"texture":"#0"},"up":{"uv":[9.375,3.5625,9.25,2.875],"tintindex":0,"rotation":0,"texture":"#0"},"down":{"uv":[9.5,2.875,9.375,3.5625],"tintindex":0,"rotation":0,"texture":"#0"}}}],"display":{"gui":{"rotation":[30,225,0]}}}