{"textures":{"0":"modelengine:entity/orc_one"},"elements":[{"from":[6.179,1.8426089,11.925496],"to":[6.96,3.118609,13.509497],"faces":{"east":{"uv":[0.75,1.125,0.9375,1.25],"tintindex":0,"rotation":0,"texture":"#0"},"south":{"uv":[1.1875,1.125,1.25,1.25],"tintindex":0,"rotation":0,"texture":"#0"},"north":{"uv":[0.9375,1.125,1.0,1.25],"tintindex":0,"rotation":0,"texture":"#0"},"west":{"uv":[1.0,1.125,1.1875,1.25],"tintindex":0,"rotation":0,"texture":"#0"},"up":{"uv":[1.0,1.125,0.9375,0.9375],"tintindex":0,"rotation":0,"texture":"#0"},"down":{"uv":[1.0625,0.9375,1.0,1.125],"tintindex":0,"rotation":0,"texture":"#0"}},"rotation":{"origin":[6.5695,3.5806088,12.717496],"angle":45.0,"axis":"x"}},{"from":[10.712,-3.1800032,3.496502],"to":[11.712,-0.18000412,3.496502],"faces":{"south":{"uv":[1.8125,1.4375,1.9375,1.8125],"tintindex":0,"rotation":0,"texture":"#0"},"north":{"uv":[1.6875,1.4375,1.8125,1.8125],"tintindex":0,"rotation":0,"texture":"#0"}},"rotation":{"origin":[5.712,-1.6800041,6.496502],"angle":45.0,"axis":"z"}},{"from":[6.614,5.502865,-4.9843416],"to":[6.614,9.187864,1.5936589],"faces":{"east":{"uv":[5.125,5.6875,5.9375,6.125],"tintindex":0,"rotation":0,"texture":"#0"},"west":{"uv":[5.9375,5.6875,6.75,6.125],"tintindex":0,"rotation":0,"texture":"#0"}}},{"from":[6.614,-3.2971354,-6.084341],"to":[6.614,2.5878644,4.8936586],"faces":{"east":{"uv":[10.1875,7.5625,11.5,8.25],"tintindex":0,"rotation":0,"texture":"#0"},"west":{"uv":[11.5,7.5625,12.8125,8.25],"tintindex":0,"rotation":0,"texture":"#0"}}},{"from":[5.7339997,2.7528644,-3.8843412],"to":[7.494,4.7878647,-2.8063412],"faces":{"east":{"uv":[2.8125,2.4375,2.9375,2.6875],"tintindex":0,"rotation":0,"texture":"#0"},"south":{"uv":[3.25,2.4375,3.4375,2.6875],"tintindex":0,"rotation":0,"texture":"#0"},"north":{"uv":[2.9375,2.4375,3.125,2.6875],"tintindex":0,"rotation":0,"texture":"#0"},"west":{"uv":[3.125,2.4375,3.25,2.6875],"tintindex":0,"rotation":0,"texture":"#0"},"up":{"uv":[3.125,2.4375,2.9375,2.3125],"tintindex":0,"rotation":0,"texture":"#0"},"down":{"uv":[3.3125,2.3125,3.125,2.4375],"tintindex":0,"rotation":0,"texture":"#0"}}},{"from":[5.0299997,4.1080647,5.2896585],"to":[8.99,8.068065,9.799659],"faces":{"east":{"uv":[0.0,5.5625,0.5625,6.0],"tintindex":0,"rotation":0,"texture":"#0"},"south":{"uv":[1.5625,5.5625,2.0,6.0],"tintindex":0,"rotation":0,"texture":"#0"},"north":{"uv":[0.5625,5.5625,1.0,6.0],"tintindex":0,"rotation":0,"texture":"#0"},"west":{"uv":[1.0,5.5625,1.5625,6.0],"tintindex":0,"rotation":0,"texture":"#0"},"up":{"uv":[1.0,5.5625,0.5625,5.0],"tintindex":0,"rotation":0,"texture":"#0"},"down":{"uv":[1.4375,5.0,1.0,5.5625],"tintindex":0,"rotation":0,"texture":"#0"}}},{"from":[6.009,1.1028647,-3.6093416],"to":[7.2739997,3.1378646,1.0436587],"faces":{"east":{"uv":[1.125,6.6875,1.6875,6.9375],"tintindex":0,"rotation":0,"texture":"#0"},"south":{"uv":[2.375,6.6875,2.5,6.9375],"tintindex":0,"rotation":0,"texture":"#0"},"north":{"uv":[1.6875,6.6875,1.8125,6.9375],"tintindex":0,"rotation":0,"texture":"#0"},"west":{"uv":[1.8125,6.6875,2.375,6.9375],"tintindex":0,"rotation":0,"texture":"#0"},"up":{"uv":[1.8125,6.6875,1.6875,6.125],"tintindex":0,"rotation":0,"texture":"#0"},"down":{"uv":[1.9375,6.125,1.8125,6.6875],"tintindex":0,"rotation":0,"texture":"#0"}}},{"from":[5.426,2.5240645,6.2356586],"to":[8.594,4.1080647,9.403659],"faces":{"east":{"uv":[5.8125,1.0625,6.1875,1.25],"tintindex":0,"rotation":0,"texture":"#0"},"south":{"uv":[6.9375,1.0625,7.3125,1.25],"tintindex":0,"rotation":0,"texture":"#0"},"north":{"uv":[6.1875,1.0625,6.5625,1.25],"tintindex":0,"rotation":0,"texture":"#0"},"west":{"uv":[6.5625,1.0625,6.9375,1.25],"tintindex":0,"rotation":0,"texture":"#0"},"up":{"uv":[6.5625,1.0625,6.1875,0.6875],"tintindex":0,"rotation":0,"texture":"#0"},"down":{"uv":[6.9375,0.6875,6.5625,1.0625],"tintindex":0,"rotation":0,"texture":"#0"}}},{"from":[5.6289997,2.9426088,11.925496],"to":[7.5099998,4.218609,13.509497],"faces":{"east":{"uv":[2.625,0.1875,2.8125,0.3125],"tintindex":0,"rotation":0,"texture":"#0"},"south":{"uv":[3.1875,0.1875,3.375,0.3125],"tintindex":0,"rotation":0,"texture":"#0"},"north":{"uv":[2.8125,0.1875,3.0,0.3125],"tintindex":0,"rotation":0,"texture":"#0"},"west":{"uv":[3.0,0.1875,3.1875,0.3125],"tintindex":0,"rotation":0,"texture":"#0"},"up":{"uv":[3.0,0.1875,2.8125,0.0],"tintindex":0,"rotation":0,"texture":"#0"},"down":{"uv":[3.1875,0.0,3.0,0.1875],"tintindex":0,"rotation":0,"texture":"#0"}}},{"from":[5.822,2.8408647,1.1756587],"to":[7.4059997,4.424865,12.087659],"faces":{"east":{"uv":[1.375,2.0625,2.6875,2.25],"tintindex":0,"rotation":0,"texture":"#0"},"south":{"uv":[4.1875,2.0625,4.375,2.25],"tintindex":0,"rotation":0,"texture":"#0"},"north":{"uv":[2.6875,2.0625,2.875,2.25],"tintindex":0,"rotation":0,"texture":"#0"},"west":{"uv":[2.875,2.0625,4.1875,2.25],"tintindex":0,"rotation":0,"texture":"#0"},"up":{"uv":[2.875,2.0625,2.6875,0.75],"tintindex":0,"rotation":0,"texture":"#0"},"down":{"uv":[3.0625,0.75,2.875,2.0625],"tintindex":0,"rotation":0,"texture":"#0"}}},{"from":[5.184,2.7528644,-3.334341],"to":[8.044,5.6128645,2.1436586],"faces":{"east":{"uv":[5.5,3.0625,6.125,3.375],"tintindex":0,"rotation":0,"texture":"#0"},"south":{"uv":[7.0625,3.0625,7.375,3.375],"tintindex":0,"rotation":0,"texture":"#0"},"north":{"uv":[6.125,3.0625,6.4375,3.375],"tintindex":0,"rotation":0,"texture":"#0"},"west":{"uv":[6.4375,3.0625,7.0625,3.375],"tintindex":0,"rotation":0,"texture":"#0"},"up":{"uv":[6.4375,3.0625,6.125,2.4375],"tintindex":0,"rotation":0,"texture":"#0"},"down":{"uv":[6.75,2.4375,6.4375,3.0625],"tintindex":0,"rotation":0,"texture":"#0"}}},{"from":[6.009,4.4028645,-3.6093416],"to":[7.2739997,6.4378643,0.49365854],"faces":{"east":{"uv":[3.6875,7.3125,4.1875,7.5625],"tintindex":0,"rotation":0,"texture":"#0"},"south":{"uv":[4.8125,7.3125,4.9375,7.5625],"tintindex":0,"rotation":0,"texture":"#0"},"north":{"uv":[4.1875,7.3125,4.3125,7.5625],"tintindex":0,"rotation":0,"texture":"#0"},"west":{"uv":[4.3125,7.3125,4.8125,7.5625],"tintindex":0,"rotation":0,"texture":"#0"},"up":{"uv":[4.3125,7.3125,4.1875,6.8125],"tintindex":0,"rotation":0,"texture":"#0"},"down":{"uv":[4.4375,6.8125,4.3125,7.3125],"tintindex":0,"rotation":0,"texture":"#0"}}},{"from":[6.179,4.0426087,11.925496],"to":[6.96,5.318609,13.509497],"faces":{"east":{"uv":[0.0,5.3125,0.1875,5.4375],"tintindex":0,"rotation":0,"texture":"#0"},"south":{"uv":[0.4375,5.3125,0.5,5.4375],"tintindex":0,"rotation":0,"texture":"#0"},"north":{"uv":[0.1875,5.3125,0.25,5.4375],"tintindex":0,"rotation":0,"texture":"#0"},"west":{"uv":[0.25,5.3125,0.4375,5.4375],"tintindex":0,"rotation":0,"texture":"#0"},"up":{"uv":[0.25,5.3125,0.1875,5.125],"tintindex":0,"rotation":0,"texture":"#0"},"down":{"uv":[0.3125,5.125,0.25,5.3125],"tintindex":0,"rotation":0,"texture":"#0"}},"rotation":{"origin":[6.5695,3.5806088,12.717496],"angle":-45.0,"axis":"x"}}],"display":{"gui":{"rotation":[30,225,0]}}}