{"textures":{"0":"modelengine:entity/orc_one"},"elements":[{"from":[4.26,0.25600004,6.46],"to":[10.74,8.875999,11.74],"faces":{"east":{"uv":[5.3125,6.5,5.625,7.0],"tintindex":0,"rotation":0,"texture":"#0"},"south":{"uv":[6.3125,6.5,6.6875,7.0],"tintindex":0,"rotation":0,"texture":"#0"},"north":{"uv":[5.625,6.5,6.0,7.0],"tintindex":0,"rotation":0,"texture":"#0"},"west":{"uv":[6.0,6.5,6.3125,7.0],"tintindex":0,"rotation":0,"texture":"#0"},"up":{"uv":[6.0,6.5,5.625,6.1875],"tintindex":0,"rotation":0,"texture":"#0"},"down":{"uv":[6.375,6.1875,6.0,6.5],"tintindex":0,"rotation":0,"texture":"#0"}}},{"from":[3.996,2.6319997,6.196],"to":[11.004,7.12,12.004],"faces":{"east":{"uv":[6.8125,2.625,7.125,2.875],"tintindex":0,"rotation":0,"texture":"#0"},"south":{"uv":[7.8125,2.625,8.1875,2.875],"tintindex":0,"rotation":0,"texture":"#0"},"north":{"uv":[7.125,2.625,7.5,2.875],"tintindex":0,"rotation":0,"texture":"#0"},"west":{"uv":[7.5,2.625,7.8125,2.875],"tintindex":0,"rotation":0,"texture":"#0"},"up":{"uv":[7.5,2.625,7.125,2.3125],"tintindex":0,"rotation":0,"texture":"#0"},"down":{"uv":[7.875,2.3125,7.5,2.625],"tintindex":0,"rotation":0,"texture":"#0"}}},{"from":[4.26,0.25600004,5.14],"to":[10.64,2.896,6.46],"faces":{"east":{"uv":[3.125,1.875,3.1875,2.0],"tintindex":0,"rotation":0,"texture":"#0"},"south":{"uv":[3.625,1.875,4.0,2.0],"tintindex":0,"rotation":0,"texture":"#0"},"north":{"uv":[3.1875,1.875,3.5625,2.0],"tintindex":0,"rotation":0,"texture":"#0"},"west":{"uv":[3.5625,1.875,3.625,2.0],"tintindex":0,"rotation":0,"texture":"#0"},"up":{"uv":[3.5625,1.875,3.1875,1.8125],"tintindex":0,"rotation":0,"texture":"#0"},"down":{"uv":[3.9375,1.8125,3.5625,1.875],"tintindex":0,"rotation":0,"texture":"#0"}}}],"display":{"gui":{"rotation":[30,225,0]}}}