{"textures":{"0":"modelengine:entity/orc_one"},"elements":[{"from":[4.92,0.3261299,3.6793175],"to":[13.940001,8.24613,11.599318],"faces":{"east":{"uv":[5.5,1.8125,5.9375,2.25],"tintindex":0,"rotation":0,"texture":"#0"},"south":{"uv":[6.9375,1.8125,7.5,2.25],"tintindex":0,"rotation":0,"texture":"#0"},"north":{"uv":[5.9375,1.8125,6.5,2.25],"tintindex":0,"rotation":0,"texture":"#0"},"west":{"uv":[6.5,1.8125,6.9375,2.25],"tintindex":0,"rotation":0,"texture":"#0"},"up":{"uv":[6.5,1.8125,5.9375,1.375],"tintindex":0,"rotation":0,"texture":"#0"},"down":{"uv":[7.0625,1.375,6.5,1.8125],"tintindex":0,"rotation":0,"texture":"#0"}}},{"from":[6.8120003,-2.8418703,4.4713173],"to":[13.148,0.3261299,10.807318],"faces":{"east":{"uv":[6.375,7.0625,6.75,7.25],"tintindex":0,"rotation":0,"texture":"#0"},"south":{"uv":[7.5,7.0625,7.875,7.25],"tintindex":0,"rotation":0,"texture":"#0"},"north":{"uv":[6.75,7.0625,7.125,7.25],"tintindex":0,"rotation":0,"texture":"#0"},"west":{"uv":[7.125,7.0625,7.5,7.25],"tintindex":0,"rotation":0,"texture":"#0"},"up":{"uv":[7.125,7.0625,6.75,6.6875],"tintindex":0,"rotation":0,"texture":"#0"},"down":{"uv":[7.5,6.6875,7.125,7.0625],"tintindex":0,"rotation":0,"texture":"#0"}}}],"display":{"gui":{"rotation":[30,225,0]}}}