{"textures":{"0":"modelengine:entity/orc_one"},"elements":[{"from":[5.8599997,0.25600004,6.46],"to":[11.74,8.875999,11.74],"faces":{"east":{"uv":[0.0,0.3125,0.3125,0.8125],"tintindex":0,"rotation":0,"texture":"#0"},"south":{"uv":[0.9375,0.3125,1.25,0.8125],"tintindex":0,"rotation":0,"texture":"#0"},"north":{"uv":[0.3125,0.3125,0.625,0.8125],"tintindex":0,"rotation":0,"texture":"#0"},"west":{"uv":[0.625,0.3125,0.9375,0.8125],"tintindex":0,"rotation":0,"texture":"#0"},"up":{"uv":[0.625,0.3125,0.3125,0.0],"tintindex":0,"rotation":0,"texture":"#0"},"down":{"uv":[0.9375,0.0,0.625,0.3125],"tintindex":0,"rotation":0,"texture":"#0"}}},{"from":[5.8599997,0.25600004,5.14],"to":[11.74,2.896,6.46],"faces":{"east":{"uv":[1.9375,3.5,2.0,3.625],"tintindex":0,"rotation":0,"texture":"#0"},"south":{"uv":[2.375,3.5,2.6875,3.625],"tintindex":0,"rotation":0,"texture":"#0"},"north":{"uv":[2.0,3.5,2.3125,3.625],"tintindex":0,"rotation":0,"texture":"#0"},"west":{"uv":[2.3125,3.5,2.375,3.625],"tintindex":0,"rotation":0,"texture":"#0"},"up":{"uv":[2.3125,3.5,2.0,3.4375],"tintindex":0,"rotation":0,"texture":"#0"},"down":{"uv":[2.625,3.4375,2.3125,3.5],"tintindex":0,"rotation":0,"texture":"#0"}}},{"from":[5.596,2.6319997,6.196],"to":[12.004,7.12,12.004],"faces":{"east":{"uv":[6.8125,5.5625,7.125,5.8125],"tintindex":0,"rotation":0,"texture":"#0"},"south":{"uv":[7.8125,5.5625,8.1875,5.8125],"tintindex":0,"rotation":0,"texture":"#0"},"north":{"uv":[7.125,5.5625,7.5,5.8125],"tintindex":0,"rotation":0,"texture":"#0"},"west":{"uv":[7.5,5.5625,7.8125,5.8125],"tintindex":0,"rotation":0,"texture":"#0"},"up":{"uv":[7.5,5.5625,7.125,5.25],"tintindex":0,"rotation":0,"texture":"#0"},"down":{"uv":[7.875,5.25,7.5,5.5625],"tintindex":0,"rotation":0,"texture":"#0"}}}],"display":{"gui":{"rotation":[30,225,0]}}}