{"textures":{"0":"modelengine:entity/orc_one"},"elements":[{"from":[10.75,10.288,0.96000004],"to":[14.05,13.477999,3.1599998],"faces":{"east":{"uv":[6.0,5.375,6.125,5.5625],"tintindex":0,"rotation":0,"texture":"#0"},"south":{"uv":[6.4375,5.375,6.625,5.5625],"tintindex":0,"rotation":0,"texture":"#0"},"north":{"uv":[6.125,5.375,6.3125,5.5625],"tintindex":0,"rotation":0,"texture":"#0"},"west":{"uv":[6.3125,5.375,6.4375,5.5625],"tintindex":0,"rotation":0,"texture":"#0"},"up":{"uv":[6.3125,5.375,6.125,5.25],"tintindex":0,"rotation":0,"texture":"#0"},"down":{"uv":[6.5,5.25,6.3125,5.375],"tintindex":0,"rotation":0,"texture":"#0"}},"rotation":{"origin":[8.0,12.488001,1.5100002],"angle":-22.5,"axis":"x"}},{"from":[2.7199998,8.0,1.4000006],"to":[13.280001,11.960001,2.7200003],"faces":{"east":{"uv":[2.0,6.4375,2.0625,6.625],"tintindex":0,"rotation":0,"texture":"#0"},"south":{"uv":[2.75,6.4375,3.375,6.625],"tintindex":0,"rotation":0,"texture":"#0"},"north":{"uv":[2.0625,6.4375,2.6875,6.625],"tintindex":0,"rotation":0,"texture":"#0"},"west":{"uv":[2.6875,6.4375,2.75,6.625],"tintindex":0,"rotation":0,"texture":"#0"},"up":{"uv":[2.6875,6.4375,2.0625,6.375],"tintindex":0,"rotation":0,"texture":"#0"},"down":{"uv":[3.3125,6.375,2.6875,6.4375],"tintindex":0,"rotation":0,"texture":"#0"}}},{"from":[6.68,12.048002,1.092],"to":[9.32,16.008001,3.512],"faces":{"east":{"uv":[0.0,3.5625,0.125,3.75],"tintindex":0,"rotation":0,"texture":"#0"},"south":{"uv":[0.375,3.5625,0.5,3.75],"tintindex":0,"rotation":0,"texture":"#0"},"north":{"uv":[0.125,3.5625,0.25,3.75],"tintindex":0,"rotation":0,"texture":"#0"},"west":{"uv":[0.25,3.5625,0.375,3.75],"tintindex":0,"rotation":0,"texture":"#0"},"up":{"uv":[0.25,3.5625,0.125,3.4375],"tintindex":0,"rotation":0,"texture":"#0"},"down":{"uv":[0.375,3.4375,0.25,3.5625],"tintindex":0,"rotation":0,"texture":"#0"}}},{"from":[2.7199998,8.0,2.7200003],"to":[13.280001,18.56,13.28],"faces":{"east":{"uv":[0.0,4.0625,0.625,4.6875],"tintindex":0,"rotation":0,"texture":"#0"},"south":{"uv":[1.875,4.0625,2.5,4.6875],"tintindex":0,"rotation":0,"texture":"#0"},"north":{"uv":[0.625,4.0625,1.25,4.6875],"tintindex":0,"rotation":0,"texture":"#0"},"west":{"uv":[1.25,4.0625,1.875,4.6875],"tintindex":0,"rotation":0,"texture":"#0"},"up":{"uv":[1.25,4.0625,0.625,3.4375],"tintindex":0,"rotation":0,"texture":"#0"},"down":{"uv":[1.875,3.4375,1.25,4.0625],"tintindex":0,"rotation":0,"texture":"#0"}}},{"from":[1.9633517,12.328001,6.08638],"to":[1.9633517,17.608,11.36638],"faces":{"east":{"uv":[6.875,7.625,7.1875,7.9375],"tintindex":0,"rotation":0,"texture":"#0"},"west":{"uv":[7.1875,7.625,7.5,7.9375],"tintindex":0,"rotation":0,"texture":"#0"}},"rotation":{"origin":[1.6633515,14.468,8.726379],"angle":-22.5,"axis":"y"}},{"from":[3.1,1.3600006,1.7960005],"to":[13.0,9.320002,1.7960005],"faces":{"south":{"uv":[8.875,0.125,9.4375,0.5625],"tintindex":0,"rotation":0,"texture":"#0"},"north":{"uv":[8.3125,0.125,8.875,0.5625],"tintindex":0,"rotation":0,"texture":"#0"}}},{"from":[8.836,17.108,2.1920004],"to":[15.216,19.528002,3.512],"faces":{"east":{"uv":[0.0,2.125,0.0625,2.25],"tintindex":0,"rotation":0,"texture":"#0"},"south":{"uv":[0.5,2.125,0.875,2.25],"tintindex":0,"rotation":0,"texture":"#0"},"north":{"uv":[0.0625,2.125,0.4375,2.25],"tintindex":0,"rotation":0,"texture":"#0"},"west":{"uv":[0.4375,2.125,0.5,2.25],"tintindex":0,"rotation":0,"texture":"#0"},"up":{"uv":[0.4375,2.125,0.0625,2.0625],"tintindex":0,"rotation":0,"texture":"#0"},"down":{"uv":[0.8125,2.0625,0.4375,2.125],"tintindex":0,"rotation":0,"texture":"#0"}}},{"from":[13.736649,12.4279995,7.08638],"to":[13.736649,17.708002,12.36638],"faces":{"east":{"uv":[6.1875,7.625,6.5,7.9375],"tintindex":0,"rotation":0,"texture":"#0"},"west":{"uv":[6.5,7.625,6.8125,7.9375],"tintindex":0,"rotation":0,"texture":"#0"}},"rotation":{"origin":[14.336649,14.468,8.726379],"angle":22.5,"axis":"y"}},{"from":[0.7839999,17.108,2.1920004],"to":[7.164,19.528002,3.512],"faces":{"east":{"uv":[0.0,0.9375,0.0625,1.0625],"tintindex":0,"rotation":0,"texture":"#0"},"south":{"uv":[0.5,0.9375,0.875,1.0625],"tintindex":0,"rotation":0,"texture":"#0"},"north":{"uv":[0.0625,0.9375,0.4375,1.0625],"tintindex":0,"rotation":0,"texture":"#0"},"west":{"uv":[0.4375,0.9375,0.5,1.0625],"tintindex":0,"rotation":0,"texture":"#0"},"up":{"uv":[0.4375,0.9375,0.0625,0.875],"tintindex":0,"rotation":0,"texture":"#0"},"down":{"uv":[0.8125,0.875,0.4375,0.9375],"tintindex":0,"rotation":0,"texture":"#0"}}},{"from":[1.9499998,10.288,0.96000004],"to":[5.25,13.477999,3.1599998],"faces":{"east":{"uv":[5.5,4.5625,5.625,4.75],"tintindex":0,"rotation":0,"texture":"#0"},"south":{"uv":[5.9375,4.5625,6.125,4.75],"tintindex":0,"rotation":0,"texture":"#0"},"north":{"uv":[5.625,4.5625,5.8125,4.75],"tintindex":0,"rotation":0,"texture":"#0"},"west":{"uv":[5.8125,4.5625,5.9375,4.75],"tintindex":0,"rotation":0,"texture":"#0"},"up":{"uv":[5.8125,4.5625,5.625,4.4375],"tintindex":0,"rotation":0,"texture":"#0"},"down":{"uv":[6.0,4.4375,5.8125,4.5625],"tintindex":0,"rotation":0,"texture":"#0"}},"rotation":{"origin":[8.0,12.488001,1.5100002],"angle":-22.5,"axis":"x"}}],"display":{"gui":{"rotation":[30,225,0]}}}