{"textures":{"0":"modelengine:entity/orc_one"},"elements":[{"from":[-7.08,8.915714,0.5469613],"to":[-2.12,13.865715,6.7069616],"faces":{"east":{"uv":[7.0625,3.4375,7.4375,3.6875],"tintindex":0,"rotation":0,"texture":"#0"},"south":{"uv":[8.0625,3.4375,8.3125,3.6875],"tintindex":0,"rotation":0,"texture":"#0"},"north":{"uv":[7.4375,3.4375,7.6875,3.6875],"tintindex":0,"rotation":0,"texture":"#0"},"west":{"uv":[7.6875,3.4375,8.0625,3.6875],"tintindex":0,"rotation":0,"texture":"#0"},"up":{"uv":[7.6875,3.4375,7.4375,3.0625],"tintindex":0,"rotation":0,"texture":"#0"},"down":{"uv":[7.9375,3.0625,7.6875,3.4375],"tintindex":0,"rotation":0,"texture":"#0"}}},{"from":[18.0,7.0,0.9999995],"to":[20.0,13.0,0.9999995],"faces":{"south":{"uv":[1.8125,1.4375,1.9375,1.8125],"tintindex":0,"rotation":0,"texture":"#0"},"north":{"uv":[1.6875,1.4375,1.8125,1.8125],"tintindex":0,"rotation":0,"texture":"#0"}},"rotation":{"origin":[8.0,8.0,8.0],"angle":-22.5,"axis":"x"}},{"from":[0.52,5.815716,3.8469615],"to":[15.48,11.975716,14.406961],"faces":{"east":{"uv":[3.125,0.625,3.75,1.0],"tintindex":0,"rotation":0,"texture":"#0"},"south":{"uv":[5.25,0.625,6.125,1.0],"tintindex":0,"rotation":0,"texture":"#0"},"north":{"uv":[3.75,0.625,4.625,1.0],"tintindex":0,"rotation":0,"texture":"#0"},"west":{"uv":[4.625,0.625,5.25,1.0],"tintindex":0,"rotation":0,"texture":"#0"},"up":{"uv":[4.625,0.625,3.75,0.0],"tintindex":0,"rotation":0,"texture":"#0"},"down":{"uv":[5.5,0.0,4.625,0.625],"tintindex":0,"rotation":0,"texture":"#0"}},"rotation":{"origin":[8.0,8.895714,9.126962],"angle":-22.5,"axis":"x"}},{"from":[18.119999,8.915714,0.5469613],"to":[23.08,13.865715,6.7069616],"faces":{"east":{"uv":[7.125,1.3125,7.5,1.5625],"tintindex":0,"rotation":0,"texture":"#0"},"south":{"uv":[8.125,1.3125,8.375,1.5625],"tintindex":0,"rotation":0,"texture":"#0"},"north":{"uv":[7.5,1.3125,7.75,1.5625],"tintindex":0,"rotation":0,"texture":"#0"},"west":{"uv":[7.75,1.3125,8.125,1.5625],"tintindex":0,"rotation":0,"texture":"#0"},"up":{"uv":[7.75,1.3125,7.5,0.9375],"tintindex":0,"rotation":0,"texture":"#0"},"down":{"uv":[8.0,0.9375,7.75,1.3125],"tintindex":0,"rotation":0,"texture":"#0"}}},{"from":[-3.88,9.355717,-3.8530388],"to":[0.07999992,13.535713,1.2069612],"faces":{"east":{"uv":[7.25,0.3125,7.5625,0.5625],"tintindex":0,"rotation":0,"texture":"#0"},"south":{"uv":[8.0625,0.3125,8.25,0.5625],"tintindex":0,"rotation":0,"texture":"#0"},"north":{"uv":[7.5625,0.3125,7.75,0.5625],"tintindex":0,"rotation":0,"texture":"#0"},"west":{"uv":[7.75,0.3125,8.0625,0.5625],"tintindex":0,"rotation":0,"texture":"#0"},"up":{"uv":[7.75,0.3125,7.5625,0.0],"tintindex":0,"rotation":0,"texture":"#0"},"down":{"uv":[7.9375,0.0,7.75,0.3125],"tintindex":0,"rotation":0,"texture":"#0"}},"rotation":{"origin":[-4.1000004,11.445717,-1.3230381],"angle":-45.0,"axis":"y"}},{"from":[15.92,9.355717,-3.8530388],"to":[19.880001,13.535713,1.2069612],"faces":{"east":{"uv":[7.1875,4.4375,7.5,4.6875],"tintindex":0,"rotation":0,"texture":"#0"},"south":{"uv":[8.0,4.4375,8.1875,4.6875],"tintindex":0,"rotation":0,"texture":"#0"},"north":{"uv":[7.5,4.4375,7.6875,4.6875],"tintindex":0,"rotation":0,"texture":"#0"},"west":{"uv":[7.6875,4.4375,8.0,4.6875],"tintindex":0,"rotation":0,"texture":"#0"},"up":{"uv":[7.6875,4.4375,7.5,4.125],"tintindex":0,"rotation":0,"texture":"#0"},"down":{"uv":[7.875,4.125,7.6875,4.4375],"tintindex":0,"rotation":0,"texture":"#0"}},"rotation":{"origin":[20.1,11.445717,-1.3230381],"angle":45.0,"axis":"y"}},{"from":[-4.9799995,8.255714,4.9469614],"to":[3.38,14.415714,11.106961],"faces":{"east":{"uv":[3.5,6.375,3.875,6.75],"tintindex":0,"rotation":0,"texture":"#0"},"south":{"uv":[4.75,6.375,5.25,6.75],"tintindex":0,"rotation":0,"texture":"#0"},"north":{"uv":[3.875,6.375,4.375,6.75],"tintindex":0,"rotation":0,"texture":"#0"},"west":{"uv":[4.375,6.375,4.75,6.75],"tintindex":0,"rotation":0,"texture":"#0"},"up":{"uv":[4.375,6.375,3.875,6.0],"tintindex":0,"rotation":0,"texture":"#0"},"down":{"uv":[4.875,6.0,4.375,6.375],"tintindex":0,"rotation":0,"texture":"#0"}}},{"from":[2.0,9.0,3.9999995],"to":[4.0,15.0,12.0],"faces":{"east":{"uv":[8.625,6.0,9.125,6.375],"tintindex":0,"rotation":0,"texture":"#0"},"south":{"uv":[9.75,6.0,9.875,6.375],"tintindex":0,"rotation":0,"texture":"#0"},"north":{"uv":[9.125,6.0,9.25,6.375],"tintindex":0,"rotation":0,"texture":"#0"},"west":{"uv":[9.25,6.0,9.75,6.375],"tintindex":0,"rotation":0,"texture":"#0"},"up":{"uv":[9.25,6.0,9.125,5.5],"tintindex":0,"rotation":0,"texture":"#0"},"down":{"uv":[9.375,5.5,9.25,6.0],"tintindex":0,"rotation":0,"texture":"#0"}}},{"from":[12.62,8.255714,4.9469614],"to":[20.98,14.415714,11.106961],"faces":{"east":{"uv":[2.0625,5.9375,2.4375,6.3125],"tintindex":0,"rotation":0,"texture":"#0"},"south":{"uv":[3.3125,5.9375,3.8125,6.3125],"tintindex":0,"rotation":0,"texture":"#0"},"north":{"uv":[2.4375,5.9375,2.9375,6.3125],"tintindex":0,"rotation":0,"texture":"#0"},"west":{"uv":[2.9375,5.9375,3.3125,6.3125],"tintindex":0,"rotation":0,"texture":"#0"},"up":{"uv":[2.9375,5.9375,2.4375,5.5625],"tintindex":0,"rotation":0,"texture":"#0"},"down":{"uv":[3.4375,5.5625,2.9375,5.9375],"tintindex":0,"rotation":0,"texture":"#0"}}},{"from":[12.0,9.0,3.9999995],"to":[14.0,15.0,12.0],"faces":{"east":{"uv":[8.625,6.0,9.125,6.375],"tintindex":0,"rotation":0,"texture":"#0"},"south":{"uv":[9.75,6.0,9.875,6.375],"tintindex":0,"rotation":0,"texture":"#0"},"north":{"uv":[9.125,6.0,9.25,6.375],"tintindex":0,"rotation":0,"texture":"#0"},"west":{"uv":[9.25,6.0,9.75,6.375],"tintindex":0,"rotation":0,"texture":"#0"},"up":{"uv":[9.25,6.0,9.125,5.5],"tintindex":0,"rotation":0,"texture":"#0"},"down":{"uv":[9.375,5.5,9.25,6.0],"tintindex":0,"rotation":0,"texture":"#0"}}}],"display":{"gui":{"rotation":[30,225,0]}}}