{"textures":{"0":"modelengine:entity/guerrero_demoniaco_gm"},"elements":[{"from":[4.6400003,1.8800001,3.8000002],"to":[11.48,3.6800003,8.24],"faces":{"east":{"uv":[8.0,4.25,8.75,4.5],"tintindex":0,"rotation":0,"texture":"#0"},"south":{"uv":[10.75,4.25,12.0,4.5],"tintindex":0,"rotation":0,"texture":"#0"},"north":{"uv":[8.75,4.25,10.0,4.5],"tintindex":0,"rotation":0,"texture":"#0"},"west":{"uv":[10.0,4.25,10.75,4.5],"tintindex":0,"rotation":0,"texture":"#0"},"up":{"uv":[10.0,4.25,8.75,3.5],"tintindex":0,"rotation":0,"texture":"#0"},"down":{"uv":[11.25,3.5,10.0,4.25],"tintindex":0,"rotation":0,"texture":"#0"}}},{"from":[5.48,2.0,4.2799997],"to":[10.52,8.0,8.0],"faces":{"east":{"uv":[7.25,8.0,8.0,9.25],"tintindex":0,"rotation":0,"texture":"#0"},"south":{"uv":[9.75,8.0,10.75,9.25],"tintindex":0,"rotation":0,"texture":"#0"},"north":{"uv":[8.0,8.0,9.0,9.25],"tintindex":0,"rotation":0,"texture":"#0"},"west":{"uv":[9.0,8.0,9.75,9.25],"tintindex":0,"rotation":0,"texture":"#0"},"up":{"uv":[9.0,8.0,8.0,7.25],"tintindex":0,"rotation":0,"texture":"#0"},"down":{"uv":[10.0,7.25,9.0,8.0],"tintindex":0,"rotation":0,"texture":"#0"}}}]}