{"textures":{"0":"modelengine:entity/guerrero_demoniaco_gm"},"elements":[{"from":[7.52,7.279999,3.9199996],"to":[12.92,9.679998,11.0],"faces":{"east":{"uv":[2.75,8.0,4.0,8.5],"tintindex":0,"rotation":0,"texture":"#0"},"south":{"uv":[6.25,8.0,7.25,8.5],"tintindex":0,"rotation":0,"texture":"#0"},"north":{"uv":[4.0,8.0,5.0,8.5],"tintindex":0,"rotation":0,"texture":"#0"},"west":{"uv":[5.0,8.0,6.25,8.5],"tintindex":0,"rotation":0,"texture":"#0"},"up":{"uv":[5.0,8.0,4.0,6.75],"tintindex":0,"rotation":0,"texture":"#0"},"down":{"uv":[6.0,6.75,5.0,8.0],"tintindex":0,"rotation":0,"texture":"#0"}}},{"from":[7.6400003,3.1999989,4.4],"to":[11.84,9.199999,10.4],"faces":{"east":{"uv":[4.75,3.0,6.0,4.25],"tintindex":0,"rotation":0,"texture":"#0"},"south":{"uv":[8.0,3.0,8.75,4.25],"tintindex":0,"rotation":0,"texture":"#0"},"north":{"uv":[6.0,3.0,6.75,4.25],"tintindex":0,"rotation":0,"texture":"#0"},"west":{"uv":[6.75,3.0,8.0,4.25],"tintindex":0,"rotation":0,"texture":"#0"},"up":{"uv":[6.75,3.0,6.0,1.75],"tintindex":0,"rotation":0,"texture":"#0"},"down":{"uv":[7.5,1.75,6.75,3.0],"tintindex":0,"rotation":0,"texture":"#0"}}}]}