{"textures":{"0":"modelengine:entity/guerrero_demoniaco_gm"},"elements":[{"from":[2.9599996,7.279999,3.9199996],"to":[8.36,9.679998,11.0],"faces":{"east":{"uv":[6.0,1.25,7.25,1.75],"tintindex":0,"rotation":0,"texture":"#0"},"south":{"uv":[9.5,1.25,10.5,1.75],"tintindex":0,"rotation":0,"texture":"#0"},"north":{"uv":[7.25,1.25,8.25,1.75],"tintindex":0,"rotation":0,"texture":"#0"},"west":{"uv":[8.25,1.25,9.5,1.75],"tintindex":0,"rotation":0,"texture":"#0"},"up":{"uv":[8.25,1.25,7.25,0.0],"tintindex":0,"rotation":0,"texture":"#0"},"down":{"uv":[9.25,0.0,8.25,1.25],"tintindex":0,"rotation":0,"texture":"#0"}}},{"from":[4.04,3.1999989,4.4],"to":[8.24,9.199999,10.4],"faces":{"east":{"uv":[4.25,5.5,5.5,6.75],"tintindex":0,"rotation":0,"texture":"#0"},"south":{"uv":[7.5,5.5,8.25,6.75],"tintindex":0,"rotation":0,"texture":"#0"},"north":{"uv":[5.5,5.5,6.25,6.75],"tintindex":0,"rotation":0,"texture":"#0"},"west":{"uv":[6.25,5.5,7.5,6.75],"tintindex":0,"rotation":0,"texture":"#0"},"up":{"uv":[6.25,5.5,5.5,4.25],"tintindex":0,"rotation":0,"texture":"#0"},"down":{"uv":[7.0,4.25,6.25,5.5],"tintindex":0,"rotation":0,"texture":"#0"}}}]}