{"textures":{"0":"modelengine:entity/guerrero_demoniaco_gm"},"elements":[{"from":[8.255356,16.5151,-1.9771452],"to":[9.455357,18.135103,-0.3571453],"faces":{"east":{"uv":[7.0,5.0,7.25,5.25],"tintindex":0,"rotation":0,"texture":"#0"},"south":{"uv":[7.75,5.0,8.0,5.25],"tintindex":0,"rotation":0,"texture":"#0"},"north":{"uv":[7.25,5.0,7.5,5.25],"tintindex":0,"rotation":0,"texture":"#0"},"west":{"uv":[7.5,5.0,7.75,5.25],"tintindex":0,"rotation":0,"texture":"#0"},"up":{"uv":[7.5,5.0,7.25,4.75],"tintindex":0,"rotation":0,"texture":"#0"},"down":{"uv":[7.75,4.75,7.5,5.0],"tintindex":0,"rotation":0,"texture":"#0"}},"rotation":{"origin":[5.231356,14.685102,-1.2871456],"angle":45.0,"axis":"x"}},{"from":[5.231356,8.077286,3.4670897],"to":[12.431356,15.277285,10.787089],"faces":{"east":{"uv":[0.0,1.5,1.5,3.0],"tintindex":0,"rotation":0,"texture":"#0"},"south":{"uv":[4.5,1.5,6.0,3.0],"tintindex":0,"rotation":0,"texture":"#0"},"north":{"uv":[1.5,1.5,3.0,3.0],"tintindex":0,"rotation":0,"texture":"#0"},"west":{"uv":[3.0,1.5,4.5,3.0],"tintindex":0,"rotation":0,"texture":"#0"},"up":{"uv":[3.0,1.5,1.5,0.0],"tintindex":0,"rotation":0,"texture":"#0"},"down":{"uv":[4.5,0.0,3.0,1.5],"tintindex":0,"rotation":0,"texture":"#0"}}},{"from":[7.895356,14.269285,0.5270896],"to":[9.815356,16.369284,3.5870895],"faces":{"east":{"uv":[0.0,6.0,0.5,6.25],"tintindex":0,"rotation":0,"texture":"#0"},"south":{"uv":[1.25,6.0,1.5,6.25],"tintindex":0,"rotation":0,"texture":"#0"},"north":{"uv":[0.5,6.0,0.75,6.25],"tintindex":0,"rotation":0,"texture":"#0"},"west":{"uv":[0.75,6.0,1.25,6.25],"tintindex":0,"rotation":0,"texture":"#0"},"up":{"uv":[0.75,6.0,0.5,5.5],"tintindex":0,"rotation":0,"texture":"#0"},"down":{"uv":[1.0,5.5,0.75,6.0],"tintindex":0,"rotation":0,"texture":"#0"}},"rotation":{"origin":[5.231356,15.319284,1.8170896],"angle":22.5,"axis":"x"}},{"from":[11.957602,13.48633,6.5870895],"to":[14.117601,15.64633,7.9070897],"faces":{"east":{"uv":[7.0,4.5,7.25,4.75],"tintindex":0,"rotation":0,"texture":"#0"},"south":{"uv":[7.75,4.5,8.0,4.75],"tintindex":0,"rotation":0,"texture":"#0"},"north":{"uv":[7.25,4.5,7.5,4.75],"tintindex":0,"rotation":0,"texture":"#0"},"west":{"uv":[7.5,4.5,7.75,4.75],"tintindex":0,"rotation":0,"texture":"#0"},"up":{"uv":[7.5,4.5,7.25,4.25],"tintindex":0,"rotation":0,"texture":"#0"},"down":{"uv":[7.75,4.25,7.5,4.5],"tintindex":0,"rotation":0,"texture":"#0"}},"rotation":{"origin":[16.037601,12.4663315,4.1270895],"angle":45.0,"axis":"z"}},{"from":[5.1090727,12.637804,6.5870895],"to":[7.2690725,14.797804,7.9070897],"faces":{"east":{"uv":[2.25,7.0,2.5,7.25],"tintindex":0,"rotation":0,"texture":"#0"},"south":{"uv":[3.0,7.0,3.25,7.25],"tintindex":0,"rotation":0,"texture":"#0"},"north":{"uv":[2.5,7.0,2.75,7.25],"tintindex":0,"rotation":0,"texture":"#0"},"west":{"uv":[2.75,7.0,3.0,7.25],"tintindex":0,"rotation":0,"texture":"#0"},"up":{"uv":[2.75,7.0,2.5,6.75],"tintindex":0,"rotation":0,"texture":"#0"},"down":{"uv":[3.0,6.75,2.75,7.0],"tintindex":0,"rotation":0,"texture":"#0"}},"rotation":{"origin":[7.989073,11.617804,4.1270895],"angle":45.0,"axis":"z"}},{"from":[7.415356,14.029284,2.6870894],"to":[10.055356,16.669287,8.14709],"faces":{"east":{"uv":[2.0,11.25,3.0,11.75],"tintindex":0,"rotation":0,"texture":"#0"},"south":{"uv":[4.5,11.25,5.0,11.75],"tintindex":0,"rotation":0,"texture":"#0"},"north":{"uv":[3.0,11.25,3.5,11.75],"tintindex":0,"rotation":0,"texture":"#0"},"west":{"uv":[3.5,11.25,4.5,11.75],"tintindex":0,"rotation":0,"texture":"#0"},"up":{"uv":[3.5,11.25,3.0,10.25],"tintindex":0,"rotation":0,"texture":"#0"},"down":{"uv":[4.0,10.25,3.5,11.25],"tintindex":0,"rotation":0,"texture":"#0"}},"rotation":{"origin":[8.855356,15.379286,5.4170895],"angle":45.0,"axis":"z"}}]}