{"textures":{"0":"modelengine:entity/guerrero_demoniaco_gm"},"elements":[{"from":[6.5600004,0.8000002,5.48],"to":[9.200001,3.5600004,9.32],"faces":{"east":{"uv":[10.0,7.5,10.75,8.0],"tintindex":0,"rotation":0,"texture":"#0"},"south":{"uv":[12.0,7.5,12.5,8.0],"tintindex":0,"rotation":0,"texture":"#0"},"north":{"uv":[10.75,7.5,11.25,8.0],"tintindex":0,"rotation":0,"texture":"#0"},"west":{"uv":[11.25,7.5,12.0,8.0],"tintindex":0,"rotation":0,"texture":"#0"},"up":{"uv":[11.25,7.5,10.75,6.75],"tintindex":0,"rotation":0,"texture":"#0"},"down":{"uv":[11.75,6.75,11.25,7.5],"tintindex":0,"rotation":0,"texture":"#0"}}},{"from":[6.0800004,3.4400005,5.0],"to":[9.68,4.5200005,9.92],"faces":{"up":{"uv":[1.75,15.75,1.0,14.75],"tintindex":0,"rotation":0,"texture":"#0"},"down":{"uv":[2.5,14.75,1.75,15.75],"tintindex":0,"rotation":0,"texture":"#0"}}},{"from":[6.5600004,3.5600004,5.6],"to":[9.32,8.0,9.32],"faces":{"east":{"uv":[10.5,0.75,11.25,1.5],"tintindex":0,"rotation":0,"texture":"#0"},"south":{"uv":[12.5,0.75,13.0,1.5],"tintindex":0,"rotation":0,"texture":"#0"},"north":{"uv":[11.25,0.75,11.75,1.5],"tintindex":0,"rotation":0,"texture":"#0"},"west":{"uv":[11.75,0.75,12.5,1.5],"tintindex":0,"rotation":0,"texture":"#0"},"up":{"uv":[11.75,0.75,11.25,0.0],"tintindex":0,"rotation":0,"texture":"#0"},"down":{"uv":[12.25,0.0,11.75,0.75],"tintindex":0,"rotation":0,"texture":"#0"}}}]}