{"textures":{"0":"modelengine:entity/guerrero_demoniaco_gm"},"elements":[{"from":[6.3199997,3.4400005,5.6],"to":[9.92,4.5200005,10.52],"faces":{"up":{"uv":[1.75,15.75,1.0,14.75],"tintindex":0,"rotation":0,"texture":"#0"},"down":{"uv":[2.5,14.75,1.75,15.75],"tintindex":0,"rotation":0,"texture":"#0"}}},{"from":[6.7999997,3.6800003,6.2],"to":[9.559999,8.120001,9.92],"faces":{"east":{"uv":[5.0,11.25,5.75,12.0],"tintindex":0,"rotation":0,"texture":"#0"},"south":{"uv":[7.0,11.25,7.5,12.0],"tintindex":0,"rotation":0,"texture":"#0"},"north":{"uv":[5.75,11.25,6.25,12.0],"tintindex":0,"rotation":0,"texture":"#0"},"west":{"uv":[6.25,11.25,7.0,12.0],"tintindex":0,"rotation":0,"texture":"#0"},"up":{"uv":[6.25,11.25,5.75,10.5],"tintindex":0,"rotation":0,"texture":"#0"},"down":{"uv":[6.75,10.5,6.25,11.25],"tintindex":0,"rotation":0,"texture":"#0"}}},{"from":[6.7999997,0.8000002,6.08],"to":[9.44,3.5600004,9.92],"faces":{"east":{"uv":[10.5,2.25,11.25,2.75],"tintindex":0,"rotation":0,"texture":"#0"},"south":{"uv":[12.5,2.25,13.0,2.75],"tintindex":0,"rotation":0,"texture":"#0"},"north":{"uv":[11.25,2.25,11.75,2.75],"tintindex":0,"rotation":0,"texture":"#0"},"west":{"uv":[11.75,2.25,12.5,2.75],"tintindex":0,"rotation":0,"texture":"#0"},"up":{"uv":[11.75,2.25,11.25,1.5],"tintindex":0,"rotation":0,"texture":"#0"},"down":{"uv":[12.25,1.5,11.75,2.25],"tintindex":0,"rotation":0,"texture":"#0"}}}]}