{"textures":{"0":"modelengine:entity/guerrero_demoniaco_gm"},"elements":[{"from":[5.6,14.6,5.2],"to":[10.4,15.800001,10.0],"faces":{"east":{"uv":[7.5,2.75,8.5,3.0],"tintindex":0,"rotation":0,"texture":"#0"},"south":{"uv":[10.5,2.75,11.5,3.0],"tintindex":0,"rotation":0,"texture":"#0"},"north":{"uv":[8.5,2.75,9.5,3.0],"tintindex":0,"rotation":0,"texture":"#0"},"west":{"uv":[9.5,2.75,10.5,3.0],"tintindex":0,"rotation":0,"texture":"#0"},"up":{"uv":[9.5,2.75,8.5,1.75],"tintindex":0,"rotation":0,"texture":"#0"},"down":{"uv":[10.5,1.75,9.5,2.75],"tintindex":0,"rotation":0,"texture":"#0"}}},{"from":[4.4,8.0,4.7200003],"to":[11.6,14.720001,10.84],"faces":{"east":{"uv":[0.0,4.25,1.25,5.5],"tintindex":0,"rotation":0,"texture":"#0"},"south":{"uv":[4.0,4.25,5.5,5.5],"tintindex":0,"rotation":0,"texture":"#0"},"north":{"uv":[1.25,4.25,2.75,5.5],"tintindex":0,"rotation":0,"texture":"#0"},"west":{"uv":[2.75,4.25,4.0,5.5],"tintindex":0,"rotation":0,"texture":"#0"},"up":{"uv":[2.75,4.25,1.25,3.0],"tintindex":0,"rotation":0,"texture":"#0"},"down":{"uv":[4.25,3.0,2.75,4.25],"tintindex":0,"rotation":0,"texture":"#0"}}}]}