{"textures":{"0":"modelengine:entity/guerrero_demoniaco_gm"},"elements":[{"from":[5.6,0.8000002,5.3599997],"to":[9.2,8.240001,8.48],"faces":{"east":{"uv":[8.75,5.0,9.25,6.5],"tintindex":0,"rotation":0,"texture":"#0"},"south":{"uv":[10.5,5.0,11.25,6.5],"tintindex":0,"rotation":0,"texture":"#0"},"north":{"uv":[9.25,5.0,10.0,6.5],"tintindex":0,"rotation":0,"texture":"#0"},"west":{"uv":[10.0,5.0,10.5,6.5],"tintindex":0,"rotation":0,"texture":"#0"},"up":{"uv":[10.0,5.0,9.25,4.5],"tintindex":0,"rotation":0,"texture":"#0"},"down":{"uv":[10.75,4.5,10.0,5.0],"tintindex":0,"rotation":0,"texture":"#0"}}}]}