{"textures":{"0":"modelengine:entity/guerrero_demoniaco_gm"},"elements":[{"from":[6.8,0.8000002,5.3599997],"to":[10.4,8.240001,8.48],"faces":{"east":{"uv":[9.75,9.75,10.25,11.25],"tintindex":0,"rotation":0,"texture":"#0"},"south":{"uv":[11.5,9.75,12.25,11.25],"tintindex":0,"rotation":0,"texture":"#0"},"north":{"uv":[10.25,9.75,11.0,11.25],"tintindex":0,"rotation":0,"texture":"#0"},"west":{"uv":[11.0,9.75,11.5,11.25],"tintindex":0,"rotation":0,"texture":"#0"},"up":{"uv":[11.0,9.75,10.25,9.25],"tintindex":0,"rotation":0,"texture":"#0"},"down":{"uv":[11.75,9.25,11.0,9.75],"tintindex":0,"rotation":0,"texture":"#0"}}}]}