{"textures":{"0":"modelengine:entity/guerrero_demoniaco_gm"},"elements":[{"from":[7.76,0.6800003,5.84],"to":[9.32,2.0,8.36],"faces":{"east":{"uv":[0.0,1.25,0.5,1.5],"tintindex":0,"rotation":0,"texture":"#0"},"south":{"uv":[1.25,1.25,1.5,1.5],"tintindex":0,"rotation":0,"texture":"#0"},"north":{"uv":[0.5,1.25,0.75,1.5],"tintindex":0,"rotation":0,"texture":"#0"},"west":{"uv":[0.75,1.25,1.25,1.5],"tintindex":0,"rotation":0,"texture":"#0"},"up":{"uv":[0.75,1.25,0.5,0.75],"tintindex":0,"rotation":0,"texture":"#0"},"down":{"uv":[1.0,0.75,0.75,1.25],"tintindex":0,"rotation":0,"texture":"#0"}}},{"from":[6.5600004,0.6800003,6.2],"to":[8.12,1.8800001,8.36],"faces":{"east":{"uv":[0.75,6.75,1.0,7.0],"tintindex":0,"rotation":0,"texture":"#0"},"south":{"uv":[1.5,6.75,1.75,7.0],"tintindex":0,"rotation":0,"texture":"#0"},"north":{"uv":[1.0,6.75,1.25,7.0],"tintindex":0,"rotation":0,"texture":"#0"},"west":{"uv":[1.25,6.75,1.5,7.0],"tintindex":0,"rotation":0,"texture":"#0"},"up":{"uv":[1.25,6.75,1.0,6.5],"tintindex":0,"rotation":0,"texture":"#0"},"down":{"uv":[1.5,6.5,1.25,6.75],"tintindex":0,"rotation":0,"texture":"#0"}},"rotation":{"origin":[7.16,1.3400002,7.46],"angle":22.5,"axis":"y"}},{"from":[6.8,0.6799998,7.7599998],"to":[10.4,7.9999995,10.88],"faces":{"east":{"uv":[7.25,9.75,7.75,11.25],"tintindex":0,"rotation":0,"texture":"#0"},"south":{"uv":[9.0,9.75,9.75,11.25],"tintindex":0,"rotation":0,"texture":"#0"},"north":{"uv":[7.75,9.75,8.5,11.25],"tintindex":0,"rotation":0,"texture":"#0"},"west":{"uv":[8.5,9.75,9.0,11.25],"tintindex":0,"rotation":0,"texture":"#0"},"up":{"uv":[8.5,9.75,7.75,9.25],"tintindex":0,"rotation":0,"texture":"#0"},"down":{"uv":[9.25,9.25,8.5,9.75],"tintindex":0,"rotation":0,"texture":"#0"}}},{"from":[9.08,0.6800003,6.2],"to":[10.64,1.8800001,8.36],"faces":{"east":{"uv":[0.0,7.0,0.25,7.25],"tintindex":0,"rotation":0,"texture":"#0"},"south":{"uv":[0.75,7.0,1.0,7.25],"tintindex":0,"rotation":0,"texture":"#0"},"north":{"uv":[0.25,7.0,0.5,7.25],"tintindex":0,"rotation":0,"texture":"#0"},"west":{"uv":[0.5,7.0,0.75,7.25],"tintindex":0,"rotation":0,"texture":"#0"},"up":{"uv":[0.5,7.0,0.25,6.75],"tintindex":0,"rotation":0,"texture":"#0"},"down":{"uv":[0.75,6.75,0.5,7.0],"tintindex":0,"rotation":0,"texture":"#0"}},"rotation":{"origin":[9.68,1.3400002,7.46],"angle":-22.5,"axis":"y"}}]}