{"textures":{"0":"modelengine:entity/guerrero_demoniaco_gm"},"elements":[{"from":[7.88,0.6800003,6.2],"to":[9.44,1.8800001,8.36],"faces":{"east":{"uv":[0.0,6.5,0.25,6.75],"tintindex":0,"rotation":0,"texture":"#0"},"south":{"uv":[0.75,6.5,1.0,6.75],"tintindex":0,"rotation":0,"texture":"#0"},"north":{"uv":[0.25,6.5,0.5,6.75],"tintindex":0,"rotation":0,"texture":"#0"},"west":{"uv":[0.5,6.5,0.75,6.75],"tintindex":0,"rotation":0,"texture":"#0"},"up":{"uv":[0.5,6.5,0.25,6.25],"tintindex":0,"rotation":0,"texture":"#0"},"down":{"uv":[0.75,6.25,0.5,6.5],"tintindex":0,"rotation":0,"texture":"#0"}},"rotation":{"origin":[8.48,1.3400002,7.46],"angle":-22.5,"axis":"y"}},{"from":[6.56,0.6800003,5.84],"to":[8.12,2.0,8.36],"faces":{"east":{"uv":[0.0,0.5,0.5,0.75],"tintindex":0,"rotation":0,"texture":"#0"},"south":{"uv":[1.25,0.5,1.5,0.75],"tintindex":0,"rotation":0,"texture":"#0"},"north":{"uv":[0.5,0.5,0.75,0.75],"tintindex":0,"rotation":0,"texture":"#0"},"west":{"uv":[0.75,0.5,1.25,0.75],"tintindex":0,"rotation":0,"texture":"#0"},"up":{"uv":[0.75,0.5,0.5,0.0],"tintindex":0,"rotation":0,"texture":"#0"},"down":{"uv":[1.0,0.0,0.75,0.5],"tintindex":0,"rotation":0,"texture":"#0"}}},{"from":[5.6,0.6799998,7.7599998],"to":[9.2,7.9999995,10.88],"faces":{"east":{"uv":[4.75,9.0,5.25,10.5],"tintindex":0,"rotation":0,"texture":"#0"},"south":{"uv":[6.5,9.0,7.25,10.5],"tintindex":0,"rotation":0,"texture":"#0"},"north":{"uv":[5.25,9.0,6.0,10.5],"tintindex":0,"rotation":0,"texture":"#0"},"west":{"uv":[6.0,9.0,6.5,10.5],"tintindex":0,"rotation":0,"texture":"#0"},"up":{"uv":[6.0,9.0,5.25,8.5],"tintindex":0,"rotation":0,"texture":"#0"},"down":{"uv":[6.75,8.5,6.0,9.0],"tintindex":0,"rotation":0,"texture":"#0"}}},{"from":[5.3599997,0.6800003,6.2],"to":[6.92,1.8800001,8.36],"faces":{"east":{"uv":[0.0,4.0,0.25,4.25],"tintindex":0,"rotation":0,"texture":"#0"},"south":{"uv":[0.75,4.0,1.0,4.25],"tintindex":0,"rotation":0,"texture":"#0"},"north":{"uv":[0.25,4.0,0.5,4.25],"tintindex":0,"rotation":0,"texture":"#0"},"west":{"uv":[0.5,4.0,0.75,4.25],"tintindex":0,"rotation":0,"texture":"#0"},"up":{"uv":[0.5,4.0,0.25,3.75],"tintindex":0,"rotation":0,"texture":"#0"},"down":{"uv":[0.75,3.75,0.5,4.0],"tintindex":0,"rotation":0,"texture":"#0"}},"rotation":{"origin":[5.96,1.3400002,7.46],"angle":22.5,"axis":"y"}}]}