{"textures":{"0":"modelengine:entity/guerrero_demoniaco_gm"},"elements":[{"from":[7.4,7.13702,-9.771986],"to":[8.6,9.837021,-3.1719856],"faces":{"east":{"uv":[1.75,9.75,3.0,10.25],"tintindex":0,"rotation":0,"texture":"#0"},"south":{"uv":[4.5,9.75,4.75,10.25],"tintindex":0,"rotation":0,"texture":"#0"},"north":{"uv":[3.0,9.75,3.25,10.25],"tintindex":0,"rotation":0,"texture":"#0"},"west":{"uv":[3.25,9.75,4.5,10.25],"tintindex":0,"rotation":0,"texture":"#0"},"up":{"uv":[3.25,9.75,3.0,8.5],"tintindex":0,"rotation":0,"texture":"#0"},"down":{"uv":[3.5,8.5,3.25,9.75],"tintindex":0,"rotation":0,"texture":"#0"}}},{"from":[7.1000004,6.59702,-3.771985],"to":[8.9,9.597021,5.228015],"faces":{"east":{"uv":[6.5,6.75,8.25,7.25],"tintindex":0,"rotation":0,"texture":"#0"},"south":{"uv":[10.25,6.75,10.5,7.25],"tintindex":0,"rotation":0,"texture":"#0"},"north":{"uv":[8.25,6.75,8.5,7.25],"tintindex":0,"rotation":0,"texture":"#0"},"west":{"uv":[8.5,6.75,10.25,7.25],"tintindex":0,"rotation":0,"texture":"#0"},"up":{"uv":[8.5,6.75,8.25,5.0],"tintindex":0,"rotation":0,"texture":"#0"},"down":{"uv":[8.75,5.0,8.5,6.75],"tintindex":0,"rotation":0,"texture":"#0"}}},{"from":[7.7000003,9.032678,-14.090895],"to":[8.3,11.132677,-8.690895],"faces":{"east":{"uv":[4.5,0.5,5.5,0.75],"tintindex":0,"rotation":0,"texture":"#0"},"west":{"uv":[5.5,0.5,6.5,0.75],"tintindex":0,"rotation":0,"texture":"#0"}},"rotation":{"origin":[8.0,10.082678,-11.390894],"angle":22.5,"axis":"x"}},{"from":[6.5,5.9970207,5.228015],"to":[9.5,10.19702,5.828015],"faces":{"south":{"uv":[4.5,15.0,5.0,15.75],"tintindex":0,"rotation":0,"texture":"#0"},"north":{"uv":[4.0,15.0,4.5,15.75],"tintindex":0,"rotation":0,"texture":"#0"}}},{"from":[7.1000004,7.1970205,5.828015],"to":[8.9,8.997021,12.428015],"faces":{"east":{"uv":[10.0,6.5,11.25,6.75],"tintindex":0,"rotation":0,"texture":"#0"},"south":{"uv":[12.75,6.5,13.0,6.75],"tintindex":0,"rotation":0,"texture":"#0"},"north":{"uv":[11.25,6.5,11.5,6.75],"tintindex":0,"rotation":0,"texture":"#0"},"west":{"uv":[11.5,6.5,12.75,6.75],"tintindex":0,"rotation":0,"texture":"#0"},"up":{"uv":[11.5,6.5,11.25,5.25],"tintindex":0,"rotation":0,"texture":"#0"},"down":{"uv":[11.75,5.25,11.5,6.5],"tintindex":0,"rotation":0,"texture":"#0"}}}]}