{"textures":{"0":"modelengine:entity/guerrero_demoniaco_gm"},"elements":[{"from":[6.5,5.9970207,5.228015],"to":[9.5,10.19702,5.828015],"faces":{"south":{"uv":[4.5,15.0,5.0,15.75],"tintindex":0,"rotation":0,"texture":"#0"},"north":{"uv":[4.0,15.0,4.5,15.75],"tintindex":0,"rotation":0,"texture":"#0"}}},{"from":[7.3999996,7.135536,-9.737995],"to":[8.6,9.835537,-3.1379948],"faces":{"east":{"uv":[0.0,9.0,1.25,9.5],"tintindex":0,"rotation":0,"texture":"#0"},"south":{"uv":[2.75,9.0,3.0,9.5],"tintindex":0,"rotation":0,"texture":"#0"},"north":{"uv":[1.25,9.0,1.5,9.5],"tintindex":0,"rotation":0,"texture":"#0"},"west":{"uv":[1.5,9.0,2.75,9.5],"tintindex":0,"rotation":0,"texture":"#0"},"up":{"uv":[1.5,9.0,1.25,7.75],"tintindex":0,"rotation":0,"texture":"#0"},"down":{"uv":[1.75,7.75,1.5,9.0],"tintindex":0,"rotation":0,"texture":"#0"}}},{"from":[7.7,9.032678,-14.090895],"to":[8.299999,11.132677,-8.690895],"faces":{"east":{"uv":[4.5,0.5,5.5,0.75],"tintindex":0,"rotation":0,"texture":"#0"},"west":{"uv":[5.5,0.5,6.5,0.75],"tintindex":0,"rotation":0,"texture":"#0"}},"rotation":{"origin":[8.0,10.082678,-11.390894],"angle":22.5,"axis":"x"}},{"from":[7.1,7.1970205,5.828015],"to":[8.9,8.997021,12.428015],"faces":{"east":{"uv":[0.0,10.75,1.25,11.0],"tintindex":0,"rotation":0,"texture":"#0"},"south":{"uv":[2.75,10.75,3.0,11.0],"tintindex":0,"rotation":0,"texture":"#0"},"north":{"uv":[1.25,10.75,1.5,11.0],"tintindex":0,"rotation":0,"texture":"#0"},"west":{"uv":[1.5,10.75,2.75,11.0],"tintindex":0,"rotation":0,"texture":"#0"},"up":{"uv":[1.5,10.75,1.25,9.5],"tintindex":0,"rotation":0,"texture":"#0"},"down":{"uv":[1.75,9.5,1.5,10.75],"tintindex":0,"rotation":0,"texture":"#0"}}},{"from":[7.1,6.59702,-3.771985],"to":[8.9,9.597021,5.228015],"faces":{"east":{"uv":[0.0,7.25,1.75,7.75],"tintindex":0,"rotation":0,"texture":"#0"},"south":{"uv":[3.75,7.25,4.0,7.75],"tintindex":0,"rotation":0,"texture":"#0"},"north":{"uv":[1.75,7.25,2.0,7.75],"tintindex":0,"rotation":0,"texture":"#0"},"west":{"uv":[2.0,7.25,3.75,7.75],"tintindex":0,"rotation":0,"texture":"#0"},"up":{"uv":[2.0,7.25,1.75,5.5],"tintindex":0,"rotation":0,"texture":"#0"},"down":{"uv":[2.25,5.5,2.0,7.25],"tintindex":0,"rotation":0,"texture":"#0"}}}]}