{"textures":{"0":"modelengine:entity/angel_gm_warrior_one"},"elements":[{"from":[7.025,2.514143,6.5],"to":[9.0,8.514143,9.5],"faces":{"east":{"uv":[3.25,10.5,4.0,12.0],"tintindex":0,"rotation":0,"texture":"#0"},"south":{"uv":[10.0,11.25,10.5,12.75],"tintindex":0,"rotation":0,"texture":"#0"},"north":{"uv":[9.5,11.25,10.0,12.75],"tintindex":0,"rotation":0,"texture":"#0"},"west":{"uv":[10.5,3.5,11.25,5.0],"tintindex":0,"rotation":0,"texture":"#0"},"up":{"uv":[12.25,7.75,11.75,7.0],"tintindex":0,"rotation":0,"texture":"#0"},"down":{"uv":[12.25,7.75,11.75,8.5],"tintindex":0,"rotation":0,"texture":"#0"}}},{"from":[7.0,6.9141426,5.9],"to":[10.0,8.914143,10.0],"faces":{"east":{"uv":[11.0,5.5,12.0,6.0],"tintindex":0,"rotation":0,"texture":"#0"},"south":{"uv":[3.25,12.0,4.0,12.5],"tintindex":0,"rotation":0,"texture":"#0"},"north":{"uv":[2.5,12.0,3.25,12.5],"tintindex":0,"rotation":0,"texture":"#0"},"west":{"uv":[11.5,1.5,12.5,2.0],"tintindex":0,"rotation":0,"texture":"#0"},"up":{"uv":[4.75,7.0,4.0,6.0],"tintindex":0,"rotation":0,"texture":"#0"},"down":{"uv":[7.75,6.0,7.0,7.0],"tintindex":0,"rotation":0,"texture":"#0"}}}],"display":{"gui":{"rotation":[30,225,0]}}}