{"textures":{"0":"modelengine:entity/angel_gm_warrior_one"},"elements":[{"from":[6.0,6.8999996,5.9],"to":[9.0,8.9,10.0],"faces":{"east":{"uv":[4.0,11.5,5.0,12.0],"tintindex":0,"rotation":0,"texture":"#0"},"south":{"uv":[4.0,12.0,4.75,12.5],"tintindex":0,"rotation":0,"texture":"#0"},"north":{"uv":[12.0,3.5,12.75,4.0],"tintindex":0,"rotation":0,"texture":"#0"},"west":{"uv":[5.0,11.5,6.0,12.0],"tintindex":0,"rotation":0,"texture":"#0"},"up":{"uv":[3.75,9.0,3.0,8.0],"tintindex":0,"rotation":0,"texture":"#0"},"down":{"uv":[11.25,11.25,10.5,12.25],"tintindex":0,"rotation":0,"texture":"#0"}}},{"from":[7.0,2.5,6.5],"to":[8.975,8.5,9.5],"faces":{"east":{"uv":[1.75,10.0,2.5,11.5],"tintindex":0,"rotation":0,"texture":"#0"},"south":{"uv":[9.0,11.25,9.5,12.75],"tintindex":0,"rotation":0,"texture":"#0"},"north":{"uv":[8.5,11.25,9.0,12.75],"tintindex":0,"rotation":0,"texture":"#0"},"west":{"uv":[2.5,10.5,3.25,12.0],"tintindex":0,"rotation":0,"texture":"#0"},"up":{"uv":[2.25,12.25,1.75,11.5],"tintindex":0,"rotation":0,"texture":"#0"},"down":{"uv":[12.0,10.25,11.5,11.0],"tintindex":0,"rotation":0,"texture":"#0"}}}],"display":{"gui":{"rotation":[30,225,0]}}}