{"textures":{"0":"modelengine:entity/angel_gm_warrior_one"},"elements":[{"from":[13.484901,13.227791,6.7420435],"to":[13.484901,16.827791,13.642044],"faces":{"east":{"uv":[9.25,9.25,11.0,10.25],"tintindex":0,"rotation":0,"texture":"#0"},"west":{"uv":[0.0,10.0,1.75,11.0],"tintindex":0,"rotation":0,"texture":"#0"}},"rotation":{"origin":[13.484901,15.02779,10.192043],"angle":22.5,"axis":"y"}},{"from":[3.7646446,12.527792,1.8046594],"to":[12.164644,16.727793,11.904659],"faces":{"east":{"uv":[9.0,0.0,11.5,1.0],"tintindex":0,"rotation":0,"texture":"#0"},"south":{"uv":[9.0,5.0,11.0,6.0],"tintindex":0,"rotation":0,"texture":"#0"},"north":{"uv":[4.5,9.0,6.5,10.0],"tintindex":0,"rotation":0,"texture":"#0"},"west":{"uv":[9.0,1.0,11.5,2.0],"tintindex":0,"rotation":0,"texture":"#0"},"up":{"uv":[7.0,2.5,5.0,0.0],"tintindex":0,"rotation":0,"texture":"#0"},"down":{"uv":[7.0,2.5,5.0,5.0],"tintindex":0,"rotation":0,"texture":"#0"}}},{"from":[3.9646444,8.027792,3.5046592],"to":[11.964644,16.027792,11.50466],"faces":{"east":{"uv":[0.0,6.0,2.0,8.0],"tintindex":0,"rotation":0,"texture":"#0"},"south":{"uv":[2.0,6.0,4.0,8.0],"tintindex":0,"rotation":0,"texture":"#0"},"north":{"uv":[5.0,5.0,7.0,7.0],"tintindex":0,"rotation":0,"texture":"#0"},"west":{"uv":[7.0,0.0,9.0,2.0],"tintindex":0,"rotation":0,"texture":"#0"},"up":{"uv":[9.0,4.0,7.0,2.0],"tintindex":0,"rotation":0,"texture":"#0"},"down":{"uv":[6.0,7.0,4.0,9.0],"tintindex":0,"rotation":0,"texture":"#0"}}},{"from":[13.484901,11.727791,3.5420437],"to":[13.484901,15.327791,10.442043],"faces":{"east":{"uv":[4.5,10.0,6.25,11.0],"tintindex":0,"rotation":0,"texture":"#0"},"west":{"uv":[6.25,10.25,8.0,11.25],"tintindex":0,"rotation":0,"texture":"#0"}},"rotation":{"origin":[13.484901,13.52779,6.9920435],"angle":22.5,"axis":"y"}},{"from":[2.444387,11.727791,3.5420437],"to":[2.444387,15.327791,10.442043],"faces":{"east":{"uv":[8.0,10.25,9.75,11.25],"tintindex":0,"rotation":0,"texture":"#0"},"west":{"uv":[9.75,10.25,11.5,11.25],"tintindex":0,"rotation":0,"texture":"#0"}},"rotation":{"origin":[2.444387,13.52779,6.9920435],"angle":-22.5,"axis":"y"}},{"from":[2.444387,13.227791,6.7420435],"to":[2.444387,16.827791,13.642044],"faces":{"east":{"uv":[9.25,7.25,11.0,8.25],"tintindex":0,"rotation":0,"texture":"#0"},"west":{"uv":[9.25,8.25,11.0,9.25],"tintindex":0,"rotation":0,"texture":"#0"}},"rotation":{"origin":[2.444387,15.02779,10.192043],"angle":-22.5,"axis":"y"}}],"display":{"gui":{"rotation":[30,225,0]}}}