{"textures":{"0":"modelengine:entity/angel_gm_warrior_one"},"elements":[{"from":[4.0,4.799999,3.46],"to":[12.0,6.799999,11.46],"faces":{"east":{"uv":[10.75,6.5,12.75,7.0],"tintindex":0,"rotation":0,"texture":"#0"},"south":{"uv":[4.0,11.0,6.0,11.5],"tintindex":0,"rotation":0,"texture":"#0"},"north":{"uv":[10.75,6.0,12.75,6.5],"tintindex":0,"rotation":0,"texture":"#0"},"west":{"uv":[11.0,5.0,13.0,5.5],"tintindex":0,"rotation":0,"texture":"#0"},"up":{"uv":[9.0,6.0,7.0,4.0],"tintindex":0,"rotation":0,"texture":"#0"},"down":{"uv":[8.0,7.0,6.0,9.0],"tintindex":0,"rotation":0,"texture":"#0"}}}],"display":{"gui":{"rotation":[30,225,0]}}}