{"textures":{"0":"modelengine:entity/angel_gm_warrior_one"},"elements":[{"from":[6.5,3.0,6.5],"to":[9.5,8.0,9.5],"faces":{"east":{"uv":[6.0,11.25,6.75,12.5],"tintindex":0,"rotation":0,"texture":"#0"},"south":{"uv":[6.75,11.25,7.5,12.5],"tintindex":0,"rotation":0,"texture":"#0"},"north":{"uv":[11.25,3.5,12.0,4.75],"tintindex":0,"rotation":0,"texture":"#0"},"west":{"uv":[7.5,11.25,8.25,12.5],"tintindex":0,"rotation":0,"texture":"#0"},"up":{"uv":[12.25,0.75,11.5,0.0],"tintindex":0,"rotation":0,"texture":"#0"},"down":{"uv":[12.25,0.75,11.5,1.5],"tintindex":0,"rotation":0,"texture":"#0"}}}],"display":{"gui":{"rotation":[30,225,0]}}}