{"textures":{"0":"modelengine:entity/angel_gm_warrior_one"},"elements":[{"from":[6.5,3.0,6.5],"to":[9.5,8.0,9.5],"faces":{"east":{"uv":[0.75,11.0,1.5,12.25],"tintindex":0,"rotation":0,"texture":"#0"},"south":{"uv":[11.0,7.0,11.75,8.25],"tintindex":0,"rotation":0,"texture":"#0"},"north":{"uv":[0.0,11.0,0.75,12.25],"tintindex":0,"rotation":0,"texture":"#0"},"west":{"uv":[11.0,8.25,11.75,9.5],"tintindex":0,"rotation":0,"texture":"#0"},"up":{"uv":[11.75,10.25,11.0,9.5],"tintindex":0,"rotation":0,"texture":"#0"},"down":{"uv":[12.0,11.25,11.25,12.0],"tintindex":0,"rotation":0,"texture":"#0"}}}],"display":{"gui":{"rotation":[30,225,0]}}}