{"textures":{"0":"modelengine:entity/angel_gm_warrior_one"},"elements":[{"from":[7.5,4.1176777,5.0],"to":[8.5,10.117678,11.0],"faces":{"east":{"uv":[3.0,9.0,4.5,10.5],"tintindex":0,"rotation":0,"texture":"#0"},"south":{"uv":[5.0,12.0,5.25,13.5],"tintindex":0,"rotation":0,"texture":"#0"},"north":{"uv":[4.75,12.0,5.0,13.5],"tintindex":0,"rotation":0,"texture":"#0"},"west":{"uv":[9.0,3.5,10.5,5.0],"tintindex":0,"rotation":0,"texture":"#0"},"up":{"uv":[5.5,13.5,5.25,12.0],"tintindex":0,"rotation":0,"texture":"#0"},"down":{"uv":[5.75,12.0,5.5,13.5],"tintindex":0,"rotation":0,"texture":"#0"}}}],"display":{"gui":{"rotation":[30,225,0]}}}