{"textures":{"0":"modelengine:entity/angel_gm_warrior_one"},"elements":[{"from":[7.5,6.6176777,-7.5],"to":[8.5,9.617678,5.5],"faces":{"east":{"uv":[9.0,2.0,12.25,2.75],"tintindex":0,"rotation":0,"texture":"#0"},"south":{"uv":[7.75,6.0,8.0,6.75],"tintindex":0,"rotation":0,"texture":"#0"},"north":{"uv":[4.75,6.0,5.0,6.75],"tintindex":0,"rotation":0,"texture":"#0"},"west":{"uv":[9.0,2.75,12.25,3.5],"tintindex":0,"rotation":0,"texture":"#0"},"up":{"uv":[1.75,14.25,1.5,11.0],"tintindex":0,"rotation":0,"texture":"#0"},"down":{"uv":[8.5,11.25,8.25,14.5],"tintindex":0,"rotation":0,"texture":"#0"}}},{"from":[7.5,7.6176777,5.5],"to":[8.5,8.617678,11.5],"faces":{"east":{"uv":[11.25,4.75,12.75,5.0],"tintindex":0,"rotation":0,"texture":"#0"},"south":{"uv":[7.75,6.75,8.0,7.0],"tintindex":0,"rotation":0,"texture":"#0"},"north":{"uv":[4.75,6.75,5.0,7.0],"tintindex":0,"rotation":0,"texture":"#0"},"west":{"uv":[11.5,11.0,13.0,11.25],"tintindex":0,"rotation":0,"texture":"#0"},"up":{"uv":[2.5,13.0,2.25,11.5],"tintindex":0,"rotation":0,"texture":"#0"},"down":{"uv":[12.0,8.5,11.75,10.0],"tintindex":0,"rotation":0,"texture":"#0"}}}],"display":{"gui":{"rotation":[30,225,0]}}}