{"textures":{"0":"modelengine:entity/guardian_nomuerto"},"elements":[{"from":[3.3239937,0.012828827,5.0706105],"to":[9.323994,11.012829,11.07061],"faces":{"east":{"uv":[0.625,14.625,1.375,16.0],"tintindex":0,"rotation":0,"texture":"#0"},"south":{"uv":[2.875,14.625,3.625,16.0],"tintindex":0,"rotation":0,"texture":"#0"},"north":{"uv":[1.375,14.625,2.125,16.0],"tintindex":0,"rotation":0,"texture":"#0"},"west":{"uv":[2.125,14.625,2.875,16.0],"tintindex":0,"rotation":0,"texture":"#0"},"up":{"uv":[2.125,14.625,1.375,13.875],"tintindex":0,"rotation":0,"texture":"#0"},"down":{"uv":[2.875,13.875,2.125,14.625],"tintindex":0,"rotation":0,"texture":"#0"}}},{"from":[2.3239937,-6.183321,4.60651],"to":[9.323994,0.8166771,11.60651],"faces":{"east":{"uv":[12.375,2.875,13.25,3.75],"tintindex":0,"rotation":0,"texture":"#0"},"south":{"uv":[15.0,2.875,15.875,3.75],"tintindex":0,"rotation":0,"texture":"#0"},"north":{"uv":[13.25,2.875,14.125,3.75],"tintindex":0,"rotation":0,"texture":"#0"},"west":{"uv":[14.125,2.875,15.0,3.75],"tintindex":0,"rotation":0,"texture":"#0"},"up":{"uv":[14.125,2.875,13.25,2.0],"tintindex":0,"rotation":0,"texture":"#0"},"down":{"uv":[15.0,2.0,14.125,2.875],"tintindex":0,"rotation":0,"texture":"#0"}}}],"display":{"gui":{"rotation":[30,225,0]}}}