{"textures":{"0":"modelengine:entity/guardian_nomuerto"},"elements":[{"from":[7.34842,0.14421844,5.587303],"to":[13.34842,11.144218,11.587303],"faces":{"east":{"uv":[0.625,14.625,1.375,16.0],"tintindex":0,"rotation":0,"texture":"#0"},"south":{"uv":[2.875,14.625,3.625,16.0],"tintindex":0,"rotation":0,"texture":"#0"},"north":{"uv":[1.375,14.625,2.125,16.0],"tintindex":0,"rotation":0,"texture":"#0"},"west":{"uv":[2.125,14.625,2.875,16.0],"tintindex":0,"rotation":0,"texture":"#0"},"up":{"uv":[2.125,14.625,1.375,13.875],"tintindex":0,"rotation":0,"texture":"#0"},"down":{"uv":[2.875,13.875,2.125,14.625],"tintindex":0,"rotation":0,"texture":"#0"}}},{"from":[8.068234,-5.639761,6.1159987],"to":[15.068234,1.3602371,13.115998],"faces":{"east":{"uv":[12.375,2.875,13.25,3.75],"tintindex":0,"rotation":0,"texture":"#0"},"south":{"uv":[15.0,2.875,15.875,3.75],"tintindex":0,"rotation":0,"texture":"#0"},"north":{"uv":[13.25,2.875,14.125,3.75],"tintindex":0,"rotation":0,"texture":"#0"},"west":{"uv":[14.125,2.875,15.0,3.75],"tintindex":0,"rotation":0,"texture":"#0"},"up":{"uv":[14.125,2.875,13.25,2.0],"tintindex":0,"rotation":0,"texture":"#0"},"down":{"uv":[15.0,2.0,14.125,2.875],"tintindex":0,"rotation":0,"texture":"#0"}}}],"display":{"gui":{"rotation":[30,225,0]}}}