{"textures":{"0":"modelengine:entity/guardian_nomuerto"},"elements":[{"from":[-2.2310982,18.4901,7.247303],"to":[3.2689018,26.9901,8.247303],"faces":{"east":{"uv":[7.0,0.25,7.25,2.375],"tintindex":0,"rotation":0,"texture":"#0"},"south":{"uv":[8.875,0.25,10.25,2.375],"tintindex":0,"rotation":0,"texture":"#0"},"north":{"uv":[7.25,2.375,8.625,0.25],"tintindex":0,"rotation":0,"texture":"#0"},"west":{"uv":[8.625,0.25,8.875,2.375],"tintindex":0,"rotation":0,"texture":"#0"},"up":{"uv":[8.625,0.25,7.25,0.0],"tintindex":0,"rotation":0,"texture":"#0"},"down":{"uv":[10.0,0.0,8.625,0.25],"tintindex":0,"rotation":0,"texture":"#0"}},"rotation":{"origin":[0.5189023,22.7401,7.747303],"angle":-45.0,"axis":"z"}},{"from":[8.785063,-1.5600567,8.55538],"to":[10.285063,23.439945,10.05538],"faces":{"east":{"uv":[0.0,3.125,0.375,9.375],"tintindex":0,"rotation":0,"texture":"#0"},"south":{"uv":[1.125,3.125,1.5,9.375],"tintindex":0,"rotation":0,"texture":"#0"},"north":{"uv":[0.375,3.125,0.75,9.375],"tintindex":0,"rotation":0,"texture":"#0"},"west":{"uv":[0.75,3.125,1.125,9.375],"tintindex":0,"rotation":0,"texture":"#0"},"up":{"uv":[0.75,3.125,0.375,2.75],"tintindex":0,"rotation":0,"texture":"#0"},"down":{"uv":[1.125,2.75,0.75,3.125],"tintindex":0,"rotation":0,"texture":"#0"}},"rotation":{"origin":[6.6700997,-17.397875,10.646257],"angle":45.0,"axis":"y"}},{"from":[-2.3549824,13.0111,7.163658],"to":[3.1450171,21.5111,8.163658],"faces":{"east":{"uv":[7.0,0.25,7.25,2.375],"tintindex":0,"rotation":0,"texture":"#0"},"south":{"uv":[8.875,0.25,10.25,2.375],"tintindex":0,"rotation":0,"texture":"#0"},"north":{"uv":[7.25,0.25,8.625,2.375],"tintindex":0,"rotation":0,"texture":"#0"},"west":{"uv":[8.625,0.25,8.875,2.375],"tintindex":0,"rotation":0,"texture":"#0"},"up":{"uv":[8.625,0.25,7.25,0.0],"tintindex":0,"rotation":0,"texture":"#0"},"down":{"uv":[10.0,0.0,8.625,0.25],"tintindex":0,"rotation":0,"texture":"#0"}},"rotation":{"origin":[0.39501715,17.2611,7.663658],"angle":45.0,"axis":"z"}},{"from":[12.522423,18.022476,6.828718],"to":[18.022423,26.522476,7.828718],"faces":{"east":{"uv":[7.0,0.25,7.25,2.375],"tintindex":0,"rotation":0,"texture":"#0"},"south":{"uv":[8.875,0.25,10.25,2.375],"tintindex":0,"rotation":0,"texture":"#0"},"north":{"uv":[7.25,0.25,8.625,2.375],"tintindex":0,"rotation":0,"texture":"#0"},"west":{"uv":[8.625,0.25,8.875,2.375],"tintindex":0,"rotation":0,"texture":"#0"},"up":{"uv":[8.625,0.25,7.25,0.0],"tintindex":0,"rotation":0,"texture":"#0"},"down":{"uv":[10.0,0.0,8.625,0.25],"tintindex":0,"rotation":0,"texture":"#0"}},"rotation":{"origin":[14.272423,22.272476,7.328718],"angle":45.0,"axis":"z"}},{"from":[1.8304348,17.729362,7.194748],"to":[7.3304353,21.729362,8.194748],"faces":{"east":{"uv":[10.5,0.25,10.75,1.25],"tintindex":0,"rotation":0,"texture":"#0"},"south":{"uv":[12.375,0.25,13.75,1.25],"tintindex":0,"rotation":0,"texture":"#0"},"north":{"uv":[10.75,0.25,12.125,1.25],"tintindex":0,"rotation":0,"texture":"#0"},"west":{"uv":[12.125,0.25,12.375,1.25],"tintindex":0,"rotation":0,"texture":"#0"},"up":{"uv":[12.125,0.25,10.75,0.0],"tintindex":0,"rotation":0,"texture":"#0"},"down":{"uv":[13.5,0.0,12.125,0.25],"tintindex":0,"rotation":0,"texture":"#0"}}},{"from":[11.805272,13.2562895,6.877758],"to":[17.305271,21.75629,7.877758],"faces":{"east":{"uv":[7.0,0.25,7.25,2.375],"tintindex":0,"rotation":0,"texture":"#0"},"south":{"uv":[8.875,0.25,10.25,2.375],"tintindex":0,"rotation":0,"texture":"#0"},"north":{"uv":[7.25,0.25,8.625,2.375],"tintindex":0,"rotation":0,"texture":"#0"},"west":{"uv":[8.625,0.25,8.875,2.375],"tintindex":0,"rotation":0,"texture":"#0"},"up":{"uv":[8.625,0.25,7.25,0.0],"tintindex":0,"rotation":0,"texture":"#0"},"down":{"uv":[10.0,0.0,8.625,0.25],"tintindex":0,"rotation":0,"texture":"#0"}},"rotation":{"origin":[14.555272,17.50629,7.377758],"angle":-45.0,"axis":"z"}},{"from":[8.330435,17.729362,7.194748],"to":[13.830435,21.729362,8.194748],"faces":{"east":{"uv":[10.5,0.25,10.75,1.25],"tintindex":0,"rotation":0,"texture":"#0"},"south":{"uv":[12.375,0.25,13.75,1.25],"tintindex":0,"rotation":0,"texture":"#0"},"north":{"uv":[10.75,0.25,12.125,1.25],"tintindex":0,"rotation":0,"texture":"#0"},"west":{"uv":[12.125,0.25,12.375,1.25],"tintindex":0,"rotation":0,"texture":"#0"},"up":{"uv":[12.125,0.25,10.75,0.0],"tintindex":0,"rotation":0,"texture":"#0"},"down":{"uv":[13.5,0.0,12.125,0.25],"tintindex":0,"rotation":0,"texture":"#0"}}}],"display":{"gui":{"rotation":[30,225,0]}}}