{"textures":{"0":"modelengine:entity/guardian_nomuerto"},"elements":[{"from":[-6.0,-1.0,-1.0],"to":[22.0,17.0,17.0],"faces":{"east":{"uv":[12.5,13.75,10.25,16.0],"tintindex":0,"rotation":0,"texture":"#0"},"south":{"uv":[16.0,13.75,12.5,16.0],"tintindex":0,"rotation":0,"texture":"#0"},"north":{"uv":[10.25,13.75,6.75,16.0],"tintindex":0,"rotation":0,"texture":"#0"},"west":{"uv":[6.75,13.75,4.5,16.0],"tintindex":0,"rotation":0,"texture":"#0"},"up":{"uv":[6.75,13.75,10.25,11.5],"tintindex":0,"rotation":0,"texture":"#0"},"down":{"uv":[10.25,11.5,13.75,13.75],"tintindex":0,"rotation":0,"texture":"#0"}}}],"display":{"gui":{"rotation":[30,225,0]}}}