{"textures":{"0":"modelengine:entity/guardian_nomuerto"},"elements":[{"from":[14.6078825,1.4786863,-2.0549297],"to":[21.607883,12.478687,2.9450703],"faces":{"east":{"uv":[9.625,12.25,9.0,13.625],"tintindex":0,"rotation":0,"texture":"#0"},"south":{"uv":[10.5,12.25,9.625,13.625],"tintindex":0,"rotation":0,"texture":"#0"},"north":{"uv":[9.0,12.25,8.125,13.625],"tintindex":0,"rotation":0,"texture":"#0"},"west":{"uv":[8.125,12.25,7.5,13.625],"tintindex":0,"rotation":0,"texture":"#0"},"up":{"uv":[8.125,12.25,9.0,11.625],"tintindex":0,"rotation":0,"texture":"#0"},"down":{"uv":[9.0,11.625,9.875,12.25],"tintindex":0,"rotation":0,"texture":"#0"}},"rotation":{"origin":[6.1707635,-14.0,6.723382],"angle":-45.0,"axis":"y"}}],"display":{"gui":{"rotation":[30,225,0]}}}