{"textures":{"0":"modelengine:entity/guardian_nomuerto"},"elements":[{"from":[9.263456,-0.5,-8.464466],"to":[21.263456,16.5,3.535534],"faces":{"east":{"uv":[14.5,9.375,13.0,11.5],"tintindex":0,"rotation":0,"texture":"#0"},"south":{"uv":[16.0,9.375,14.5,11.5],"tintindex":0,"rotation":0,"texture":"#0"},"north":{"uv":[13.0,9.375,11.5,11.5],"tintindex":0,"rotation":0,"texture":"#0"},"west":{"uv":[11.5,9.375,10.0,11.5],"tintindex":0,"rotation":0,"texture":"#0"},"up":{"uv":[11.5,9.375,13.0,7.875],"tintindex":0,"rotation":0,"texture":"#0"},"down":{"uv":[13.0,7.875,14.5,9.375],"tintindex":0,"rotation":0,"texture":"#0"}},"rotation":{"origin":[24.263456,-26.0,11.535534],"angle":45.0,"axis":"y"}}],"display":{"gui":{"rotation":[30,225,0]}}}