{"textures":{"0":"modelengine:entity/guardian_nomuerto"},"elements":[{"from":[4.0,-1.0,4.0],"to":[12.0,11.0,12.0],"faces":{"east":{"uv":[7.0,3.5,6.0,5.0],"tintindex":0,"rotation":0,"texture":"#0"},"south":{"uv":[8.0,3.5,7.0,5.0],"tintindex":0,"rotation":0,"texture":"#0"},"north":{"uv":[6.0,3.5,5.0,5.0],"tintindex":0,"rotation":0,"texture":"#0"},"west":{"uv":[5.0,3.5,4.0,5.0],"tintindex":0,"rotation":0,"texture":"#0"},"up":{"uv":[5.0,3.5,6.0,2.5],"tintindex":0,"rotation":0,"texture":"#0"},"down":{"uv":[6.0,2.5,7.0,3.5],"tintindex":0,"rotation":0,"texture":"#0"}}},{"from":[4.75736,10.525734,-0.77989674],"to":[6.75736,12.525734,5.2201033],"faces":{"east":{"uv":[4.375,1.375,5.125,1.625],"tintindex":0,"rotation":0,"texture":"#0"},"south":{"uv":[6.125,1.375,6.375,1.625],"tintindex":0,"rotation":0,"texture":"#0"},"north":{"uv":[5.125,1.375,5.375,1.625],"tintindex":0,"rotation":0,"texture":"#0"},"west":{"uv":[5.375,1.375,6.125,1.625],"tintindex":0,"rotation":0,"texture":"#0"},"up":{"uv":[5.375,1.375,5.125,0.625],"tintindex":0,"rotation":0,"texture":"#0"},"down":{"uv":[5.625,0.625,5.375,1.375],"tintindex":0,"rotation":0,"texture":"#0"}},"rotation":{"origin":[5.75736,11.525734,2.2201033],"angle":22.5,"axis":"x"}},{"from":[5.63844,-1.7971344,-3.0835695],"to":[7.63844,0.2028656,1.9164305],"faces":{"east":{"uv":[1.875,3.125,2.5,3.375],"tintindex":0,"rotation":0,"texture":"#0"},"south":{"uv":[3.375,3.125,3.625,3.375],"tintindex":0,"rotation":0,"texture":"#0"},"north":{"uv":[2.5,3.125,2.75,3.375],"tintindex":0,"rotation":0,"texture":"#0"},"west":{"uv":[2.75,3.125,3.375,3.375],"tintindex":0,"rotation":0,"texture":"#0"},"up":{"uv":[2.75,3.125,2.5,2.5],"tintindex":0,"rotation":0,"texture":"#0"},"down":{"uv":[3.0,2.5,2.75,3.125],"tintindex":0,"rotation":0,"texture":"#0"}},"rotation":{"origin":[6.63844,-0.7971344,-0.5835695],"angle":22.5,"axis":"x"}},{"from":[5.05025,12.0,-0.93503],"to":[7.05025,17.0,1.06497],"faces":{"east":{"uv":[5.5,1.625,5.25,2.25],"tintindex":0,"rotation":0,"texture":"#0"},"south":{"uv":[5.75,1.625,5.5,2.25],"tintindex":0,"rotation":0,"texture":"#0"},"north":{"uv":[5.25,1.625,5.0,2.25],"tintindex":0,"rotation":0,"texture":"#0"},"west":{"uv":[5.0,1.625,4.75,2.25],"tintindex":0,"rotation":0,"texture":"#0"},"up":{"uv":[5.0,1.625,5.25,1.375],"tintindex":0,"rotation":0,"texture":"#0"},"down":{"uv":[5.25,1.375,5.5,1.625],"tintindex":0,"rotation":0,"texture":"#0"}}},{"from":[10.478182,-1.5825195,8.25736],"to":[15.478182,0.41748047,10.25736],"faces":{"east":{"uv":[2.125,5.75,2.375,6.0],"tintindex":0,"rotation":0,"texture":"#0"},"south":{"uv":[3.25,5.75,3.875,6.0],"tintindex":0,"rotation":0,"texture":"#0"},"north":{"uv":[2.375,5.75,3.0,6.0],"tintindex":0,"rotation":0,"texture":"#0"},"west":{"uv":[3.0,5.75,3.25,6.0],"tintindex":0,"rotation":0,"texture":"#0"},"up":{"uv":[3.0,5.75,2.375,5.5],"tintindex":0,"rotation":0,"texture":"#0"},"down":{"uv":[3.625,5.5,3.0,5.75],"tintindex":0,"rotation":0,"texture":"#0"}},"rotation":{"origin":[12.978182,-0.58251953,9.25736],"angle":-22.5,"axis":"z"}},{"from":[5.87868,-1.4967346,0.5384922],"to":[7.87868,0.5032654,5.5384927],"faces":{"east":{"uv":[1.875,3.125,2.5,3.375],"tintindex":0,"rotation":0,"texture":"#0"},"south":{"uv":[3.375,3.125,3.625,3.375],"tintindex":0,"rotation":0,"texture":"#0"},"north":{"uv":[2.5,3.125,2.75,3.375],"tintindex":0,"rotation":0,"texture":"#0"},"west":{"uv":[2.75,3.125,3.375,3.375],"tintindex":0,"rotation":0,"texture":"#0"},"up":{"uv":[2.75,3.125,2.5,2.5],"tintindex":0,"rotation":0,"texture":"#0"},"down":{"uv":[3.0,2.5,2.75,3.125],"tintindex":0,"rotation":0,"texture":"#0"}},"rotation":{"origin":[6.87868,-0.49673462,3.0384922],"angle":-22.5,"axis":"x"}},{"from":[14.24264,12.0,8.25736],"to":[16.242641,20.0,10.25736],"faces":{"east":{"uv":[5.625,1.375,5.375,2.375],"tintindex":0,"rotation":0,"texture":"#0"},"south":{"uv":[5.875,1.375,5.625,2.375],"tintindex":0,"rotation":0,"texture":"#0"},"north":{"uv":[5.375,1.375,5.125,2.375],"tintindex":0,"rotation":0,"texture":"#0"},"west":{"uv":[5.125,1.375,4.875,2.375],"tintindex":0,"rotation":0,"texture":"#0"},"up":{"uv":[5.125,1.375,5.375,1.125],"tintindex":0,"rotation":0,"texture":"#0"},"down":{"uv":[5.375,1.125,5.625,1.375],"tintindex":0,"rotation":0,"texture":"#0"}}},{"from":[13.970518,-2.0589752,8.25736],"to":[18.970518,-0.05897522,10.25736],"faces":{"east":{"uv":[2.125,5.75,2.375,6.0],"tintindex":0,"rotation":0,"texture":"#0"},"south":{"uv":[3.25,5.75,3.875,6.0],"tintindex":0,"rotation":0,"texture":"#0"},"north":{"uv":[2.375,5.75,3.0,6.0],"tintindex":0,"rotation":0,"texture":"#0"},"west":{"uv":[3.0,5.75,3.25,6.0],"tintindex":0,"rotation":0,"texture":"#0"},"up":{"uv":[3.0,5.75,2.375,5.5],"tintindex":0,"rotation":0,"texture":"#0"},"down":{"uv":[3.625,5.5,3.0,5.75],"tintindex":0,"rotation":0,"texture":"#0"}},"rotation":{"origin":[16.470518,-1.0589752,9.25736],"angle":22.5,"axis":"z"}},{"from":[10.317048,10.308033,8.08579],"to":[16.317047,12.308037,10.085791],"faces":{"east":{"uv":[2.0,5.75,2.25,6.0],"tintindex":0,"rotation":0,"texture":"#0"},"south":{"uv":[3.25,5.75,4.0,6.0],"tintindex":0,"rotation":0,"texture":"#0"},"north":{"uv":[2.25,5.75,3.0,6.0],"tintindex":0,"rotation":0,"texture":"#0"},"west":{"uv":[3.0,5.75,3.25,6.0],"tintindex":0,"rotation":0,"texture":"#0"},"up":{"uv":[3.0,5.75,2.25,5.5],"tintindex":0,"rotation":0,"texture":"#0"},"down":{"uv":[3.75,5.5,3.0,5.75],"tintindex":0,"rotation":0,"texture":"#0"}},"rotation":{"origin":[13.317048,11.308037,9.08579],"angle":22.5,"axis":"z"}}],"display":{"gui":{"rotation":[30,225,0]}}}