{"textures":{"0":"modelengine:entity/guardian_nomuerto"},"elements":[{"from":[5.1040115,-0.74640274,5.0],"to":[11.104012,9.253597,11.0],"faces":{"east":{"uv":[9.625,14.0,8.875,15.25],"tintindex":0,"rotation":0,"texture":"#0"},"south":{"uv":[10.375,14.0,9.625,15.25],"tintindex":0,"rotation":0,"texture":"#0"},"north":{"uv":[8.875,14.0,8.125,15.25],"tintindex":0,"rotation":0,"texture":"#0"},"west":{"uv":[8.125,14.0,7.375,15.25],"tintindex":0,"rotation":0,"texture":"#0"},"up":{"uv":[8.125,14.0,8.875,13.25],"tintindex":0,"rotation":0,"texture":"#0"},"down":{"uv":[8.875,13.25,9.625,14.0],"tintindex":0,"rotation":0,"texture":"#0"}},"rotation":{"origin":[8.104012,4.2535973,8.0],"angle":22.5,"axis":"z"}},{"from":[0.39599037,6.7464027,2.0],"to":[15.39599,16.746403,14.0],"faces":{"east":{"uv":[7.625,8.625,6.125,9.875],"tintindex":0,"rotation":0,"texture":"#0"},"south":{"uv":[9.5,8.625,7.625,9.875],"tintindex":0,"rotation":0,"texture":"#0"},"north":{"uv":[6.125,8.625,4.25,9.875],"tintindex":0,"rotation":0,"texture":"#0"},"west":{"uv":[4.25,8.625,2.75,9.875],"tintindex":0,"rotation":0,"texture":"#0"},"up":{"uv":[4.25,8.625,6.125,7.125],"tintindex":0,"rotation":0,"texture":"#0"},"down":{"uv":[6.125,7.125,8.0,8.625],"tintindex":0,"rotation":0,"texture":"#0"}},"rotation":{"origin":[7.8959904,11.746403,8.0],"angle":-22.5,"axis":"z"}}],"display":{"gui":{"rotation":[30,225,0]}}}