{"textures":{"0":"modelengine:entity/guardian_nomuerto"},"elements":[{"from":[5.5,-3.795555,3.9470854],"to":[10.5,8.204446,8.947085],"faces":{"east":{"uv":[1.875,10.0,1.25,11.5],"tintindex":0,"rotation":0,"texture":"#0"},"south":{"uv":[2.5,10.0,1.875,11.5],"tintindex":0,"rotation":0,"texture":"#0"},"north":{"uv":[1.25,10.0,0.625,11.5],"tintindex":0,"rotation":0,"texture":"#0"},"west":{"uv":[0.625,10.0,0.0,11.5],"tintindex":0,"rotation":0,"texture":"#0"},"up":{"uv":[0.625,10.0,1.25,9.375],"tintindex":0,"rotation":0,"texture":"#0"},"down":{"uv":[1.25,9.375,1.875,10.0],"tintindex":0,"rotation":0,"texture":"#0"}}},{"from":[5.5,-6.107188,1.2816086],"to":[11.5,-3.1071882,7.2816086],"faces":{"east":{"uv":[5.25,10.75,4.5,11.125],"tintindex":0,"rotation":0,"texture":"#0"},"south":{"uv":[6.0,10.75,5.25,11.125],"tintindex":0,"rotation":0,"texture":"#0"},"north":{"uv":[4.5,10.75,3.75,11.125],"tintindex":0,"rotation":0,"texture":"#0"},"west":{"uv":[3.75,10.75,3.0,11.125],"tintindex":0,"rotation":0,"texture":"#0"},"up":{"uv":[3.75,10.75,4.5,10.0],"tintindex":0,"rotation":0,"texture":"#0"},"down":{"uv":[4.5,10.0,5.25,10.75],"tintindex":0,"rotation":0,"texture":"#0"}},"rotation":{"origin":[8.5,-4.607188,8.281609],"angle":22.5,"axis":"x"}}],"display":{"gui":{"rotation":[30,225,0]}}}