{"textures":{"0":"modelengine:entity/guardian_nomuerto"},"elements":[{"from":[2.9393396,-11.566668,-0.0034694672],"to":[12.93934,2.4333324,0.99653053],"faces":{"east":{"uv":[1.75,11.625,1.625,13.375],"tintindex":0,"rotation":0,"texture":"#0"},"south":{"uv":[3.0,11.625,1.75,13.375],"tintindex":0,"rotation":0,"texture":"#0"},"north":{"uv":[1.625,11.625,0.375,13.375],"tintindex":0,"rotation":0,"texture":"#0"},"west":{"uv":[0.375,11.625,0.25,13.375],"tintindex":0,"rotation":0,"texture":"#0"},"up":{"uv":[0.375,11.625,1.625,11.5],"tintindex":0,"rotation":0,"texture":"#0"},"down":{"uv":[1.625,11.5,2.875,11.625],"tintindex":0,"rotation":0,"texture":"#0"}}},{"from":[2.9393396,-12.566668,14.996531],"to":[12.93934,1.4333324,15.996531],"faces":{"east":{"uv":[1.75,11.625,1.625,13.375],"tintindex":0,"rotation":0,"texture":"#0"},"south":{"uv":[3.0,11.625,1.75,13.375],"tintindex":0,"rotation":0,"texture":"#0"},"north":{"uv":[1.625,11.625,0.375,13.375],"tintindex":0,"rotation":0,"texture":"#0"},"west":{"uv":[0.375,11.625,0.25,13.375],"tintindex":0,"rotation":0,"texture":"#0"},"up":{"uv":[0.375,11.625,1.625,11.5],"tintindex":0,"rotation":0,"texture":"#0"},"down":{"uv":[1.625,11.5,2.875,11.625],"tintindex":0,"rotation":0,"texture":"#0"}}},{"from":[-2.4038057,0.93333244,-3.0892563],"to":[13.596193,7.9333324,12.910745],"faces":{"east":{"uv":[13.875,7.125,12.0,7.875],"tintindex":0,"rotation":0,"texture":"#0"},"south":{"uv":[15.75,7.125,13.875,7.875],"tintindex":0,"rotation":0,"texture":"#0"},"north":{"uv":[12.0,7.125,10.125,7.875],"tintindex":0,"rotation":0,"texture":"#0"},"west":{"uv":[10.125,7.125,8.25,7.875],"tintindex":0,"rotation":0,"texture":"#0"},"up":{"uv":[10.125,7.125,12.0,5.25],"tintindex":0,"rotation":0,"texture":"#0"},"down":{"uv":[12.0,5.25,13.875,7.125],"tintindex":0,"rotation":0,"texture":"#0"}},"rotation":{"origin":[10.596194,-23.566668,3.4107447],"angle":45.0,"axis":"y"}}],"display":{"gui":{"rotation":[30,225,0]}}}