{"textures":{"0":"modelengine:entity/guardian_nomuerto"},"elements":[{"from":[11.704748,-0.6680794,4.650854],"to":[17.704748,9.331921,10.650854],"faces":{"east":{"uv":[9.625,14.0,8.875,15.25],"tintindex":0,"rotation":0,"texture":"#0"},"south":{"uv":[10.375,14.0,9.625,15.25],"tintindex":0,"rotation":0,"texture":"#0"},"north":{"uv":[8.875,14.0,8.125,15.25],"tintindex":0,"rotation":0,"texture":"#0"},"west":{"uv":[8.125,14.0,7.375,15.25],"tintindex":0,"rotation":0,"texture":"#0"},"up":{"uv":[8.125,14.0,8.875,13.25],"tintindex":0,"rotation":0,"texture":"#0"},"down":{"uv":[8.875,13.25,9.625,14.0],"tintindex":0,"rotation":0,"texture":"#0"}},"rotation":{"origin":[14.704748,4.3319206,7.650854],"angle":45.0,"axis":"z"}},{"from":[0.50494576,4.3842163,1.0209894],"to":[15.504945,14.384216,13.020989],"faces":{"east":{"uv":[7.625,8.625,6.125,9.875],"tintindex":0,"rotation":0,"texture":"#0"},"south":{"uv":[9.5,8.625,7.625,9.875],"tintindex":0,"rotation":0,"texture":"#0"},"north":{"uv":[6.125,8.625,4.25,9.875],"tintindex":0,"rotation":0,"texture":"#0"},"west":{"uv":[4.25,8.625,2.75,9.875],"tintindex":0,"rotation":0,"texture":"#0"},"up":{"uv":[4.25,8.625,6.125,7.125],"tintindex":0,"rotation":0,"texture":"#0"},"down":{"uv":[6.125,7.125,8.0,8.625],"tintindex":0,"rotation":0,"texture":"#0"}},"rotation":{"origin":[8.004945,9.384216,7.0209894],"angle":22.5,"axis":"z"}}],"display":{"gui":{"rotation":[30,225,0]}}}