{"textures":{"0":"modelengine:entity/guardian_nomuerto"},"elements":[{"from":[5.0,-3.0,-0.5],"to":[11.0,3.0,4.5],"faces":{"east":{"uv":[10.75,3.625,10.125,4.375],"tintindex":0,"rotation":0,"texture":"#0"},"south":{"uv":[11.5,3.625,10.75,4.375],"tintindex":0,"rotation":0,"texture":"#0"},"north":{"uv":[10.125,3.625,9.375,4.375],"tintindex":0,"rotation":0,"texture":"#0"},"west":{"uv":[9.375,3.625,8.75,4.375],"tintindex":0,"rotation":0,"texture":"#0"},"up":{"uv":[9.375,3.625,10.125,3.0],"tintindex":0,"rotation":0,"texture":"#0"},"down":{"uv":[10.125,3.0,10.875,3.625],"tintindex":0,"rotation":0,"texture":"#0"}}}],"display":{"gui":{"rotation":[30,225,0]}}}