{"textures":{"0":"modelengine:entity/guardian_nomuerto"},"elements":[{"from":[-12.897289,16.714808,4.5376396],"to":[-5.8972893,27.714808,9.53764],"faces":{"east":{"uv":[9.5,12.25,8.875,13.625],"tintindex":0,"rotation":0,"texture":"#0"},"south":{"uv":[10.375,12.25,9.5,13.625],"tintindex":0,"rotation":0,"texture":"#0"},"north":{"uv":[8.875,12.25,8.0,13.625],"tintindex":0,"rotation":0,"texture":"#0"},"west":{"uv":[8.0,12.25,7.375,13.625],"tintindex":0,"rotation":0,"texture":"#0"},"up":{"uv":[8.0,12.25,8.875,11.625],"tintindex":0,"rotation":0,"texture":"#0"},"down":{"uv":[8.875,11.625,9.75,12.25],"tintindex":0,"rotation":0,"texture":"#0"}}}],"display":{"gui":{"rotation":[30,225,0]}}}