{"textures":{"0":"modelengine:entity/guardian_nomuerto"},"elements":[{"from":[4.5,-5.366008,1.3156829],"to":[10.5,-2.3660078,7.315683],"faces":{"east":{"uv":[5.25,10.75,4.5,11.125],"tintindex":0,"rotation":0,"texture":"#0"},"south":{"uv":[6.0,10.75,5.25,11.125],"tintindex":0,"rotation":0,"texture":"#0"},"north":{"uv":[4.5,10.75,3.75,11.125],"tintindex":0,"rotation":0,"texture":"#0"},"west":{"uv":[3.75,10.75,3.0,11.125],"tintindex":0,"rotation":0,"texture":"#0"},"up":{"uv":[3.75,10.75,4.5,10.0],"tintindex":0,"rotation":0,"texture":"#0"},"down":{"uv":[4.5,10.0,5.25,10.75],"tintindex":0,"rotation":0,"texture":"#0"}},"rotation":{"origin":[7.5,-3.8660078,8.315682],"angle":22.5,"axis":"x"}},{"from":[5.5,-2.829629,4.205905],"to":[10.5,9.170371,9.205905],"faces":{"east":{"uv":[1.875,10.0,1.25,11.5],"tintindex":0,"rotation":0,"texture":"#0"},"south":{"uv":[2.5,10.0,1.875,11.5],"tintindex":0,"rotation":0,"texture":"#0"},"north":{"uv":[1.25,10.0,0.625,11.5],"tintindex":0,"rotation":0,"texture":"#0"},"west":{"uv":[0.625,10.0,0.0,11.5],"tintindex":0,"rotation":0,"texture":"#0"},"up":{"uv":[0.625,10.0,1.25,9.375],"tintindex":0,"rotation":0,"texture":"#0"},"down":{"uv":[1.25,9.375,1.875,10.0],"tintindex":0,"rotation":0,"texture":"#0"}}}],"display":{"gui":{"rotation":[30,225,0]}}}