{"textures":{"0":"modelengine:entity/pa_kangaroo"},"elements":[{"from":[10.5,13.5,7.5],"to":[12.0,17.0,11.5],"faces":{"east":{"uv":[6.0,4.5,7.0,5.375],"tintindex":0,"rotation":0,"texture":"#0"},"south":{"uv":[8.375,4.5,8.75,5.375],"tintindex":0,"rotation":0,"texture":"#0"},"north":{"uv":[7.0,4.5,7.375,5.375],"tintindex":0,"rotation":0,"texture":"#0"},"west":{"uv":[7.375,4.5,8.375,5.375],"tintindex":0,"rotation":0,"texture":"#0"},"up":{"uv":[7.375,4.5,7.0,3.5],"tintindex":0,"rotation":0,"texture":"#0"},"down":{"uv":[7.75,3.5,7.375,4.5],"tintindex":0,"rotation":0,"texture":"#0"}}},{"from":[4.25,8.0,4.0],"to":[5.75,9.0,10.0],"faces":{"east":{"uv":[4.375,3.125,5.875,3.375],"tintindex":0,"rotation":0,"texture":"#0"},"south":{"uv":[7.75,3.125,8.125,3.375],"tintindex":0,"rotation":0,"texture":"#0"},"north":{"uv":[5.875,3.125,6.25,3.375],"tintindex":0,"rotation":0,"texture":"#0"},"west":{"uv":[6.25,3.125,7.75,3.375],"tintindex":0,"rotation":0,"texture":"#0"},"up":{"uv":[6.25,3.125,5.875,1.625],"tintindex":0,"rotation":0,"texture":"#0"},"down":{"uv":[6.625,1.625,6.25,3.125],"tintindex":0,"rotation":0,"texture":"#0"}}},{"from":[7.75,23.0,0.0],"to":[9.25,26.0,0.5],"faces":{"east":{"uv":[0.0,6.0,0.125,6.75],"tintindex":0,"rotation":0,"texture":"#0"},"south":{"uv":[0.625,6.0,1.0,6.75],"tintindex":0,"rotation":0,"texture":"#0"},"north":{"uv":[0.125,6.0,0.5,6.75],"tintindex":0,"rotation":0,"texture":"#0"},"west":{"uv":[0.5,6.0,0.625,6.75],"tintindex":0,"rotation":0,"texture":"#0"},"up":{"uv":[0.5,6.0,0.125,5.875],"tintindex":0,"rotation":0,"texture":"#0"},"down":{"uv":[0.875,5.875,0.5,6.0],"tintindex":0,"rotation":0,"texture":"#0"}},"rotation":{"origin":[8.0,22.0,8.0],"angle":-22.5,"axis":"z"}},{"from":[10.0,12.0,3.0],"to":[11.0,18.0,4.5],"faces":{"east":{"uv":[8.875,6.5,9.25,8.0],"tintindex":0,"rotation":0,"texture":"#0"},"south":{"uv":[9.875,6.5,10.125,8.0],"tintindex":0,"rotation":0,"texture":"#0"},"north":{"uv":[9.25,6.5,9.5,8.0],"tintindex":0,"rotation":0,"texture":"#0"},"west":{"uv":[9.5,6.5,9.875,8.0],"tintindex":0,"rotation":0,"texture":"#0"},"up":{"uv":[9.5,6.5,9.25,6.125],"tintindex":0,"rotation":0,"texture":"#0"},"down":{"uv":[9.75,6.125,9.5,6.5],"tintindex":0,"rotation":0,"texture":"#0"}},"rotation":{"origin":[8.0,15.0,5.5],"angle":-22.5,"axis":"x"}},{"from":[6.75,21.5,-1.1000004],"to":[9.25,23.5,1.9000001],"faces":{"east":{"uv":[4.25,0.75,5.0,1.25],"tintindex":0,"rotation":0,"texture":"#0"},"south":{"uv":[6.375,0.75,7.0,1.25],"tintindex":0,"rotation":0,"texture":"#0"},"north":{"uv":[5.0,0.75,5.625,1.25],"tintindex":0,"rotation":0,"texture":"#0"},"west":{"uv":[5.625,0.75,6.375,1.25],"tintindex":0,"rotation":0,"texture":"#0"},"up":{"uv":[5.625,0.75,5.0,0.0],"tintindex":0,"rotation":0,"texture":"#0"},"down":{"uv":[6.25,0.0,5.625,0.75],"tintindex":0,"rotation":0,"texture":"#0"}},"rotation":{"origin":[8.0,24.5,1.5],"angle":-22.5,"axis":"x"}},{"from":[10.75,8.0,4.0],"to":[12.25,9.0,10.0],"faces":{"east":{"uv":[4.375,3.125,5.875,3.375],"tintindex":0,"rotation":0,"texture":"#0"},"south":{"uv":[7.75,3.125,8.125,3.375],"tintindex":0,"rotation":0,"texture":"#0"},"north":{"uv":[5.875,3.125,6.25,3.375],"tintindex":0,"rotation":0,"texture":"#0"},"west":{"uv":[6.25,3.125,7.75,3.375],"tintindex":0,"rotation":0,"texture":"#0"},"up":{"uv":[6.25,3.125,5.875,1.625],"tintindex":0,"rotation":0,"texture":"#0"},"down":{"uv":[6.625,1.625,6.25,3.125],"tintindex":0,"rotation":0,"texture":"#0"}}},{"from":[5.5,13.5,6.0],"to":[10.5,19.0,12.5],"faces":{"east":{"uv":[0.0,1.625,1.625,3.0],"tintindex":0,"rotation":0,"texture":"#0"},"south":{"uv":[4.5,1.625,5.75,3.0],"tintindex":0,"rotation":0,"texture":"#0"},"north":{"uv":[1.625,1.625,2.875,3.0],"tintindex":0,"rotation":0,"texture":"#0"},"west":{"uv":[2.875,1.625,4.5,3.0],"tintindex":0,"rotation":0,"texture":"#0"},"up":{"uv":[2.875,1.625,1.625,0.0],"tintindex":0,"rotation":0,"texture":"#0"},"down":{"uv":[4.125,0.0,2.875,1.625],"tintindex":0,"rotation":0,"texture":"#0"}}},{"from":[7.0,16.1,-0.10000038],"to":[9.0,21.6,2.4],"faces":{"east":{"uv":[4.375,7.125,5.0,8.5],"tintindex":0,"rotation":0,"texture":"#0"},"south":{"uv":[6.125,7.125,6.625,8.5],"tintindex":0,"rotation":0,"texture":"#0"},"north":{"uv":[5.0,7.125,5.5,8.5],"tintindex":0,"rotation":0,"texture":"#0"},"west":{"uv":[5.5,7.125,6.125,8.5],"tintindex":0,"rotation":0,"texture":"#0"},"up":{"uv":[5.5,7.125,5.0,6.5],"tintindex":0,"rotation":0,"texture":"#0"},"down":{"uv":[6.0,6.5,5.5,7.125],"tintindex":0,"rotation":0,"texture":"#0"}},"rotation":{"origin":[8.0,22.5,2.0],"angle":-22.5,"axis":"x"}},{"from":[11.0,9.0,8.5],"to":[12.0,13.5,10.0],"faces":{"east":{"uv":[0.0,0.375,0.375,1.5],"tintindex":0,"rotation":0,"texture":"#0"},"south":{"uv":[1.0,0.375,1.25,1.5],"tintindex":0,"rotation":0,"texture":"#0"},"north":{"uv":[0.375,0.375,0.625,1.5],"tintindex":0,"rotation":0,"texture":"#0"},"west":{"uv":[0.625,0.375,1.0,1.5],"tintindex":0,"rotation":0,"texture":"#0"},"up":{"uv":[0.625,0.375,0.375,0.0],"tintindex":0,"rotation":0,"texture":"#0"},"down":{"uv":[0.875,0.0,0.625,0.375],"tintindex":0,"rotation":0,"texture":"#0"}}},{"from":[7.25,15.0,12.5],"to":[8.75,17.0,19.0],"faces":{"east":{"uv":[0.0,5.0,1.875,5.75],"tintindex":0,"rotation":0,"texture":"#0"},"south":{"uv":[4.375,5.0,5.0,5.75],"tintindex":0,"rotation":0,"texture":"#0"},"north":{"uv":[1.875,5.0,2.5,5.75],"tintindex":0,"rotation":0,"texture":"#0"},"west":{"uv":[2.5,5.0,4.375,5.75],"tintindex":0,"rotation":0,"texture":"#0"},"up":{"uv":[2.5,5.0,1.875,3.125],"tintindex":0,"rotation":0,"texture":"#0"},"down":{"uv":[3.125,3.125,2.5,5.0],"tintindex":0,"rotation":0,"texture":"#0"}}},{"from":[7.5,15.25,18.75],"to":[8.5,16.75,25.75],"faces":{"east":{"uv":[3.25,5.875,5.125,6.375],"tintindex":0,"rotation":0,"texture":"#0"},"south":{"uv":[7.375,5.875,7.75,6.375],"tintindex":0,"rotation":0,"texture":"#0"},"north":{"uv":[5.125,5.875,5.5,6.375],"tintindex":0,"rotation":0,"texture":"#0"},"west":{"uv":[5.5,5.875,7.375,6.375],"tintindex":0,"rotation":0,"texture":"#0"},"up":{"uv":[5.5,5.875,5.125,4.0],"tintindex":0,"rotation":0,"texture":"#0"},"down":{"uv":[5.875,4.0,5.5,5.875],"tintindex":0,"rotation":0,"texture":"#0"}}},{"from":[4.0,13.5,7.5],"to":[5.5,17.0,11.5],"faces":{"east":{"uv":[6.0,4.5,7.0,5.375],"tintindex":0,"rotation":0,"texture":"#0"},"south":{"uv":[8.375,4.5,8.75,5.375],"tintindex":0,"rotation":0,"texture":"#0"},"north":{"uv":[7.0,4.5,7.375,5.375],"tintindex":0,"rotation":0,"texture":"#0"},"west":{"uv":[7.375,4.5,8.375,5.375],"tintindex":0,"rotation":0,"texture":"#0"},"up":{"uv":[7.375,4.5,7.0,3.5],"tintindex":0,"rotation":0,"texture":"#0"},"down":{"uv":[7.75,3.5,7.375,4.5],"tintindex":0,"rotation":0,"texture":"#0"}}},{"from":[6.0,14.0,1.5],"to":[10.0,18.5,6.0],"faces":{"east":{"uv":[0.0,7.0,1.125,8.125],"tintindex":0,"rotation":0,"texture":"#0"},"south":{"uv":[3.25,7.0,4.25,8.125],"tintindex":0,"rotation":0,"texture":"#0"},"north":{"uv":[1.125,7.0,2.125,8.125],"tintindex":0,"rotation":0,"texture":"#0"},"west":{"uv":[2.125,7.0,3.25,8.125],"tintindex":0,"rotation":0,"texture":"#0"},"up":{"uv":[2.125,7.0,1.125,5.875],"tintindex":0,"rotation":0,"texture":"#0"},"down":{"uv":[3.125,5.875,2.125,7.0],"tintindex":0,"rotation":0,"texture":"#0"}},"rotation":{"origin":[8.0,19.5,5.0],"angle":-22.5,"axis":"x"}},{"from":[7.25,21.35,-3.0],"to":[8.75,22.85,-1.0],"faces":{"east":{"uv":[0.0,3.625,0.5,4.0],"tintindex":0,"rotation":0,"texture":"#0"},"south":{"uv":[1.375,3.625,1.75,4.0],"tintindex":0,"rotation":0,"texture":"#0"},"north":{"uv":[0.5,3.625,0.875,4.0],"tintindex":0,"rotation":0,"texture":"#0"},"west":{"uv":[0.875,3.625,1.375,4.0],"tintindex":0,"rotation":0,"texture":"#0"},"up":{"uv":[0.875,3.625,0.5,3.125],"tintindex":0,"rotation":0,"texture":"#0"},"down":{"uv":[1.25,3.125,0.875,3.625],"tintindex":0,"rotation":0,"texture":"#0"}},"rotation":{"origin":[8.0,24.5,1.5],"angle":-22.5,"axis":"x"}},{"from":[5.0,12.0,3.0],"to":[6.0,18.0,4.5],"faces":{"east":{"uv":[8.875,6.5,9.25,8.0],"tintindex":0,"rotation":0,"texture":"#0"},"south":{"uv":[9.875,6.5,10.125,8.0],"tintindex":0,"rotation":0,"texture":"#0"},"north":{"uv":[9.25,6.5,9.5,8.0],"tintindex":0,"rotation":0,"texture":"#0"},"west":{"uv":[9.5,6.5,9.875,8.0],"tintindex":0,"rotation":0,"texture":"#0"},"up":{"uv":[9.5,6.5,9.25,6.125],"tintindex":0,"rotation":0,"texture":"#0"},"down":{"uv":[9.75,6.125,9.5,6.5],"tintindex":0,"rotation":0,"texture":"#0"}},"rotation":{"origin":[8.0,15.0,5.5],"angle":-22.5,"axis":"x"}},{"from":[7.0,22.75,0.0],"to":[8.5,25.75,0.5],"faces":{"east":{"uv":[0.0,6.0,0.125,6.75],"tintindex":0,"rotation":0,"texture":"#0"},"south":{"uv":[0.625,6.0,1.0,6.75],"tintindex":0,"rotation":0,"texture":"#0"},"north":{"uv":[0.125,6.0,0.5,6.75],"tintindex":0,"rotation":0,"texture":"#0"},"west":{"uv":[0.5,6.0,0.625,6.75],"tintindex":0,"rotation":0,"texture":"#0"},"up":{"uv":[0.5,6.0,0.125,5.875],"tintindex":0,"rotation":0,"texture":"#0"},"down":{"uv":[0.875,5.875,0.5,6.0],"tintindex":0,"rotation":0,"texture":"#0"}},"rotation":{"origin":[8.0,21.0,8.0],"angle":22.5,"axis":"z"}},{"from":[4.5,9.0,8.5],"to":[5.5,13.5,10.0],"faces":{"east":{"uv":[0.0,0.375,0.375,1.5],"tintindex":0,"rotation":0,"texture":"#0"},"south":{"uv":[1.0,0.375,1.25,1.5],"tintindex":0,"rotation":0,"texture":"#0"},"north":{"uv":[0.375,0.375,0.625,1.5],"tintindex":0,"rotation":0,"texture":"#0"},"west":{"uv":[0.625,0.375,1.0,1.5],"tintindex":0,"rotation":0,"texture":"#0"},"up":{"uv":[0.625,0.375,0.375,0.0],"tintindex":0,"rotation":0,"texture":"#0"},"down":{"uv":[0.875,0.0,0.625,0.375],"tintindex":0,"rotation":0,"texture":"#0"}}}]}