{"textures":{"0":"modelengine:entity/pa_bunfungus"},"elements":[{"from":[-2.0,-12.0,1.0],"to":[18.0,8.0,20.0],"faces":{"east":{"uv":[0.0,1.1875,1.1875,2.4375],"tintindex":0,"rotation":0,"texture":"#0"},"south":{"uv":[3.625,1.1875,4.875,2.4375],"tintindex":0,"rotation":0,"texture":"#0"},"north":{"uv":[1.1875,1.1875,2.4375,2.4375],"tintindex":0,"rotation":0,"texture":"#0"},"west":{"uv":[2.4375,1.1875,3.625,2.4375],"tintindex":0,"rotation":0,"texture":"#0"},"up":{"uv":[2.4375,1.1875,1.1875,0.0],"tintindex":0,"rotation":0,"texture":"#0"},"down":{"uv":[3.6875,0.0,2.4375,1.1875],"tintindex":0,"rotation":0,"texture":"#0"}}}]}