{"textures":{"0":"modelengine:entity/pa_bunfungus"},"elements":[{"from":[-1.0,-11.9,2.0],"to":[17.0,-1.8999996,13.0],"faces":{"east":{"uv":[4.0,2.5,4.9375,3.375],"tintindex":0,"rotation":0,"texture":"#0"},"south":{"uv":[7.25,2.5,8.625,3.375],"tintindex":0,"rotation":0,"texture":"#0"},"north":{"uv":[4.9375,2.5,6.3125,3.375],"tintindex":0,"rotation":0,"texture":"#0"},"west":{"uv":[6.3125,2.5,7.25,3.375],"tintindex":0,"rotation":0,"texture":"#0"},"up":{"uv":[6.3125,2.5,4.9375,1.5625],"tintindex":0,"rotation":0,"texture":"#0"},"down":{"uv":[7.6875,1.5625,6.3125,2.5],"tintindex":0,"rotation":0,"texture":"#0"}}}]}