{"textures":{"0":"modelengine:entity/pa_bunfungus"},"elements":[{"from":[6.0,19.0,3.0],"to":[10.0,31.0,5.0],"faces":{"east":{"uv":[0.0,0.125,0.125,0.875],"tintindex":0,"rotation":0,"texture":"#0"},"south":{"uv":[0.5,0.125,0.75,0.875],"tintindex":0,"rotation":0,"texture":"#0"},"north":{"uv":[0.125,0.125,0.375,0.875],"tintindex":0,"rotation":0,"texture":"#0"},"west":{"uv":[0.375,0.125,0.5,0.875],"tintindex":0,"rotation":0,"texture":"#0"},"up":{"uv":[0.375,0.125,0.125,0.0],"tintindex":0,"rotation":0,"texture":"#0"},"down":{"uv":[0.625,0.0,0.375,0.125],"tintindex":0,"rotation":0,"texture":"#0"}}}]}