{"textures":{"0":"modelengine:entity/pa_bunfungus"},"elements":[{"from":[5.0,12.0,20.0],"to":[11.0,18.0,26.0],"faces":{"east":{"uv":[3.75,0.375,4.125,0.75],"tintindex":0,"rotation":0,"texture":"#0"},"south":{"uv":[4.875,0.375,5.25,0.75],"tintindex":0,"rotation":0,"texture":"#0"},"north":{"uv":[4.125,0.375,4.5,0.75],"tintindex":0,"rotation":0,"texture":"#0"},"west":{"uv":[4.5,0.375,4.875,0.75],"tintindex":0,"rotation":0,"texture":"#0"},"up":{"uv":[4.5,0.375,4.125,0.0],"tintindex":0,"rotation":0,"texture":"#0"},"down":{"uv":[4.875,0.0,4.5,0.375],"tintindex":0,"rotation":0,"texture":"#0"}}}]}