{"textures":{"0":"modelengine:entity/pa_bunfungus"},"elements":[{"from":[2.0,6.0,-3.0],"to":[14.0,14.0,10.0],"faces":{"east":{"uv":[0.0,4.9375,0.8125,5.4375],"tintindex":0,"rotation":0,"texture":"#0"},"south":{"uv":[2.375,4.9375,3.125,5.4375],"tintindex":0,"rotation":0,"texture":"#0"},"north":{"uv":[0.8125,4.9375,1.5625,5.4375],"tintindex":0,"rotation":0,"texture":"#0"},"west":{"uv":[1.5625,4.9375,2.375,5.4375],"tintindex":0,"rotation":0,"texture":"#0"},"up":{"uv":[1.5625,4.9375,0.8125,4.125],"tintindex":0,"rotation":0,"texture":"#0"},"down":{"uv":[2.3125,4.125,1.5625,4.9375],"tintindex":0,"rotation":0,"texture":"#0"}}},{"from":[-1.5,14.0,-6.5],"to":[18.5,19.0,13.5],"faces":{"east":{"uv":[0.0,3.75,1.25,4.0625],"tintindex":0,"rotation":0,"texture":"#0"},"south":{"uv":[3.75,3.75,5.0,4.0625],"tintindex":0,"rotation":0,"texture":"#0"},"north":{"uv":[1.25,3.75,2.5,4.0625],"tintindex":0,"rotation":0,"texture":"#0"},"west":{"uv":[2.5,3.75,3.75,4.0625],"tintindex":0,"rotation":0,"texture":"#0"},"up":{"uv":[2.5,3.75,1.25,2.5],"tintindex":0,"rotation":0,"texture":"#0"},"down":{"uv":[3.75,2.5,2.5,3.75],"tintindex":0,"rotation":0,"texture":"#0"}}},{"from":[5.0,6.0,-5.0],"to":[11.0,10.0,-3.0],"faces":{"east":{"uv":[0.0,2.625,0.125,2.875],"tintindex":0,"rotation":0,"texture":"#0"},"south":{"uv":[0.625,2.625,1.0,2.875],"tintindex":0,"rotation":0,"texture":"#0"},"north":{"uv":[0.125,2.625,0.5,2.875],"tintindex":0,"rotation":0,"texture":"#0"},"west":{"uv":[0.5,2.625,0.625,2.875],"tintindex":0,"rotation":0,"texture":"#0"},"up":{"uv":[0.5,2.625,0.125,2.5],"tintindex":0,"rotation":0,"texture":"#0"},"down":{"uv":[0.875,2.5,0.5,2.625],"tintindex":0,"rotation":0,"texture":"#0"}}},{"from":[2.0,12.0,-3.1000004],"to":[7.0,13.0,-3.1000004],"faces":{"south":{"uv":[5.9375,0.125,6.25,0.1875],"tintindex":0,"rotation":0,"texture":"#0"},"north":{"uv":[5.625,0.125,5.9375,0.1875],"tintindex":0,"rotation":0,"texture":"#0"}}},{"from":[9.0,12.0,-3.1000004],"to":[14.0,13.0,-3.1000004],"faces":{"south":{"uv":[5.9375,0.125,6.25,0.1875],"tintindex":0,"rotation":0,"texture":"#0"},"north":{"uv":[5.625,0.125,5.9375,0.1875],"tintindex":0,"rotation":0,"texture":"#0"}}}]}