{"textures":{"0":"modelengine:entity/pa_bunfungus"},"elements":[{"from":[10.0,-1.0,-2.0],"to":[14.0,6.0,4.0],"faces":{"east":{"uv":[3.1875,5.1875,3.5625,5.625],"tintindex":0,"rotation":0,"texture":"#0"},"south":{"uv":[4.1875,5.1875,4.4375,5.625],"tintindex":0,"rotation":0,"texture":"#0"},"north":{"uv":[3.5625,5.1875,3.8125,5.625],"tintindex":0,"rotation":0,"texture":"#0"},"west":{"uv":[3.8125,5.1875,4.1875,5.625],"tintindex":0,"rotation":0,"texture":"#0"},"up":{"uv":[3.8125,5.1875,3.5625,4.8125],"tintindex":0,"rotation":0,"texture":"#0"},"down":{"uv":[4.0625,4.8125,3.8125,5.1875],"tintindex":0,"rotation":0,"texture":"#0"}}}]}