{"textures":{"0":"modelengine:entity/pa_bunfungus"},"elements":[{"from":[7.0,-4.0,-8.0],"to":[13.0,0.0,9.0],"faces":{"east":{"uv":[4.0,4.5,5.0625,4.75],"tintindex":0,"rotation":0,"texture":"#0"},"south":{"uv":[6.5,4.5,6.875,4.75],"tintindex":0,"rotation":0,"texture":"#0"},"north":{"uv":[5.0625,4.5,5.4375,4.75],"tintindex":0,"rotation":0,"texture":"#0"},"west":{"uv":[5.4375,4.5,6.5,4.75],"tintindex":0,"rotation":0,"texture":"#0"},"up":{"uv":[5.4375,4.5,5.0625,3.4375],"tintindex":0,"rotation":0,"texture":"#0"},"down":{"uv":[5.8125,3.4375,5.4375,4.5],"tintindex":0,"rotation":0,"texture":"#0"}}}]}