{"textures":{"0":"modelengine:entity/angl_boss_gamit_smooth_9"},"elements":[{"from":[7.96,5.3828425,3.0],"to":[7.96,18.382843,13.0],"faces":{"east":{"uv":[5.5,0.0,6.75,1.625],"tintindex":0,"rotation":0,"texture":"#0"},"west":{"uv":[5.5,1.625,6.75,3.25],"tintindex":0,"rotation":0,"texture":"#0"}}},{"from":[6.96,0.08284283,7.0],"to":[8.96,15.082842,9.0],"faces":{"east":{"uv":[5.25,6.75,5.5,8.625],"tintindex":0,"rotation":0,"texture":"#0"},"south":{"uv":[7.375,1.375,7.625,3.25],"tintindex":0,"rotation":0,"texture":"#0"},"north":{"uv":[5.0,6.75,5.25,8.625],"tintindex":0,"rotation":0,"texture":"#0"},"west":{"uv":[7.375,3.25,7.625,5.125],"tintindex":0,"rotation":0,"texture":"#0"},"up":{"uv":[6.75,8.25,6.5,8.0],"tintindex":0,"rotation":0,"texture":"#0"},"down":{"uv":[6.75,8.25,6.5,8.5],"tintindex":0,"rotation":0,"texture":"#0"}}},{"from":[7.96,-2.117157,3.0],"to":[7.96,10.882843,13.0],"faces":{"east":{"uv":[5.5,3.25,6.75,4.875],"tintindex":0,"rotation":0,"texture":"#0"},"west":{"uv":[5.5,4.875,6.75,6.5],"tintindex":0,"rotation":0,"texture":"#0"}}},{"from":[7.5600004,15.082842,6.0],"to":[8.56,19.082844,10.0],"faces":{"east":{"uv":[0.0,8.25,0.5,8.75],"tintindex":0,"rotation":0,"texture":"#0"},"south":{"uv":[1.0,9.4375,1.125,9.9375],"tintindex":0,"rotation":0,"texture":"#0"},"north":{"uv":[3.3125,9.25,3.4375,9.75],"tintindex":0,"rotation":0,"texture":"#0"},"west":{"uv":[0.5,8.25,1.0,8.75],"tintindex":0,"rotation":0,"texture":"#0"},"up":{"uv":[1.25,9.9375,1.125,9.4375],"tintindex":0,"rotation":0,"texture":"#0"},"down":{"uv":[9.125,9.4375,9.0,9.9375],"tintindex":0,"rotation":0,"texture":"#0"}}},{"from":[7.96,11.082842,3.0],"to":[7.96,23.082844,13.0],"faces":{"east":{"uv":[5.5,6.5,6.75,8.0],"tintindex":0,"rotation":0,"texture":"#0"},"west":{"uv":[0.0,6.75,1.25,8.25],"tintindex":0,"rotation":0,"texture":"#0"}}},{"from":[7.5600004,-2.9171581,7.0],"to":[8.56,1.0828424,11.0],"faces":{"east":{"uv":[8.1875,3.75,8.6875,4.25],"tintindex":0,"rotation":0,"texture":"#0"},"south":{"uv":[6.5,8.5,6.625,9.0],"tintindex":0,"rotation":0,"texture":"#0"},"north":{"uv":[4.875,7.8125,5.0,8.3125],"tintindex":0,"rotation":0,"texture":"#0"},"west":{"uv":[8.1875,4.25,8.6875,4.75],"tintindex":0,"rotation":0,"texture":"#0"},"up":{"uv":[6.75,9.0,6.625,8.5],"tintindex":0,"rotation":0,"texture":"#0"},"down":{"uv":[6.75,9.0,6.625,9.5],"tintindex":0,"rotation":0,"texture":"#0"}},"rotation":{"origin":[8.06,0.08284283,8.0],"angle":45.0,"axis":"x"}}],"display":{"gui":{"rotation":[30,225,0]}}}