{"textures":{"0":"modelengine:entity/angl_boss_gamit_smooth_9"},"elements":[{"from":[-6.0,6.0,-6.0],"to":[-3.0,10.0,22.0],"faces":{"east":{"uv":[7.375,5.625,9.125,5.875],"tintindex":0,"rotation":0,"texture":"#0"},"south":{"uv":[9.125,9.4375,9.3125,9.6875],"tintindex":0,"rotation":0,"texture":"#0"},"north":{"uv":[9.4375,3.9375,9.625,4.1875],"tintindex":0,"rotation":0,"texture":"#0"},"west":{"uv":[7.375,5.875,9.125,6.125],"tintindex":0,"rotation":0,"texture":"#0"},"up":{"uv":[6.9375,9.5,6.75,7.75],"tintindex":0,"rotation":0,"texture":"#0"},"down":{"uv":[7.125,7.75,6.9375,9.5],"tintindex":0,"rotation":0,"texture":"#0"}}},{"from":[-5.8,6.9000015,-5.8],"to":[21.6,9.5,-3.3000002],"faces":{"east":{"uv":[3.75,8.875,3.90625,9.03125],"tintindex":0,"rotation":0,"texture":"#0"},"south":{"uv":[8.1875,1.8125,9.90625,1.96875],"tintindex":0,"rotation":0,"texture":"#0"},"north":{"uv":[8.1875,1.625,9.90625,1.78125],"tintindex":0,"rotation":0,"texture":"#0"},"west":{"uv":[8.9375,7.0625,9.09375,7.21875],"tintindex":0,"rotation":0,"texture":"#0"},"up":{"uv":[9.90625,2.15625,8.1875,2.0],"tintindex":0,"rotation":0,"texture":"#0"},"down":{"uv":[9.90625,2.1875,8.1875,2.34375],"tintindex":0,"rotation":0,"texture":"#0"}}},{"from":[-5.8,6.9000015,19.2],"to":[21.6,9.5,21.7],"faces":{"east":{"uv":[8.5625,7.0625,8.71875,7.21875],"tintindex":0,"rotation":0,"texture":"#0"},"south":{"uv":[8.0625,7.4375,9.78125,7.59375],"tintindex":0,"rotation":0,"texture":"#0"},"north":{"uv":[8.0625,7.25,9.78125,7.40625],"tintindex":0,"rotation":0,"texture":"#0"},"west":{"uv":[8.75,7.0625,8.90625,7.21875],"tintindex":0,"rotation":0,"texture":"#0"},"up":{"uv":[9.90625,1.40625,8.1875,1.25],"tintindex":0,"rotation":0,"texture":"#0"},"down":{"uv":[9.90625,1.4375,8.1875,1.59375],"tintindex":0,"rotation":0,"texture":"#0"}}},{"from":[19.0,6.0,-6.0],"to":[22.0,10.0,22.0],"faces":{"east":{"uv":[7.375,5.125,9.125,5.375],"tintindex":0,"rotation":0,"texture":"#0"},"south":{"uv":[1.9375,8.9375,2.125,9.1875],"tintindex":0,"rotation":0,"texture":"#0"},"north":{"uv":[8.1875,2.375,8.375,2.625],"tintindex":0,"rotation":0,"texture":"#0"},"west":{"uv":[7.375,5.375,9.125,5.625],"tintindex":0,"rotation":0,"texture":"#0"},"up":{"uv":[7.6875,9.375,7.5,7.625],"tintindex":0,"rotation":0,"texture":"#0"},"down":{"uv":[7.875,7.625,7.6875,9.375],"tintindex":0,"rotation":0,"texture":"#0"}}}],"display":{"gui":{"rotation":[30,225,0]}}}