{"textures":{"0":"modelengine:entity/angl_boss_gamit_smooth_9"},"elements":[{"from":[3.7677503,-0.9647522,5.725525],"to":[8.23225,10.964748,10.823425],"faces":{"east":{"uv":[7.125,7.75,7.4375,8.5],"tintindex":0,"rotation":0,"texture":"#0"},"south":{"uv":[2.5,8.5,2.78125,9.25],"tintindex":0,"rotation":0,"texture":"#0"},"north":{"uv":[2.1875,8.5,2.46875,9.25],"tintindex":0,"rotation":0,"texture":"#0"},"west":{"uv":[7.875,8.3125,8.1875,9.0625],"tintindex":0,"rotation":0,"texture":"#0"},"up":{"uv":[1.28125,9.4375,1.0,9.125],"tintindex":0,"rotation":0,"texture":"#0"},"down":{"uv":[9.65625,0.3125,9.375,0.625],"tintindex":0,"rotation":0,"texture":"#0"}}}],"display":{"gui":{"rotation":[30,225,0]}}}