{"textures":{"0":"modelengine:entity/angl_boss_gamit_smooth_9"},"elements":[{"from":[7.76775,-0.88554764,5.725525],"to":[12.23225,10.885551,10.823425],"faces":{"east":{"uv":[8.1875,8.3125,8.5,9.0625],"tintindex":0,"rotation":0,"texture":"#0"},"south":{"uv":[3.125,8.5,3.40625,9.25],"tintindex":0,"rotation":0,"texture":"#0"},"north":{"uv":[2.8125,8.5,3.09375,9.25],"tintindex":0,"rotation":0,"texture":"#0"},"west":{"uv":[1.0,8.375,1.3125,9.125],"tintindex":0,"rotation":0,"texture":"#0"},"up":{"uv":[9.65625,8.25,9.375,7.9375],"tintindex":0,"rotation":0,"texture":"#0"},"down":{"uv":[9.65625,8.25,9.375,8.5625],"tintindex":0,"rotation":0,"texture":"#0"}}}],"display":{"gui":{"rotation":[30,225,0]}}}