{"textures":{"0":"modelengine:entity/angl_boss_gamit_smooth_9"},"elements":[{"from":[8.74825,15.4432,5.6314497],"to":[12.505199,17.82415,11.0019],"faces":{"east":{"uv":[8.5625,0.6875,9.21875,1.0],"tintindex":0,"rotation":0,"texture":"#0"},"south":{"uv":[0.5,9.1875,0.96875,9.5],"tintindex":0,"rotation":0,"texture":"#0"},"north":{"uv":[8.875,0.375,9.34375,0.6875],"tintindex":0,"rotation":0,"texture":"#0"},"west":{"uv":[8.5625,6.125,9.21875,6.4375],"tintindex":0,"rotation":0,"texture":"#0"},"up":{"uv":[3.84375,8.46875,3.375,7.8125],"tintindex":0,"rotation":0,"texture":"#0"},"down":{"uv":[4.34375,7.8125,3.875,8.46875],"tintindex":0,"rotation":0,"texture":"#0"}},"rotation":{"origin":[8.288,15.049675,7.816675],"angle":22.5,"axis":"z"}},{"from":[6.4815,16.702852,6.07785],"to":[10.0945,21.796852,10.25545],"faces":{"east":{"uv":[7.625,3.75,8.15625,4.375],"tintindex":0,"rotation":0,"texture":"#0"},"south":{"uv":[8.125,0.625,8.5625,1.25],"tintindex":0,"rotation":0,"texture":"#0"},"north":{"uv":[8.125,0.0,8.5625,0.625],"tintindex":0,"rotation":0,"texture":"#0"},"west":{"uv":[7.625,4.375,8.15625,5.0],"tintindex":0,"rotation":0,"texture":"#0"},"up":{"uv":[1.75,8.90625,1.3125,8.375],"tintindex":0,"rotation":0,"texture":"#0"},"down":{"uv":[2.1875,8.375,1.75,8.90625],"tintindex":0,"rotation":0,"texture":"#0"}}},{"from":[4.0708,15.4432,5.73145],"to":[7.82775,17.82415,10.901899],"faces":{"east":{"uv":[8.5625,6.4375,9.21875,6.75],"tintindex":0,"rotation":0,"texture":"#0"},"south":{"uv":[4.5,9.1875,4.96875,9.5],"tintindex":0,"rotation":0,"texture":"#0"},"north":{"uv":[9.1875,4.25,9.65625,4.5625],"tintindex":0,"rotation":0,"texture":"#0"},"west":{"uv":[8.5625,6.75,9.21875,7.0625],"tintindex":0,"rotation":0,"texture":"#0"},"up":{"uv":[4.84375,8.46875,4.375,7.8125],"tintindex":0,"rotation":0,"texture":"#0"},"down":{"uv":[8.34375,7.625,7.875,8.28125],"tintindex":0,"rotation":0,"texture":"#0"}},"rotation":{"origin":[8.288,15.049675,7.816675],"angle":-22.5,"axis":"z"}},{"from":[7.329401,14.191315,9.031739],"to":[12.032096,22.368023,9.031739],"faces":{"south":{"uv":[6.75,5.3125,7.34375,6.34375],"tintindex":0,"rotation":0,"texture":"#0"},"north":{"uv":[4.375,6.75,4.96875,7.78125],"tintindex":0,"rotation":0,"texture":"#0"}},"rotation":{"origin":[10.680748,18.279667,9.031739],"angle":-22.5,"axis":"z"}},{"from":[4.329401,14.191315,9.031739],"to":[9.032096,22.368023,9.031739],"faces":{"south":{"uv":[6.75,4.25,7.34375,5.28125],"tintindex":0,"rotation":0,"texture":"#0"},"north":{"uv":[3.75,6.75,4.34375,7.78125],"tintindex":0,"rotation":0,"texture":"#0"}},"rotation":{"origin":[5.6807485,18.279667,9.031739],"angle":22.5,"axis":"z"}}],"display":{"gui":{"rotation":[30,225,0]}}}