{"textures":{"0":"modelengine:entity/angl_boss_gamit_smooth_9"},"elements":[{"from":[3.3869996,8.473999,0.22239971],"to":[12.613,19.525997,11.777599],"faces":{"east":{"uv":[6.75,6.375,7.46875,7.0625],"tintindex":0,"rotation":0,"texture":"#0"},"south":{"uv":[7.625,2.0625,8.1875,2.75],"tintindex":0,"rotation":0,"texture":"#0"},"north":{"uv":[7.625,1.375,8.1875,2.0625],"tintindex":0,"rotation":0,"texture":"#0"},"west":{"uv":[6.75,7.0625,7.46875,7.75],"tintindex":0,"rotation":0,"texture":"#0"},"up":{"uv":[8.0625,6.84375,7.5,6.125],"tintindex":0,"rotation":0,"texture":"#0"},"down":{"uv":[8.0625,6.875,7.5,7.59375],"tintindex":0,"rotation":0,"texture":"#0"}}}],"display":{"gui":{"rotation":[30,225,0]}}}