{"textures":{"0":"modelengine:entity/angl_boss_gamit_smooth_9"},"elements":[{"from":[4.297305,7.323292,2.1819162],"to":[11.702695,13.676704,9.454252],"faces":{"east":{"uv":[0.0,8.75,0.46875,9.15625],"tintindex":0,"rotation":0,"texture":"#0"},"south":{"uv":[0.5,8.75,0.96875,9.15625],"tintindex":0,"rotation":0,"texture":"#0"},"north":{"uv":[8.6875,4.3125,9.15625,4.71875],"tintindex":0,"rotation":0,"texture":"#0"},"west":{"uv":[8.5,8.75,8.96875,9.15625],"tintindex":0,"rotation":0,"texture":"#0"},"up":{"uv":[8.84375,2.84375,8.375,2.375],"tintindex":0,"rotation":0,"texture":"#0"},"down":{"uv":[8.84375,2.875,8.375,3.34375],"tintindex":0,"rotation":0,"texture":"#0"}}},{"from":[8.297305,6.123291,10.881916],"to":[17.702694,22.476707,10.881916],"faces":{"south":{"uv":[2.5,6.75,3.09375,7.78125],"tintindex":0,"rotation":0,"texture":"#0"},"north":{"uv":[6.75,2.125,7.34375,3.15625],"tintindex":0,"rotation":0,"texture":"#0"}},"rotation":{"origin":[13.0,14.299999,10.881916],"angle":-22.5,"axis":"z"}},{"from":[-1.7026949,7.323292,6.181916],"to":[7.702695,23.676704,6.181916],"faces":{"south":{"uv":[1.875,6.75,2.46875,7.78125],"tintindex":0,"rotation":0,"texture":"#0"},"north":{"uv":[1.25,6.75,1.84375,7.78125],"tintindex":0,"rotation":0,"texture":"#0"}},"rotation":{"origin":[3.0,15.5,6.181916],"angle":22.5,"axis":"z"}},{"from":[8.297305,7.323292,6.181916],"to":[17.702694,23.676704,6.181916],"faces":{"south":{"uv":[6.75,1.0625,7.34375,2.09375],"tintindex":0,"rotation":0,"texture":"#0"},"north":{"uv":[6.75,0.0,7.34375,1.03125],"tintindex":0,"rotation":0,"texture":"#0"}},"rotation":{"origin":[13.0,15.5,6.181916],"angle":-22.5,"axis":"z"}},{"from":[2.297305,7.9537354,7.2234035],"to":[13.702695,18.307148,14.495739],"faces":{"east":{"uv":[2.375,7.8125,2.84375,8.46875],"tintindex":0,"rotation":0,"texture":"#0"},"south":{"uv":[7.375,0.6875,8.09375,1.34375],"tintindex":0,"rotation":0,"texture":"#0"},"north":{"uv":[7.375,0.0,8.09375,0.65625],"tintindex":0,"rotation":0,"texture":"#0"},"west":{"uv":[2.875,7.8125,3.34375,8.46875],"tintindex":0,"rotation":0,"texture":"#0"},"up":{"uv":[8.34375,3.21875,7.625,2.75],"tintindex":0,"rotation":0,"texture":"#0"},"down":{"uv":[8.34375,3.25,7.625,3.71875],"tintindex":0,"rotation":0,"texture":"#0"}},"rotation":{"origin":[7.0,12.730442,9.659572],"angle":45.0,"axis":"x"}},{"from":[3.497305,8.419098,2.3722544],"to":[12.502695,17.57251,8.24459],"faces":{"east":{"uv":[4.0,8.5,4.375,9.0625],"tintindex":0,"rotation":0,"texture":"#0"},"south":{"uv":[1.8125,7.8125,2.375,8.375],"tintindex":0,"rotation":0,"texture":"#0"},"north":{"uv":[1.25,7.8125,1.8125,8.375],"tintindex":0,"rotation":0,"texture":"#0"},"west":{"uv":[4.375,8.5,4.75,9.0625],"tintindex":0,"rotation":0,"texture":"#0"},"up":{"uv":[9.0625,8.375,8.5,8.0],"tintindex":0,"rotation":0,"texture":"#0"},"down":{"uv":[9.0625,8.375,8.5,8.75],"tintindex":0,"rotation":0,"texture":"#0"}},"rotation":{"origin":[7.0,14.195805,9.608422],"angle":45.0,"axis":"x"}},{"from":[-1.7026949,6.123291,10.881916],"to":[7.702695,22.476707,10.881916],"faces":{"south":{"uv":[6.75,3.1875,7.34375,4.21875],"tintindex":0,"rotation":0,"texture":"#0"},"north":{"uv":[3.125,6.75,3.71875,7.78125],"tintindex":0,"rotation":0,"texture":"#0"}},"rotation":{"origin":[3.0,14.299999,10.881916],"angle":22.5,"axis":"z"}}],"display":{"gui":{"rotation":[30,225,0]}}}