{"textures":{"0":"modelengine:entity/angl_boss_gamit_smooth_9"},"elements":[{"from":[4.7776995,2.139,5.4143],"to":[12.1431,6.693001,10.985701],"faces":{"east":{"uv":[9.3125,3.125,9.65625,3.40625],"tintindex":0,"rotation":0,"texture":"#0"},"south":{"uv":[8.5,9.1875,8.96875,9.46875],"tintindex":0,"rotation":0,"texture":"#0"},"north":{"uv":[5.0,9.1875,5.46875,9.46875],"tintindex":0,"rotation":0,"texture":"#0"},"west":{"uv":[9.3125,8.75,9.65625,9.03125],"tintindex":0,"rotation":0,"texture":"#0"},"up":{"uv":[9.59375,5.46875,9.125,5.125],"tintindex":0,"rotation":0,"texture":"#0"},"down":{"uv":[9.59375,5.5,9.125,5.84375],"tintindex":0,"rotation":0,"texture":"#0"}}},{"from":[3.5105,4.2862377,5.5844564],"to":[11.5687,10.424238,14.355856],"faces":{"east":{"uv":[8.1875,4.75,8.75,5.125],"tintindex":0,"rotation":0,"texture":"#0"},"south":{"uv":[8.875,0.0,9.375,0.375],"tintindex":0,"rotation":0,"texture":"#0"},"north":{"uv":[8.75,4.75,9.25,5.125],"tintindex":0,"rotation":0,"texture":"#0"},"west":{"uv":[8.375,3.375,8.9375,3.75],"tintindex":0,"rotation":0,"texture":"#0"},"up":{"uv":[6.0,8.5625,5.5,8.0],"tintindex":0,"rotation":0,"texture":"#0"},"down":{"uv":[6.5,8.0,6.0,8.5625],"tintindex":0,"rotation":0,"texture":"#0"}},"rotation":{"origin":[13.836,2.0145626,8.310045],"angle":-22.5,"axis":"x"}}],"display":{"gui":{"rotation":[30,225,0]}}}