{"textures":{"0":"modelengine:entity/angl_boss_gamit_smooth_9"},"elements":[{"from":[4.5105,4.2862377,5.5844564],"to":[12.5687,10.424238,14.355856],"faces":{"east":{"uv":[8.375,7.625,8.9375,8.0],"tintindex":0,"rotation":0,"texture":"#0"},"south":{"uv":[8.875,2.75,9.375,3.125],"tintindex":0,"rotation":0,"texture":"#0"},"north":{"uv":[8.875,2.375,9.375,2.75],"tintindex":0,"rotation":0,"texture":"#0"},"west":{"uv":[3.4375,8.5,4.0,8.875],"tintindex":0,"rotation":0,"texture":"#0"},"up":{"uv":[8.5625,6.6875,8.0625,6.125],"tintindex":0,"rotation":0,"texture":"#0"},"down":{"uv":[8.5625,6.6875,8.0625,7.25],"tintindex":0,"rotation":0,"texture":"#0"}},"rotation":{"origin":[14.8359995,2.0145626,8.310045],"angle":-22.5,"axis":"x"}},{"from":[3.7777,2.139,5.4143],"to":[11.1431,6.693001,10.985701],"faces":{"east":{"uv":[9.3125,9.0625,9.65625,9.34375],"tintindex":0,"rotation":0,"texture":"#0"},"south":{"uv":[1.9375,9.25,2.40625,9.53125],"tintindex":0,"rotation":0,"texture":"#0"},"north":{"uv":[9.25,0.6875,9.71875,0.96875],"tintindex":0,"rotation":0,"texture":"#0"},"west":{"uv":[9.375,0.0,9.71875,0.28125],"tintindex":0,"rotation":0,"texture":"#0"},"up":{"uv":[6.59375,9.46875,6.125,9.125],"tintindex":0,"rotation":0,"texture":"#0"},"down":{"uv":[0.46875,9.1875,0.0,9.53125],"tintindex":0,"rotation":0,"texture":"#0"}}}],"display":{"gui":{"rotation":[30,225,0]}}}