{"textures":{"0":"modelengine:entity/angl_boss_gamit_smooth_9"},"elements":[{"from":[5.80935,-2.1727505,5.706725],"to":[10.190649,8.17275,10.879826],"faces":{"east":{"uv":[5.5,8.5625,5.8125,9.21875],"tintindex":0,"rotation":0,"texture":"#0"},"south":{"uv":[9.0,8.75,9.28125,9.40625],"tintindex":0,"rotation":0,"texture":"#0"},"north":{"uv":[1.625,8.9375,1.90625,9.59375],"tintindex":0,"rotation":0,"texture":"#0"},"west":{"uv":[5.8125,8.5625,6.125,9.21875],"tintindex":0,"rotation":0,"texture":"#0"},"up":{"uv":[7.78125,9.6875,7.5,9.375],"tintindex":0,"rotation":0,"texture":"#0"},"down":{"uv":[9.65625,7.625,9.375,7.9375],"tintindex":0,"rotation":0,"texture":"#0"}}}],"display":{"gui":{"rotation":[30,225,0]}}}