{"textures":{"0":"modelengine:entity/angl_boss_gamit_smooth_9"},"elements":[{"from":[5.228675,-0.21037579,6.4504747],"to":[10.742575,8.3355255,11.647375],"faces":{"east":{"uv":[8.1875,9.0625,8.5,9.59375],"tintindex":0,"rotation":0,"texture":"#0"},"south":{"uv":[4.125,9.0625,4.46875,9.59375],"tintindex":0,"rotation":0,"texture":"#0"},"north":{"uv":[3.75,9.0625,4.09375,9.59375],"tintindex":0,"rotation":0,"texture":"#0"},"west":{"uv":[9.0625,8.1875,9.375,8.71875],"tintindex":0,"rotation":0,"texture":"#0"},"up":{"uv":[9.59375,6.6875,9.25,6.375],"tintindex":0,"rotation":0,"texture":"#0"},"down":{"uv":[9.59375,6.6875,9.25,7.0],"tintindex":0,"rotation":0,"texture":"#0"}}},{"from":[4.276127,1.7475386,4.481157],"to":[11.568531,5.820794,4.481157],"faces":{"south":{"uv":[2.4375,9.25,2.90625,9.5],"tintindex":0,"rotation":0,"texture":"#0"},"north":{"uv":[9.125,5.875,9.59375,6.125],"tintindex":0,"rotation":0,"texture":"#0"}},"rotation":{"origin":[14.122329,0.91416645,-0.63884354],"angle":22.5,"axis":"x"}},{"from":[5.028675,-3.714776,3.854775],"to":[11.000074,-0.21037579,12.447374],"faces":{"east":{"uv":[5.5,9.25,6.03125,9.46875],"tintindex":0,"rotation":0,"texture":"#0"},"south":{"uv":[9.4375,3.6875,9.8125,3.90625],"tintindex":0,"rotation":0,"texture":"#0"},"north":{"uv":[9.3125,9.375,9.6875,9.59375],"tintindex":0,"rotation":0,"texture":"#0"},"west":{"uv":[9.25,6.125,9.78125,6.34375],"tintindex":0,"rotation":0,"texture":"#0"},"up":{"uv":[5.5,9.15625,5.125,8.625],"tintindex":0,"rotation":0,"texture":"#0"},"down":{"uv":[9.0625,3.75,8.6875,4.28125],"tintindex":0,"rotation":0,"texture":"#0"}}}],"display":{"gui":{"rotation":[30,225,0]}}}