{"textures":{"0":"modelengine:entity/angl_boss_gamit_smooth_9"},"elements":[{"from":[4.356777,1.7475386,4.481157],"to":[11.649181,5.820794,4.481157],"faces":{"south":{"uv":[9.0625,1.0,9.53125,1.25],"tintindex":0,"rotation":0,"texture":"#0"},"north":{"uv":[8.5625,1.0,9.03125,1.25],"tintindex":0,"rotation":0,"texture":"#0"}},"rotation":{"origin":[7.0029793,0.91416645,-0.63884354],"angle":22.5,"axis":"x"}},{"from":[5.1282253,-0.21037579,6.4504747],"to":[10.642125,8.3355255,11.647375],"faces":{"east":{"uv":[9.0625,7.625,9.375,8.15625],"tintindex":0,"rotation":0,"texture":"#0"},"south":{"uv":[9.0625,3.6875,9.40625,4.21875],"tintindex":0,"rotation":0,"texture":"#0"},"north":{"uv":[8.9375,3.125,9.28125,3.65625],"tintindex":0,"rotation":0,"texture":"#0"},"west":{"uv":[7.875,9.0625,8.1875,9.59375],"tintindex":0,"rotation":0,"texture":"#0"},"up":{"uv":[7.46875,9.5,7.125,9.1875],"tintindex":0,"rotation":0,"texture":"#0"},"down":{"uv":[3.28125,9.25,2.9375,9.5625],"tintindex":0,"rotation":0,"texture":"#0"}}},{"from":[4.987525,-3.714776,3.854775],"to":[10.842125,-0.21037579,12.447374],"faces":{"east":{"uv":[9.25,4.5625,9.78125,4.78125],"tintindex":0,"rotation":0,"texture":"#0"},"south":{"uv":[9.3125,3.4375,9.6875,3.65625],"tintindex":0,"rotation":0,"texture":"#0"},"north":{"uv":[9.25,7.0,9.625,7.21875],"tintindex":0,"rotation":0,"texture":"#0"},"west":{"uv":[9.25,4.8125,9.78125,5.03125],"tintindex":0,"rotation":0,"texture":"#0"},"up":{"uv":[6.5,9.09375,6.125,8.5625],"tintindex":0,"rotation":0,"texture":"#0"},"down":{"uv":[5.125,8.625,4.75,9.15625],"tintindex":0,"rotation":0,"texture":"#0"}}}],"display":{"gui":{"rotation":[30,225,0]}}}