{"textures":{"0":"modelengine:entity/angl_boss_gamit_smooth_9"},"elements":[{"from":[5.8093495,-2.1727505,5.706725],"to":[10.19065,8.17275,10.879826],"faces":{"east":{"uv":[7.125,8.5,7.4375,9.15625],"tintindex":0,"rotation":0,"texture":"#0"},"south":{"uv":[1.3125,8.9375,1.59375,9.59375],"tintindex":0,"rotation":0,"texture":"#0"},"north":{"uv":[3.4375,8.875,3.71875,9.53125],"tintindex":0,"rotation":0,"texture":"#0"},"west":{"uv":[8.5625,0.0,8.875,0.65625],"tintindex":0,"rotation":0,"texture":"#0"},"up":{"uv":[9.65625,2.6875,9.375,2.375],"tintindex":0,"rotation":0,"texture":"#0"},"down":{"uv":[9.65625,2.6875,9.375,3.0],"tintindex":0,"rotation":0,"texture":"#0"}}}],"display":{"gui":{"rotation":[30,225,0]}}}