{"textures":{"0":"modelengine:entity/wolf_orcs_gamitamodels4"},"elements":[{"from":[3.0,0.6910362,7.759522],"to":[13.0,14.316036,22.759521],"faces":{"east":{"uv":[0.0,0.9375,0.9375,1.75],"tintindex":0,"rotation":0,"texture":"#0"},"south":{"uv":[2.5,0.9375,3.125,1.75],"tintindex":0,"rotation":0,"texture":"#0"},"north":{"uv":[0.9375,0.9375,1.5625,1.75],"tintindex":0,"rotation":0,"texture":"#0"},"west":{"uv":[1.5625,0.9375,2.5,1.75],"tintindex":0,"rotation":0,"texture":"#0"},"up":{"uv":[1.5625,0.9375,0.9375,0.0],"tintindex":0,"rotation":0,"texture":"#0"},"down":{"uv":[2.1875,0.0,1.5625,0.9375],"tintindex":0,"rotation":0,"texture":"#0"}}}],"display":{"gui":{"rotation":[30,225,0]}}}