{"textures":{"0":"modelengine:entity/wolf_orcs_gamitamodels4"},"elements":[{"from":[5.5,5.3999996,8.0],"to":[10.5,10.9,20.0],"faces":{"east":{"uv":[2.1875,4.75,2.9375,5.0625],"tintindex":0,"rotation":0,"texture":"#0"},"south":{"uv":[4.0,4.75,4.3125,5.0625],"tintindex":0,"rotation":0,"texture":"#0"},"north":{"uv":[2.9375,4.75,3.25,5.0625],"tintindex":0,"rotation":0,"texture":"#0"},"west":{"uv":[3.25,4.75,4.0,5.0625],"tintindex":0,"rotation":0,"texture":"#0"},"up":{"uv":[3.25,4.75,2.9375,4.0],"tintindex":0,"rotation":0,"texture":"#0"},"down":{"uv":[3.5625,4.0,3.25,4.75],"tintindex":0,"rotation":0,"texture":"#0"}}}],"display":{"gui":{"rotation":[30,225,0]}}}