{"textures":{"0":"modelengine:entity/wolf_orcs_gamitamodels4"},"elements":[{"from":[7.308566,-0.8220587,-0.1442833],"to":[11.808566,2.1779413,6.6057167],"faces":{"east":{"uv":[7.625,0.375,8.0,0.5625],"tintindex":0,"rotation":0,"texture":"#0"},"south":{"uv":[8.625,0.375,8.875,0.5625],"tintindex":0,"rotation":0,"texture":"#0"},"north":{"uv":[8.0,0.375,8.25,0.5625],"tintindex":0,"rotation":0,"texture":"#0"},"west":{"uv":[8.25,0.375,8.625,0.5625],"tintindex":0,"rotation":0,"texture":"#0"},"up":{"uv":[8.25,0.375,8.0,0.0],"tintindex":0,"rotation":0,"texture":"#0"},"down":{"uv":[8.5,0.0,8.25,0.375],"tintindex":0,"rotation":0,"texture":"#0"}}},{"from":[6.502877,0.7940593,-0.30454922],"to":[12.752877,8.29406,7.19545],"faces":{"east":{"uv":[5.75,5.3125,6.1875,5.75],"tintindex":0,"rotation":0,"texture":"#0"},"south":{"uv":[7.0,5.3125,7.375,5.75],"tintindex":0,"rotation":0,"texture":"#0"},"north":{"uv":[6.1875,5.3125,6.5625,5.75],"tintindex":0,"rotation":0,"texture":"#0"},"west":{"uv":[6.5625,5.3125,7.0,5.75],"tintindex":0,"rotation":0,"texture":"#0"},"up":{"uv":[6.5625,5.3125,6.1875,4.875],"tintindex":0,"rotation":0,"texture":"#0"},"down":{"uv":[6.9375,4.875,6.5625,5.3125],"tintindex":0,"rotation":0,"texture":"#0"}}}],"display":{"gui":{"rotation":[30,225,0]}}}