{"textures":{"0":"modelengine:entity/wolf_orcs_gamitamodels4"},"elements":[{"from":[9.15917,4.6664486,0.06931877],"to":[13.15917,7.1664486,8.069319],"faces":{"east":{"uv":[6.9375,1.5625,7.4375,1.6875],"tintindex":0,"rotation":0,"texture":"#0"},"south":{"uv":[8.1875,1.5625,8.4375,1.6875],"tintindex":0,"rotation":0,"texture":"#0"},"north":{"uv":[7.4375,1.5625,7.6875,1.6875],"tintindex":0,"rotation":0,"texture":"#0"},"west":{"uv":[7.6875,1.5625,8.1875,1.6875],"tintindex":0,"rotation":0,"texture":"#0"},"up":{"uv":[7.6875,1.5625,7.4375,1.0625],"tintindex":0,"rotation":0,"texture":"#0"},"down":{"uv":[7.9375,1.0625,7.6875,1.5625],"tintindex":0,"rotation":0,"texture":"#0"}},"rotation":{"origin":[7.5341697,5.9164486,1.9443188],"angle":-22.5,"axis":"y"}},{"from":[1.6591697,4.6664486,0.06931877],"to":[5.6591697,7.1664486,8.069319],"faces":{"east":{"uv":[1.0625,7.4375,1.5625,7.5625],"tintindex":0,"rotation":0,"texture":"#0"},"south":{"uv":[2.3125,7.4375,2.5625,7.5625],"tintindex":0,"rotation":0,"texture":"#0"},"north":{"uv":[1.5625,7.4375,1.8125,7.5625],"tintindex":0,"rotation":0,"texture":"#0"},"west":{"uv":[1.8125,7.4375,2.3125,7.5625],"tintindex":0,"rotation":0,"texture":"#0"},"up":{"uv":[1.8125,7.4375,1.5625,6.9375],"tintindex":0,"rotation":0,"texture":"#0"},"down":{"uv":[2.0625,6.9375,1.8125,7.4375],"tintindex":0,"rotation":0,"texture":"#0"}},"rotation":{"origin":[7.5341697,5.9164486,1.9443188],"angle":22.5,"axis":"y"}},{"from":[3.7841697,4.6664486,3.3193188],"to":[11.28417,8.416449,12.069319],"faces":{"east":{"uv":[5.6875,3.875,6.1875,4.0625],"tintindex":0,"rotation":0,"texture":"#0"},"south":{"uv":[7.125,3.875,7.5625,4.0625],"tintindex":0,"rotation":0,"texture":"#0"},"north":{"uv":[6.1875,3.875,6.625,4.0625],"tintindex":0,"rotation":0,"texture":"#0"},"west":{"uv":[6.625,3.875,7.125,4.0625],"tintindex":0,"rotation":0,"texture":"#0"},"up":{"uv":[6.625,3.875,6.1875,3.375],"tintindex":0,"rotation":0,"texture":"#0"},"down":{"uv":[7.0625,3.375,6.625,3.875],"tintindex":0,"rotation":0,"texture":"#0"}}},{"from":[5.9091697,4.6664486,0.8193188],"to":[9.40917,7.1664486,8.819319],"faces":{"east":{"uv":[7.125,3.25,7.625,3.375],"tintindex":0,"rotation":0,"texture":"#0"},"south":{"uv":[8.3125,3.25,8.5,3.375],"tintindex":0,"rotation":0,"texture":"#0"},"north":{"uv":[7.625,3.25,7.8125,3.375],"tintindex":0,"rotation":0,"texture":"#0"},"west":{"uv":[7.8125,3.25,8.3125,3.375],"tintindex":0,"rotation":0,"texture":"#0"},"up":{"uv":[7.8125,3.25,7.625,2.75],"tintindex":0,"rotation":0,"texture":"#0"},"down":{"uv":[8.0,2.75,7.8125,3.25],"tintindex":0,"rotation":0,"texture":"#0"}}}],"display":{"gui":{"rotation":[30,225,0]}}}