{"textures":{"0":"modelengine:entity/wolf_orcs_gamitamodels4"},"elements":[{"from":[7.375,-3.7250004,2.125],"to":[13.625,10.025,9.625],"faces":{"east":{"uv":[5.0625,2.5,5.5,3.3125],"tintindex":0,"rotation":0,"texture":"#0"},"south":{"uv":[6.3125,2.5,6.6875,3.3125],"tintindex":0,"rotation":0,"texture":"#0"},"north":{"uv":[5.5,2.5,5.875,3.3125],"tintindex":0,"rotation":0,"texture":"#0"},"west":{"uv":[5.875,2.5,6.3125,3.3125],"tintindex":0,"rotation":0,"texture":"#0"},"up":{"uv":[5.875,2.5,5.5,2.0625],"tintindex":0,"rotation":0,"texture":"#0"},"down":{"uv":[6.25,2.0625,5.875,2.5],"tintindex":0,"rotation":0,"texture":"#0"}}},{"from":[13.230155,-3.7250004,8.752424],"to":[13.230155,10.025,13.752424],"faces":{"east":{"uv":[6.875,7.9375,7.1875,8.75],"tintindex":0,"rotation":0,"texture":"#0"},"west":{"uv":[7.1875,7.9375,7.5,8.75],"tintindex":0,"rotation":0,"texture":"#0"}},"rotation":{"origin":[15.62157,2.1750832,8.199344],"angle":22.5,"axis":"y"}}],"display":{"gui":{"rotation":[30,225,0]}}}