{"textures":{"0":"modelengine:entity/pa_warped_toad"},"elements":[{"from":[0.0,8.0,5.0],"to":[6.0,15.0,16.0],"faces":{"east":{"uv":[5.0,7.625,6.375,8.5],"tintindex":0,"rotation":0,"texture":"#0"},"south":{"uv":[8.5,7.625,9.25,8.5],"tintindex":0,"rotation":0,"texture":"#0"},"north":{"uv":[6.375,7.625,7.125,8.5],"tintindex":0,"rotation":0,"texture":"#0"},"west":{"uv":[7.125,7.625,8.5,8.5],"tintindex":0,"rotation":0,"texture":"#0"},"up":{"uv":[7.125,7.625,6.375,6.25],"tintindex":0,"rotation":0,"texture":"#0"},"down":{"uv":[7.875,6.25,7.125,7.625],"tintindex":0,"rotation":0,"texture":"#0"}}},{"from":[-1.0,8.0,-3.0],"to":[5.0,8.0,3.0],"faces":{"up":{"uv":[4.75,7.5,4.0,6.75],"tintindex":0,"rotation":0,"texture":"#0"},"down":{"uv":[5.5,6.75,4.75,7.5],"tintindex":0,"rotation":0,"texture":"#0"}}},{"from":[-6.0,8.0,6.0],"to":[4.0,9.0,10.0],"faces":{"east":{"uv":[8.0,6.75,8.5,6.875],"tintindex":0,"rotation":0,"texture":"#0"},"south":{"uv":[10.25,6.75,11.5,6.875],"tintindex":0,"rotation":0,"texture":"#0"},"north":{"uv":[8.5,6.75,9.75,6.875],"tintindex":0,"rotation":0,"texture":"#0"},"west":{"uv":[9.75,6.75,10.25,6.875],"tintindex":0,"rotation":0,"texture":"#0"},"up":{"uv":[9.75,6.75,8.5,6.25],"tintindex":0,"rotation":0,"texture":"#0"},"down":{"uv":[11.0,6.25,9.75,6.75],"tintindex":0,"rotation":0,"texture":"#0"}}},{"from":[11.0,8.0,-3.0],"to":[17.0,8.0,3.0],"faces":{"up":{"uv":[4.0,7.5,3.25,6.75],"tintindex":0,"rotation":0,"texture":"#0"},"down":{"uv":[4.75,6.75,4.0,7.5],"tintindex":0,"rotation":0,"texture":"#0"}},"rotation":{"origin":[14.0,8.0,8.0],"angle":-45.0,"axis":"z"}},{"from":[-1.0,8.0,-2.0],"to":[2.0,15.0,2.0],"faces":{"east":{"uv":[6.25,9.125,6.75,10.0],"tintindex":0,"rotation":0,"texture":"#0"},"south":{"uv":[7.625,9.125,8.0,10.0],"tintindex":0,"rotation":0,"texture":"#0"},"north":{"uv":[6.75,9.125,7.125,10.0],"tintindex":0,"rotation":0,"texture":"#0"},"west":{"uv":[7.125,9.125,7.625,10.0],"tintindex":0,"rotation":0,"texture":"#0"},"up":{"uv":[7.125,9.125,6.75,8.625],"tintindex":0,"rotation":0,"texture":"#0"},"down":{"uv":[7.5,8.625,7.125,9.125],"tintindex":0,"rotation":0,"texture":"#0"}}},{"from":[10.0,8.0,5.0],"to":[16.0,15.0,16.0],"faces":{"east":{"uv":[5.0,7.625,6.375,8.5],"tintindex":0,"rotation":0,"texture":"#0"},"south":{"uv":[8.5,7.625,9.25,8.5],"tintindex":0,"rotation":0,"texture":"#0"},"north":{"uv":[6.375,7.625,7.125,8.5],"tintindex":0,"rotation":0,"texture":"#0"},"west":{"uv":[7.125,7.625,8.5,8.5],"tintindex":0,"rotation":0,"texture":"#0"},"up":{"uv":[7.125,7.625,6.375,6.25],"tintindex":0,"rotation":0,"texture":"#0"},"down":{"uv":[7.875,6.25,7.125,7.625],"tintindex":0,"rotation":0,"texture":"#0"}},"rotation":{"origin":[13.0,8.0,10.5],"angle":-45.0,"axis":"y"}},{"from":[13.0,8.0,6.0],"to":[23.0,9.0,10.0],"faces":{"east":{"uv":[8.0,6.75,8.5,6.875],"tintindex":0,"rotation":0,"texture":"#0"},"south":{"uv":[10.25,6.75,11.5,6.875],"tintindex":0,"rotation":0,"texture":"#0"},"north":{"uv":[8.5,6.75,9.75,6.875],"tintindex":0,"rotation":0,"texture":"#0"},"west":{"uv":[9.75,6.75,10.25,6.875],"tintindex":0,"rotation":0,"texture":"#0"},"up":{"uv":[9.75,6.75,8.5,6.25],"tintindex":0,"rotation":0,"texture":"#0"},"down":{"uv":[11.0,6.25,9.75,6.75],"tintindex":0,"rotation":0,"texture":"#0"}},"rotation":{"origin":[18.0,8.0,8.0],"angle":-45.0,"axis":"y"}},{"from":[14.0,8.0,-2.0],"to":[17.0,15.0,2.0],"faces":{"east":{"uv":[6.25,9.125,6.75,10.0],"tintindex":0,"rotation":0,"texture":"#0"},"south":{"uv":[7.625,9.125,8.0,10.0],"tintindex":0,"rotation":0,"texture":"#0"},"north":{"uv":[6.75,9.125,7.125,10.0],"tintindex":0,"rotation":0,"texture":"#0"},"west":{"uv":[7.125,9.125,7.625,10.0],"tintindex":0,"rotation":0,"texture":"#0"},"up":{"uv":[7.125,9.125,6.75,8.625],"tintindex":0,"rotation":0,"texture":"#0"},"down":{"uv":[7.5,8.625,7.125,9.125],"tintindex":0,"rotation":0,"texture":"#0"}},"rotation":{"origin":[15.5,8.0,0.0],"angle":-45.0,"axis":"y"}},{"from":[1.0,11.0,2.0],"to":[15.0,22.0,14.0],"faces":{"east":{"uv":[0.0,1.5,1.5,2.875],"tintindex":0,"rotation":0,"texture":"#0"},"south":{"uv":[4.75,1.5,6.5,2.875],"tintindex":0,"rotation":0,"texture":"#0"},"north":{"uv":[1.5,1.5,3.25,2.875],"tintindex":0,"rotation":0,"texture":"#0"},"west":{"uv":[3.25,1.5,4.75,2.875],"tintindex":0,"rotation":0,"texture":"#0"},"up":{"uv":[3.25,1.5,1.5,0.0],"tintindex":0,"rotation":0,"texture":"#0"},"down":{"uv":[5.0,0.0,3.25,1.5],"tintindex":0,"rotation":0,"texture":"#0"}}},{"from":[8.0,8.0,8.0],"to":[9.0,9.0,9.0],"faces":{"east":{"uv":[5.25,7.375,5.375,7.5],"tintindex":0,"rotation":0,"texture":"#0"},"south":{"uv":[5.625,7.375,5.75,7.5],"tintindex":0,"rotation":0,"texture":"#0"},"north":{"uv":[5.375,7.375,5.5,7.5],"tintindex":0,"rotation":0,"texture":"#0"},"west":{"uv":[5.5,7.375,5.625,7.5],"tintindex":0,"rotation":0,"texture":"#0"},"up":{"uv":[5.5,7.375,5.375,7.25],"tintindex":0,"rotation":0,"texture":"#0"},"down":{"uv":[5.625,7.25,5.5,7.375],"tintindex":0,"rotation":0,"texture":"#0"}}}]}