{"textures":{"0":"modelengine:entity/pa_warped_toad"},"elements":[{"from":[8.0,8.0,2.0],"to":[13.0,12.0,10.0],"faces":{"east":{"uv":[0.0,9.25,1.0,9.75],"tintindex":0,"rotation":0,"texture":"#0"},"south":{"uv":[2.625,9.25,3.25,9.75],"tintindex":0,"rotation":0,"texture":"#0"},"north":{"uv":[1.0,9.25,1.625,9.75],"tintindex":0,"rotation":0,"texture":"#0"},"west":{"uv":[1.625,9.25,2.625,9.75],"tintindex":0,"rotation":0,"texture":"#0"},"up":{"uv":[1.625,9.25,1.0,8.25],"tintindex":0,"rotation":0,"texture":"#0"},"down":{"uv":[2.25,8.25,1.625,9.25],"tintindex":0,"rotation":0,"texture":"#0"}},"rotation":{"origin":[10.5,-3.0,6.0],"angle":-45.0,"axis":"y"}}]}