{"textures":{"0":"modelengine:entity/pa_warped_toad"},"elements":[{"from":[1.0,24.0,-6.0],"to":[4.0,26.0,-2.0],"faces":{"east":{"uv":[2.375,8.75,2.875,9.0],"tintindex":0,"rotation":0,"texture":"#0"},"south":{"uv":[3.75,8.75,4.125,9.0],"tintindex":0,"rotation":0,"texture":"#0"},"north":{"uv":[2.875,8.75,3.25,9.0],"tintindex":0,"rotation":0,"texture":"#0"},"west":{"uv":[3.25,8.75,3.75,9.0],"tintindex":0,"rotation":0,"texture":"#0"},"up":{"uv":[3.25,8.75,2.875,8.25],"tintindex":0,"rotation":0,"texture":"#0"},"down":{"uv":[3.625,8.25,3.25,8.75],"tintindex":0,"rotation":0,"texture":"#0"}}},{"from":[1.0,22.0,-6.0],"to":[6.0,24.0,0.0],"faces":{"east":{"uv":[3.375,9.375,4.125,9.625],"tintindex":0,"rotation":0,"texture":"#0"},"south":{"uv":[5.5,9.375,6.125,9.625],"tintindex":0,"rotation":0,"texture":"#0"},"north":{"uv":[4.125,9.375,4.75,9.625],"tintindex":0,"rotation":0,"texture":"#0"},"west":{"uv":[4.75,9.375,5.5,9.625],"tintindex":0,"rotation":0,"texture":"#0"},"up":{"uv":[4.75,9.375,4.125,8.625],"tintindex":0,"rotation":0,"texture":"#0"},"down":{"uv":[5.375,8.625,4.75,9.375],"tintindex":0,"rotation":0,"texture":"#0"}}}]}