{"textures":{"0":"modelengine:entity/pa_warped_toad"},"elements":[{"from":[1.0,1.0,1.0],"to":[15.0,8.0,12.0],"faces":{"east":{"uv":[0.0,4.375,1.375,5.25],"tintindex":0,"rotation":0,"texture":"#0"},"south":{"uv":[4.5,4.375,6.25,5.25],"tintindex":0,"rotation":0,"texture":"#0"},"north":{"uv":[1.375,4.375,3.125,5.25],"tintindex":0,"rotation":0,"texture":"#0"},"west":{"uv":[3.125,4.375,4.5,5.25],"tintindex":0,"rotation":0,"texture":"#0"},"up":{"uv":[3.125,4.375,1.375,3.0],"tintindex":0,"rotation":0,"texture":"#0"},"down":{"uv":[4.875,3.0,3.125,4.375],"tintindex":0,"rotation":0,"texture":"#0"}}},{"from":[1.1,1.1,1.1],"to":[14.9,5.9,11.9],"faces":{"east":{"uv":[5.25,3.0,6.625,3.625],"tintindex":0,"rotation":0,"texture":"#0"},"south":{"uv":[9.75,3.0,11.5,3.625],"tintindex":0,"rotation":0,"texture":"#0"},"north":{"uv":[6.625,3.0,8.375,3.625],"tintindex":0,"rotation":0,"texture":"#0"},"west":{"uv":[8.375,3.0,9.75,3.625],"tintindex":0,"rotation":0,"texture":"#0"},"up":{"uv":[8.375,3.0,6.625,1.625],"tintindex":0,"rotation":0,"texture":"#0"},"down":{"uv":[10.125,1.625,8.375,3.0],"tintindex":0,"rotation":0,"texture":"#0"}}},{"from":[1.0,6.0,1.0],"to":[15.0,6.0,12.0],"faces":{"up":{"uv":[10.0,1.375,8.25,0.0],"tintindex":0,"rotation":0,"texture":"#0"},"down":{"uv":[11.75,0.0,10.0,1.375],"tintindex":0,"rotation":0,"texture":"#0"}}}]}