{"textures":{"0":"modelengine:entity/pa_warped_toad"},"elements":[{"from":[1.0,6.0,-2.0],"to":[15.0,12.0,9.0],"faces":{"east":{"uv":[5.0,5.375,6.375,6.125],"tintindex":0,"rotation":0,"texture":"#0"},"south":{"uv":[9.5,5.375,11.25,6.125],"tintindex":0,"rotation":0,"texture":"#0"},"north":{"uv":[6.375,5.375,8.125,6.125],"tintindex":0,"rotation":0,"texture":"#0"},"west":{"uv":[8.125,5.375,9.5,6.125],"tintindex":0,"rotation":0,"texture":"#0"},"up":{"uv":[8.125,5.375,6.375,4.0],"tintindex":0,"rotation":0,"texture":"#0"},"down":{"uv":[9.875,4.0,8.125,5.375],"tintindex":0,"rotation":0,"texture":"#0"}}},{"from":[1.0,8.01,-2.0],"to":[15.0,8.01,9.0],"faces":{"up":{"uv":[3.125,6.75,1.375,5.375],"tintindex":0,"rotation":0,"texture":"#0"},"down":{"uv":[4.875,5.375,3.125,6.75],"tintindex":0,"rotation":0,"texture":"#0"}}}]}