{"textures":{"0":"modelengine:entity/pa_warped_toad"},"elements":[{"from":[12.0,24.0,-6.0],"to":[15.0,26.0,-2.0],"faces":{"east":{"uv":[9.5,9.0,10.0,9.25],"tintindex":0,"rotation":0,"texture":"#0"},"south":{"uv":[10.875,9.0,11.25,9.25],"tintindex":0,"rotation":0,"texture":"#0"},"north":{"uv":[10.0,9.0,10.375,9.25],"tintindex":0,"rotation":0,"texture":"#0"},"west":{"uv":[10.375,9.0,10.875,9.25],"tintindex":0,"rotation":0,"texture":"#0"},"up":{"uv":[10.375,9.0,10.0,8.5],"tintindex":0,"rotation":0,"texture":"#0"},"down":{"uv":[10.75,8.5,10.375,9.0],"tintindex":0,"rotation":0,"texture":"#0"}}},{"from":[10.0,22.0,-6.0],"to":[15.0,24.0,0.0],"faces":{"east":{"uv":[6.25,12.625,7.0,12.875],"tintindex":0,"rotation":0,"texture":"#0"},"south":{"uv":[8.375,12.625,9.0,12.875],"tintindex":0,"rotation":0,"texture":"#0"},"north":{"uv":[7.0,12.625,7.625,12.875],"tintindex":0,"rotation":0,"texture":"#0"},"west":{"uv":[7.625,12.625,8.375,12.875],"tintindex":0,"rotation":0,"texture":"#0"},"up":{"uv":[7.625,12.625,7.0,11.875],"tintindex":0,"rotation":0,"texture":"#0"},"down":{"uv":[8.25,11.875,7.625,12.625],"tintindex":0,"rotation":0,"texture":"#0"}}}]}