{"textures":{"0":"modelengine:entity/pa_warped_toad"},"elements":[{"from":[3.0,8.0,2.0],"to":[8.0,12.0,10.0],"faces":{"east":{"uv":[2.875,12.5,3.875,13.0],"tintindex":0,"rotation":0,"texture":"#0"},"south":{"uv":[5.5,12.5,6.125,13.0],"tintindex":0,"rotation":0,"texture":"#0"},"north":{"uv":[3.875,12.5,4.5,13.0],"tintindex":0,"rotation":0,"texture":"#0"},"west":{"uv":[4.5,12.5,5.5,13.0],"tintindex":0,"rotation":0,"texture":"#0"},"up":{"uv":[4.5,12.5,3.875,11.5],"tintindex":0,"rotation":0,"texture":"#0"},"down":{"uv":[5.125,11.5,4.5,12.5],"tintindex":0,"rotation":0,"texture":"#0"}}}]}