{"textures":{"0":"modelengine:entity/arquero_demoniaco_gm"},"elements":[{"from":[5.2,2.8999996,4.5],"to":[10.9,4.3999996,8.2],"faces":{"east":{"uv":[0.0,6.5,0.75,6.75],"tintindex":0,"rotation":0,"texture":"#0"},"south":{"uv":[2.75,6.5,4.0,6.75],"tintindex":0,"rotation":0,"texture":"#0"},"north":{"uv":[0.75,6.5,2.0,6.75],"tintindex":0,"rotation":0,"texture":"#0"},"west":{"uv":[2.0,6.5,2.75,6.75],"tintindex":0,"rotation":0,"texture":"#0"},"up":{"uv":[2.0,6.5,0.75,5.75],"tintindex":0,"rotation":0,"texture":"#0"},"down":{"uv":[3.25,5.75,2.0,6.5],"tintindex":0,"rotation":0,"texture":"#0"}}},{"from":[5.9,3.0,4.9],"to":[10.1,8.0,8.0],"faces":{"east":{"uv":[4.75,6.25,5.5,7.5],"tintindex":0,"rotation":0,"texture":"#0"},"south":{"uv":[7.25,6.25,8.25,7.5],"tintindex":0,"rotation":0,"texture":"#0"},"north":{"uv":[5.5,6.25,6.5,7.5],"tintindex":0,"rotation":0,"texture":"#0"},"west":{"uv":[6.5,6.25,7.25,7.5],"tintindex":0,"rotation":0,"texture":"#0"},"up":{"uv":[6.5,6.25,5.5,5.5],"tintindex":0,"rotation":0,"texture":"#0"},"down":{"uv":[7.5,5.5,6.5,6.25],"tintindex":0,"rotation":0,"texture":"#0"}}}]}