{"textures":{"0":"modelengine:entity/arquero_demoniaco_gm"},"elements":[{"from":[6.0,2.0,5.8],"to":[9.0,8.2,8.4],"faces":{"east":{"uv":[2.5,7.5,3.0,9.0],"tintindex":0,"rotation":0,"texture":"#0"},"south":{"uv":[4.25,7.5,5.0,9.0],"tintindex":0,"rotation":0,"texture":"#0"},"north":{"uv":[3.0,7.5,3.75,9.0],"tintindex":0,"rotation":0,"texture":"#0"},"west":{"uv":[3.75,7.5,4.25,9.0],"tintindex":0,"rotation":0,"texture":"#0"},"up":{"uv":[3.75,7.5,3.0,7.0],"tintindex":0,"rotation":0,"texture":"#0"},"down":{"uv":[4.5,7.0,3.75,7.5],"tintindex":0,"rotation":0,"texture":"#0"}}}]}