{"textures":{"0":"modelengine:entity/arquero_demoniaco_gm"},"elements":[{"from":[7.0,2.0,5.8],"to":[10.0,8.2,8.4],"faces":{"east":{"uv":[7.25,1.75,7.75,3.25],"tintindex":0,"rotation":0,"texture":"#0"},"south":{"uv":[9.0,1.75,9.75,3.25],"tintindex":0,"rotation":0,"texture":"#0"},"north":{"uv":[7.75,1.75,8.5,3.25],"tintindex":0,"rotation":0,"texture":"#0"},"west":{"uv":[8.5,1.75,9.0,3.25],"tintindex":0,"rotation":0,"texture":"#0"},"up":{"uv":[8.5,1.75,7.75,1.25],"tintindex":0,"rotation":0,"texture":"#0"},"down":{"uv":[9.25,1.25,8.5,1.75],"tintindex":0,"rotation":0,"texture":"#0"}}}]}