{"textures":{"0":"modelengine:entity/arquero_demoniaco_gm"},"elements":[{"from":[8.0,1.9000001,6.5],"to":[9.0,3.0,8.3],"faces":{"east":{"uv":[6.0,2.0,6.25,2.25],"tintindex":0,"rotation":0,"texture":"#0"},"south":{"uv":[6.75,2.0,7.0,2.25],"tintindex":0,"rotation":0,"texture":"#0"},"north":{"uv":[6.25,2.0,6.5,2.25],"tintindex":0,"rotation":0,"texture":"#0"},"west":{"uv":[6.5,2.0,6.75,2.25],"tintindex":0,"rotation":0,"texture":"#0"},"up":{"uv":[6.5,2.0,6.25,1.75],"tintindex":0,"rotation":0,"texture":"#0"},"down":{"uv":[6.75,1.75,6.5,2.0],"tintindex":0,"rotation":0,"texture":"#0"}}},{"from":[7.0,1.9000001,6.8],"to":[8.0,2.9,8.3],"faces":{"east":{"uv":[6.0,1.5,6.25,1.75],"tintindex":0,"rotation":0,"texture":"#0"},"south":{"uv":[6.75,1.5,7.0,1.75],"tintindex":0,"rotation":0,"texture":"#0"},"north":{"uv":[6.25,1.5,6.5,1.75],"tintindex":0,"rotation":0,"texture":"#0"},"west":{"uv":[6.5,1.5,6.75,1.75],"tintindex":0,"rotation":0,"texture":"#0"},"up":{"uv":[6.5,1.5,6.25,1.25],"tintindex":0,"rotation":0,"texture":"#0"},"down":{"uv":[6.75,1.25,6.5,1.5],"tintindex":0,"rotation":0,"texture":"#0"}},"rotation":{"origin":[7.5,2.4499998,7.55],"angle":22.5,"axis":"y"}},{"from":[7.4,2.0,8.0],"to":[9.7,8.1,10.3],"faces":{"east":{"uv":[4.5,9.25,5.0,10.75],"tintindex":0,"rotation":0,"texture":"#0"},"south":{"uv":[6.0,9.25,6.5,10.75],"tintindex":0,"rotation":0,"texture":"#0"},"north":{"uv":[5.0,9.25,5.5,10.75],"tintindex":0,"rotation":0,"texture":"#0"},"west":{"uv":[5.5,9.25,6.0,10.75],"tintindex":0,"rotation":0,"texture":"#0"},"up":{"uv":[5.5,9.25,5.0,8.75],"tintindex":0,"rotation":0,"texture":"#0"},"down":{"uv":[6.0,8.75,5.5,9.25],"tintindex":0,"rotation":0,"texture":"#0"}}},{"from":[9.1,1.9000001,6.8],"to":[10.1,2.9,8.3],"faces":{"east":{"uv":[6.0,2.5,6.25,2.75],"tintindex":0,"rotation":0,"texture":"#0"},"south":{"uv":[6.75,2.5,7.0,2.75],"tintindex":0,"rotation":0,"texture":"#0"},"north":{"uv":[6.25,2.5,6.5,2.75],"tintindex":0,"rotation":0,"texture":"#0"},"west":{"uv":[6.5,2.5,6.75,2.75],"tintindex":0,"rotation":0,"texture":"#0"},"up":{"uv":[6.5,2.5,6.25,2.25],"tintindex":0,"rotation":0,"texture":"#0"},"down":{"uv":[6.75,2.25,6.5,2.5],"tintindex":0,"rotation":0,"texture":"#0"}},"rotation":{"origin":[9.6,2.4499998,7.55],"angle":-22.5,"axis":"y"}}]}