{"textures":{"0":"modelengine:entity/arquero_demoniaco_gm"},"elements":[{"from":[8.1,1.9000001,6.8],"to":[9.1,2.9,8.3],"faces":{"east":{"uv":[4.25,6.0,4.5,6.25],"tintindex":0,"rotation":0,"texture":"#0"},"south":{"uv":[5.0,6.0,5.25,6.25],"tintindex":0,"rotation":0,"texture":"#0"},"north":{"uv":[4.5,6.0,4.75,6.25],"tintindex":0,"rotation":0,"texture":"#0"},"west":{"uv":[4.75,6.0,5.0,6.25],"tintindex":0,"rotation":0,"texture":"#0"},"up":{"uv":[4.75,6.0,4.5,5.75],"tintindex":0,"rotation":0,"texture":"#0"},"down":{"uv":[5.0,5.75,4.75,6.0],"tintindex":0,"rotation":0,"texture":"#0"}},"rotation":{"origin":[8.6,2.4499998,7.55],"angle":-22.5,"axis":"y"}},{"from":[7.0,1.9000001,6.5],"to":[8.0,3.0,8.3],"faces":{"east":{"uv":[0.0,5.25,0.25,5.5],"tintindex":0,"rotation":0,"texture":"#0"},"south":{"uv":[0.75,5.25,1.0,5.5],"tintindex":0,"rotation":0,"texture":"#0"},"north":{"uv":[0.25,5.25,0.5,5.5],"tintindex":0,"rotation":0,"texture":"#0"},"west":{"uv":[0.5,5.25,0.75,5.5],"tintindex":0,"rotation":0,"texture":"#0"},"up":{"uv":[0.5,5.25,0.25,5.0],"tintindex":0,"rotation":0,"texture":"#0"},"down":{"uv":[0.75,5.0,0.5,5.25],"tintindex":0,"rotation":0,"texture":"#0"}}},{"from":[6.4,2.0,8.0],"to":[8.7,8.1,10.3],"faces":{"east":{"uv":[0.0,9.25,0.5,10.75],"tintindex":0,"rotation":0,"texture":"#0"},"south":{"uv":[1.5,9.25,2.0,10.75],"tintindex":0,"rotation":0,"texture":"#0"},"north":{"uv":[0.5,9.25,1.0,10.75],"tintindex":0,"rotation":0,"texture":"#0"},"west":{"uv":[1.0,9.25,1.5,10.75],"tintindex":0,"rotation":0,"texture":"#0"},"up":{"uv":[1.0,9.25,0.5,8.75],"tintindex":0,"rotation":0,"texture":"#0"},"down":{"uv":[1.5,8.75,1.0,9.25],"tintindex":0,"rotation":0,"texture":"#0"}}},{"from":[6.0,1.9000001,6.8],"to":[7.0,2.9,8.3],"faces":{"east":{"uv":[1.0,5.25,1.25,5.5],"tintindex":0,"rotation":0,"texture":"#0"},"south":{"uv":[1.75,5.25,2.0,5.5],"tintindex":0,"rotation":0,"texture":"#0"},"north":{"uv":[1.25,5.25,1.5,5.5],"tintindex":0,"rotation":0,"texture":"#0"},"west":{"uv":[1.5,5.25,1.75,5.5],"tintindex":0,"rotation":0,"texture":"#0"},"up":{"uv":[1.5,5.25,1.25,5.0],"tintindex":0,"rotation":0,"texture":"#0"},"down":{"uv":[1.75,5.0,1.5,5.25],"tintindex":0,"rotation":0,"texture":"#0"}},"rotation":{"origin":[6.5,2.4499998,7.55],"angle":22.5,"axis":"y"}}]}