{"textures":{"0":"modelengine:entity/guardian_nomuerto_hacha"},"elements":[{"from":[8.363131,7.8743873,20.08044],"to":[11.910631,8.519387,22.66044],"faces":{"east":{"uv":[4.875,6.0,5.875,6.25],"tintindex":0,"rotation":0,"texture":"#0"},"south":{"uv":[5.5,2.25,6.875,2.5],"tintindex":0,"rotation":0,"texture":"#0"},"north":{"uv":[5.5,2.0,6.875,2.25],"tintindex":0,"rotation":0,"texture":"#0"},"west":{"uv":[5.875,6.0,6.875,6.25],"tintindex":0,"rotation":0,"texture":"#0"},"up":{"uv":[2.125,6.0,0.75,5.0],"tintindex":0,"rotation":0,"texture":"#0"},"down":{"uv":[3.5,5.0,2.125,6.0],"tintindex":0,"rotation":0,"texture":"#0"}}},{"from":[10.604401,8.078846,17.195307],"to":[14.151901,8.723846,22.677807],"faces":{"east":{"uv":[5.5,0.0,7.625,0.25],"tintindex":0,"rotation":0,"texture":"#0"},"south":{"uv":[5.5,3.25,6.875,3.5],"tintindex":0,"rotation":0,"texture":"#0"},"north":{"uv":[5.5,3.0,6.875,3.25],"tintindex":0,"rotation":0,"texture":"#0"},"west":{"uv":[5.5,0.25,7.625,0.5],"tintindex":0,"rotation":0,"texture":"#0"},"up":{"uv":[1.375,2.125,0.0,0.0],"tintindex":0,"rotation":0,"texture":"#0"},"down":{"uv":[2.75,0.0,1.375,2.125],"tintindex":0,"rotation":0,"texture":"#0"}},"rotation":{"origin":[12.378151,8.401346,19.936558],"angle":45.0,"axis":"y"}},{"from":[4.1706305,7.8743873,20.08044],"to":[7.7181306,8.519387,22.66044],"faces":{"east":{"uv":[0.75,6.25,1.75,6.5],"tintindex":0,"rotation":0,"texture":"#0"},"south":{"uv":[5.5,2.75,6.875,3.0],"tintindex":0,"rotation":0,"texture":"#0"},"north":{"uv":[5.5,2.5,6.875,2.75],"tintindex":0,"rotation":0,"texture":"#0"},"west":{"uv":[1.75,6.25,2.75,6.5],"tintindex":0,"rotation":0,"texture":"#0"},"up":{"uv":[4.875,6.0,3.5,5.0],"tintindex":0,"rotation":0,"texture":"#0"},"down":{"uv":[6.25,5.0,4.875,6.0],"tintindex":0,"rotation":0,"texture":"#0"}}},{"from":[1.471036,7.8944407,17.037159],"to":[5.018536,8.53944,22.519659],"faces":{"east":{"uv":[5.5,0.5,7.625,0.75],"tintindex":0,"rotation":0,"texture":"#0"},"south":{"uv":[5.5,3.75,6.875,4.0],"tintindex":0,"rotation":0,"texture":"#0"},"north":{"uv":[5.5,3.5,6.875,3.75],"tintindex":0,"rotation":0,"texture":"#0"},"west":{"uv":[5.5,0.75,7.625,1.0],"tintindex":0,"rotation":0,"texture":"#0"},"up":{"uv":[1.375,4.25,0.0,2.125],"tintindex":0,"rotation":0,"texture":"#0"},"down":{"uv":[2.75,2.125,1.375,4.25],"tintindex":0,"rotation":0,"texture":"#0"}},"rotation":{"origin":[3.2447863,8.21694,19.778408],"angle":-45.0,"axis":"y"}},{"from":[8.656365,6.67428,7.638764],"to":[9.623865,7.64178,23.763763],"faces":{"east":{"uv":[0.0,4.25,6.25,4.625],"tintindex":0,"rotation":0,"texture":"#0"},"south":{"uv":[3.125,6.25,3.5,6.625],"tintindex":0,"rotation":0,"texture":"#0"},"north":{"uv":[2.75,6.25,3.125,6.625],"tintindex":0,"rotation":0,"texture":"#0"},"west":{"uv":[0.0,4.625,6.25,5.0],"tintindex":0,"rotation":0,"texture":"#0"},"up":{"uv":[0.375,11.25,0.0,5.0],"tintindex":0,"rotation":0,"texture":"#0"},"down":{"uv":[0.75,5.0,0.375,11.25],"tintindex":0,"rotation":0,"texture":"#0"}},"rotation":{"origin":[7.2922144,6.2931643,-2.5766287],"angle":45.0,"axis":"z"}},{"from":[11.066963,8.1104765,20.269497],"to":[14.614463,8.755477,25.751999],"faces":{"east":{"uv":[5.5,1.0,7.625,1.25],"tintindex":0,"rotation":0,"texture":"#0"},"south":{"uv":[0.75,6.0,2.125,6.25],"tintindex":0,"rotation":0,"texture":"#0"},"north":{"uv":[5.5,4.0,6.875,4.25],"tintindex":0,"rotation":0,"texture":"#0"},"west":{"uv":[5.5,1.25,7.625,1.5],"tintindex":0,"rotation":0,"texture":"#0"},"up":{"uv":[4.125,2.125,2.75,0.0],"tintindex":0,"rotation":0,"texture":"#0"},"down":{"uv":[4.125,2.125,2.75,4.25],"tintindex":0,"rotation":0,"texture":"#0"}},"rotation":{"origin":[12.195713,8.432977,23.010748],"angle":-45.0,"axis":"y"}},{"from":[1.550942,7.8404894,20.571115],"to":[5.098442,8.485489,26.053616],"faces":{"east":{"uv":[5.5,1.5,7.625,1.75],"tintindex":0,"rotation":0,"texture":"#0"},"south":{"uv":[3.5,6.0,4.875,6.25],"tintindex":0,"rotation":0,"texture":"#0"},"north":{"uv":[2.125,6.0,3.5,6.25],"tintindex":0,"rotation":0,"texture":"#0"},"west":{"uv":[5.5,1.75,7.625,2.0],"tintindex":0,"rotation":0,"texture":"#0"},"up":{"uv":[5.5,2.125,4.125,0.0],"tintindex":0,"rotation":0,"texture":"#0"},"down":{"uv":[5.5,2.125,4.125,4.25],"tintindex":0,"rotation":0,"texture":"#0"}},"rotation":{"origin":[3.3246922,8.16299,23.312366],"angle":45.0,"axis":"y"}}],"display":{"gui":{"rotation":[30,225,0]}}}