{"textures":{"0":"modelengine:entity/pa_crimson_monsquito"},"elements":[{"from":[7.0,17.0,0.0],"to":[7.0,25.0,3.0],"faces":{"east":{"uv":[0.0,0.25,0.375,1.25],"tintindex":0,"rotation":0,"texture":"#0"},"west":{"uv":[0.375,0.25,0.75,1.25],"tintindex":0,"rotation":0,"texture":"#0"}},"rotation":{"origin":[8.0,18.0,1.0],"angle":-45.0,"axis":"x"}},{"from":[6.0,16.0,2.0],"to":[10.0,20.0,6.0],"faces":{"east":{"uv":[8.5,8.625,8.0,9.125],"tintindex":0,"rotation":0,"texture":"#0"},"south":{"uv":[9.0,8.625,8.5,9.125],"tintindex":0,"rotation":0,"texture":"#0"},"north":{"uv":[8.0,8.625,7.5,9.125],"tintindex":0,"rotation":0,"texture":"#0"},"west":{"uv":[7.5,8.625,7.0,9.125],"tintindex":0,"rotation":0,"texture":"#0"},"up":{"uv":[7.5,8.625,8.0,8.125],"tintindex":0,"rotation":0,"texture":"#0"},"down":{"uv":[8.0,8.125,8.5,8.625],"tintindex":0,"rotation":0,"texture":"#0"}}},{"from":[-12.0,8.0,9.0],"to":[6.0,23.0,9.0],"faces":{"south":{"uv":[7.0,0.0,9.25,1.875],"tintindex":0,"rotation":0,"texture":"#0"},"north":{"uv":[4.75,0.0,7.0,1.875],"tintindex":0,"rotation":0,"texture":"#0"}},"rotation":{"origin":[6.0,8.0,8.0],"angle":45.0,"axis":"y"}},{"from":[8.0,8.0,9.0],"to":[26.0,23.0,9.0],"faces":{"south":{"uv":[2.25,2.5,4.5,4.375],"tintindex":0,"rotation":0,"texture":"#0"},"north":{"uv":[0.0,2.5,2.25,4.375],"tintindex":0,"rotation":0,"texture":"#0"}},"rotation":{"origin":[10.0,8.0,13.0],"angle":-45.0,"axis":"y"}},{"from":[11.1,20.0,8.0],"to":[11.1,25.0,27.0],"faces":{"east":{"uv":[5.25,6.625,7.625,7.25],"tintindex":0,"rotation":0,"texture":"#0"},"west":{"uv":[7.625,6.625,10.0,7.25],"tintindex":0,"rotation":0,"texture":"#0"}},"rotation":{"origin":[8.0,8.0,9.0],"angle":22.5,"axis":"y"}},{"from":[9.0,8.0,8.0],"to":[27.0,23.0,8.0],"faces":{"south":{"uv":[2.25,2.375,4.5,4.25],"tintindex":0,"rotation":0,"texture":"#0"},"north":{"uv":[0.0,2.375,2.25,4.25],"tintindex":0,"rotation":0,"texture":"#0"}},"rotation":{"origin":[11.0,8.0,8.0],"angle":45.0,"axis":"y"}},{"from":[-12.0,8.0,9.0],"to":[6.0,23.0,9.0],"faces":{"south":{"uv":[7.0,0.0,9.25,1.875],"tintindex":0,"rotation":0,"texture":"#0"},"north":{"uv":[4.75,0.0,7.0,1.875],"tintindex":0,"rotation":0,"texture":"#0"}}},{"from":[9.0,8.0,9.0],"to":[27.0,23.0,9.0],"faces":{"south":{"uv":[2.25,2.375,4.5,4.25],"tintindex":0,"rotation":0,"texture":"#0"},"north":{"uv":[0.0,2.375,2.25,4.25],"tintindex":0,"rotation":0,"texture":"#0"}}},{"from":[9.0,17.0,0.0],"to":[9.0,25.0,3.0],"faces":{"east":{"uv":[0.0,0.25,0.375,1.25],"tintindex":0,"rotation":0,"texture":"#0"},"west":{"uv":[0.375,0.25,0.75,1.25],"tintindex":0,"rotation":0,"texture":"#0"}},"rotation":{"origin":[8.0,18.0,1.0],"angle":-45.0,"axis":"x"}},{"from":[5.0,16.0,6.0],"to":[11.0,22.0,12.0],"faces":{"east":{"uv":[6.125,8.875,5.375,9.625],"tintindex":0,"rotation":0,"texture":"#0"},"south":{"uv":[6.875,8.875,6.125,9.625],"tintindex":0,"rotation":0,"texture":"#0"},"north":{"uv":[5.375,8.875,4.625,9.625],"tintindex":0,"rotation":0,"texture":"#0"},"west":{"uv":[4.625,8.875,3.875,9.625],"tintindex":0,"rotation":0,"texture":"#0"},"up":{"uv":[4.625,8.875,5.375,8.125],"tintindex":0,"rotation":0,"texture":"#0"},"down":{"uv":[5.375,8.125,6.125,8.875],"tintindex":0,"rotation":0,"texture":"#0"}}},{"from":[4.9,20.0,8.0],"to":[4.9,25.0,27.0],"faces":{"east":{"uv":[2.75,7.375,5.125,8.0],"tintindex":0,"rotation":0,"texture":"#0"},"west":{"uv":[5.125,7.375,7.5,8.0],"tintindex":0,"rotation":0,"texture":"#0"}},"rotation":{"origin":[8.0,8.0,9.0],"angle":-22.5,"axis":"y"}},{"from":[-12.0,8.0,6.0],"to":[6.0,22.0,6.0],"faces":{"south":{"uv":[7.0,0.125,9.25,1.875],"tintindex":0,"rotation":0,"texture":"#0"},"north":{"uv":[4.75,0.125,7.0,1.875],"tintindex":0,"rotation":0,"texture":"#0"}},"rotation":{"origin":[4.0,8.0,5.0],"angle":-45.0,"axis":"y"}},{"from":[6.0,17.0,12.0],"to":[10.0,21.0,28.0],"faces":{"east":{"uv":[6.0,12.375,8.0,12.875],"tintindex":0,"rotation":0,"texture":"#0"},"south":{"uv":[10.5,12.375,11.0,12.875],"tintindex":0,"rotation":0,"texture":"#0"},"north":{"uv":[8.0,12.375,8.5,12.875],"tintindex":0,"rotation":0,"texture":"#0"},"west":{"uv":[8.5,12.375,10.5,12.875],"tintindex":0,"rotation":0,"texture":"#0"},"up":{"uv":[8.5,12.375,8.0,10.375],"tintindex":0,"rotation":0,"texture":"#0"},"down":{"uv":[9.0,10.375,8.5,12.375],"tintindex":0,"rotation":0,"texture":"#0"}}},{"from":[7.5,18.0,1.0],"to":[8.5,26.0,2.0],"faces":{"east":{"uv":[2.875,0.125,3.0,1.125],"tintindex":0,"rotation":0,"texture":"#0"},"south":{"uv":[3.25,0.125,3.375,1.125],"tintindex":0,"rotation":0,"texture":"#0"},"north":{"uv":[3.0,0.125,3.125,1.125],"tintindex":0,"rotation":0,"texture":"#0"},"west":{"uv":[3.125,0.125,3.25,1.125],"tintindex":0,"rotation":0,"texture":"#0"},"up":{"uv":[3.125,0.125,3.0,0.0],"tintindex":0,"rotation":0,"texture":"#0"},"down":{"uv":[3.25,0.0,3.125,0.125],"tintindex":0,"rotation":0,"texture":"#0"}},"rotation":{"origin":[8.0,18.0,2.0],"angle":-45.0,"axis":"x"}}]}