{"textures":{"0":"modelengine:entity/yagorath_clinger"},"elements":[{"from":[6.0,17.0,6.0],"to":[10.0,18.0,10.0],"faces":{"east":{"uv":[6.0,4.0,7.0,4.25],"tintindex":0,"rotation":0,"texture":"#0"},"south":{"uv":[9.0,4.0,10.0,4.25],"tintindex":0,"rotation":0,"texture":"#0"},"north":{"uv":[7.0,4.0,8.0,4.25],"tintindex":0,"rotation":0,"texture":"#0"},"west":{"uv":[8.0,4.0,9.0,4.25],"tintindex":0,"rotation":0,"texture":"#0"},"up":{"uv":[8.0,4.0,7.0,3.0],"tintindex":0,"rotation":0,"texture":"#0"},"down":{"uv":[9.0,3.0,8.0,4.0],"tintindex":0,"rotation":0,"texture":"#0"}}},{"from":[2.0,10.0,8.0],"to":[5.0,16.0,8.0],"faces":{"south":{"uv":[12.75,6.25,13.5,7.75],"tintindex":0,"rotation":0,"texture":"#0"},"north":{"uv":[12.0,6.25,12.75,7.75],"tintindex":0,"rotation":0,"texture":"#0"}}},{"from":[11.0,10.0,8.0],"to":[14.0,16.0,8.0],"faces":{"south":{"uv":[11.25,6.25,12.0,7.75],"tintindex":0,"rotation":0,"texture":"#0"},"north":{"uv":[10.5,6.25,11.25,7.75],"tintindex":0,"rotation":0,"texture":"#0"}}},{"from":[5.0,10.0,5.0],"to":[11.0,17.0,11.0],"faces":{"east":{"uv":[0.0,3.75,1.5,5.5],"tintindex":0,"rotation":0,"texture":"#0"},"south":{"uv":[4.5,3.75,6.0,5.5],"tintindex":0,"rotation":0,"texture":"#0"},"north":{"uv":[1.5,3.75,3.0,5.5],"tintindex":0,"rotation":0,"texture":"#0"},"west":{"uv":[3.0,3.75,4.5,5.5],"tintindex":0,"rotation":0,"texture":"#0"},"up":{"uv":[3.0,3.75,1.5,2.25],"tintindex":0,"rotation":0,"texture":"#0"},"down":{"uv":[4.5,2.25,3.0,3.75],"tintindex":0,"rotation":0,"texture":"#0"}}}],"display":{"gui":{"rotation":[30,225,0]}}}