{"textures":{"0":"modelengine:entity/yagorath_clinger"},"elements":[{"from":[7.0,7.0,6.5],"to":[10.0,12.0,9.5],"faces":{"east":{"uv":[8.0,8.5,8.75,9.75],"tintindex":0,"rotation":0,"texture":"#0"},"south":{"uv":[11.0,8.5,10.25,9.75],"tintindex":0,"rotation":0,"texture":"#0"},"north":{"uv":[0.75,9.25,1.5,10.5],"tintindex":0,"rotation":0,"texture":"#0"},"west":{"uv":[8.75,8.5,8.0,9.75],"tintindex":0,"rotation":0,"texture":"#0"},"up":{"uv":[1.5,9.25,0.75,8.5],"tintindex":0,"rotation":0,"texture":"#0"},"down":{"uv":[2.25,8.5,1.5,9.25],"tintindex":0,"rotation":0,"texture":"#0"}}},{"from":[7.0,11.0,7.0],"to":[9.0,16.0,9.0],"faces":{"east":{"uv":[6.0,9.5,6.5,10.75],"tintindex":0,"rotation":0,"texture":"#0"},"south":{"uv":[7.5,9.5,8.0,10.75],"tintindex":0,"rotation":0,"texture":"#0"},"north":{"uv":[6.5,9.5,7.0,10.75],"tintindex":0,"rotation":0,"texture":"#0"},"west":{"uv":[7.0,9.5,7.5,10.75],"tintindex":0,"rotation":0,"texture":"#0"},"up":{"uv":[7.0,9.5,6.5,9.0],"tintindex":0,"rotation":0,"texture":"#0"},"down":{"uv":[7.5,9.0,7.0,9.5],"tintindex":0,"rotation":0,"texture":"#0"}},"rotation":{"origin":[9.0,10.0,8.0],"angle":-22.5,"axis":"z"}}],"display":{"gui":{"rotation":[30,225,0]}}}