{"textures":{"0":"modelengine:entity/yagorath_clinger"},"elements":[{"from":[5.25,17.5,6.5],"to":[10.75,19.0,9.5],"faces":{"east":{"uv":[0.0,1.5,1.5,2.25],"tintindex":0,"rotation":0,"texture":"#0"},"south":{"uv":[5.75,1.5,8.5,2.25],"tintindex":0,"rotation":0,"texture":"#0"},"north":{"uv":[1.5,1.5,4.25,2.25],"tintindex":0,"rotation":0,"texture":"#0"},"west":{"uv":[4.25,1.5,5.75,2.25],"tintindex":0,"rotation":0,"texture":"#0"},"up":{"uv":[4.25,1.5,1.5,0.0],"tintindex":0,"rotation":0,"texture":"#0"},"down":{"uv":[7.0,0.0,4.25,1.5],"tintindex":0,"rotation":0,"texture":"#0"}}},{"from":[8.75,19.0,6.5],"to":[10.75,20.5,9.5],"faces":{"east":{"uv":[7.0,2.25,8.5,3.0],"tintindex":0,"rotation":0,"texture":"#0"},"south":{"uv":[11.0,2.25,12.0,3.0],"tintindex":0,"rotation":0,"texture":"#0"},"north":{"uv":[8.5,2.25,9.5,3.0],"tintindex":0,"rotation":0,"texture":"#0"},"west":{"uv":[9.5,2.25,11.0,3.0],"tintindex":0,"rotation":0,"texture":"#0"},"up":{"uv":[9.5,2.25,8.5,0.75],"tintindex":0,"rotation":0,"texture":"#0"},"down":{"uv":[10.5,0.75,9.5,2.25],"tintindex":0,"rotation":0,"texture":"#0"}}},{"from":[5.25,19.0,6.5],"to":[7.25,20.5,9.5],"faces":{"east":{"uv":[0.0,7.75,1.5,8.5],"tintindex":0,"rotation":0,"texture":"#0"},"south":{"uv":[4.0,7.75,5.0,8.5],"tintindex":0,"rotation":0,"texture":"#0"},"north":{"uv":[1.5,7.75,2.5,8.5],"tintindex":0,"rotation":0,"texture":"#0"},"west":{"uv":[2.5,7.75,4.0,8.5],"tintindex":0,"rotation":0,"texture":"#0"},"up":{"uv":[2.5,7.75,1.5,6.25],"tintindex":0,"rotation":0,"texture":"#0"},"down":{"uv":[3.5,6.25,2.5,7.75],"tintindex":0,"rotation":0,"texture":"#0"}}},{"from":[7.25,19.0,7.25],"to":[8.75,20.5,8.75],"faces":{"east":{"uv":[3.0,9.75,3.75,10.5],"tintindex":0,"rotation":0,"texture":"#0"},"south":{"uv":[4.5,9.75,3.75,10.5],"tintindex":0,"rotation":0,"texture":"#0"},"north":{"uv":[3.75,9.75,4.5,10.5],"tintindex":0,"rotation":0,"texture":"#0"},"west":{"uv":[4.5,9.75,5.25,10.5],"tintindex":0,"rotation":0,"texture":"#0"},"up":{"uv":[4.5,9.75,3.75,9.0],"tintindex":0,"rotation":0,"texture":"#0"},"down":{"uv":[5.25,9.0,4.5,9.75],"tintindex":0,"rotation":0,"texture":"#0"}}}],"display":{"gui":{"rotation":[30,225,0]}}}