{"textures":{"0":"modelengine:entity/angel_gm_archer_one"},"elements":[{"from":[7.7,4.6176777,11.0],"to":[8.3,8.517677,12.0],"faces":{"east":{"uv":[4.25,11.0,4.5,12.0],"tintindex":0,"rotation":0,"texture":"#0"},"south":{"uv":[4.5,11.0,4.75,12.0],"tintindex":0,"rotation":0,"texture":"#0"},"north":{"uv":[4.0,11.0,4.25,12.0],"tintindex":0,"rotation":0,"texture":"#0"},"west":{"uv":[4.75,11.0,5.0,12.0],"tintindex":0,"rotation":0,"texture":"#0"},"up":{"uv":[4.25,6.5,4.0,6.25],"tintindex":0,"rotation":0,"texture":"#0"},"down":{"uv":[4.5,6.25,4.25,6.5],"tintindex":0,"rotation":0,"texture":"#0"}},"rotation":{"origin":[8.0,6.6176777,11.5],"angle":45.0,"axis":"x"}},{"from":[7.7,4.6176777,4.0],"to":[8.3,8.517677,5.0],"faces":{"east":{"uv":[11.0,5.5,11.25,6.5],"tintindex":0,"rotation":0,"texture":"#0"},"south":{"uv":[11.0,6.5,11.25,7.5],"tintindex":0,"rotation":0,"texture":"#0"},"north":{"uv":[5.0,11.0,5.25,12.0],"tintindex":0,"rotation":0,"texture":"#0"},"west":{"uv":[11.0,7.5,11.25,8.5],"tintindex":0,"rotation":0,"texture":"#0"},"up":{"uv":[4.75,6.5,4.5,6.25],"tintindex":0,"rotation":0,"texture":"#0"},"down":{"uv":[5.0,6.25,4.75,6.5],"tintindex":0,"rotation":0,"texture":"#0"}},"rotation":{"origin":[8.0,6.6176777,4.5],"angle":-45.0,"axis":"x"}},{"from":[7.5,7.6176777,3.5],"to":[8.5,8.617678,12.5],"faces":{"east":{"uv":[10.75,4.5,13.0,4.75],"tintindex":0,"rotation":0,"texture":"#0"},"south":{"uv":[4.25,6.0,4.5,6.25],"tintindex":0,"rotation":0,"texture":"#0"},"north":{"uv":[4.0,6.0,4.25,6.25],"tintindex":0,"rotation":0,"texture":"#0"},"west":{"uv":[10.75,4.75,13.0,5.0],"tintindex":0,"rotation":0,"texture":"#0"},"up":{"uv":[3.0,12.25,2.75,10.0],"tintindex":0,"rotation":0,"texture":"#0"},"down":{"uv":[11.0,8.5,10.75,10.75],"tintindex":0,"rotation":0,"texture":"#0"}}},{"from":[7.5,4.6176777,5.0],"to":[8.5,5.6176777,11.0],"faces":{"east":{"uv":[10.75,5.0,12.25,5.25],"tintindex":0,"rotation":0,"texture":"#0"},"south":{"uv":[4.75,6.0,5.0,6.25],"tintindex":0,"rotation":0,"texture":"#0"},"north":{"uv":[4.5,6.0,4.75,6.25],"tintindex":0,"rotation":0,"texture":"#0"},"west":{"uv":[10.75,5.25,12.25,5.5],"tintindex":0,"rotation":0,"texture":"#0"},"up":{"uv":[3.75,12.5,3.5,11.0],"tintindex":0,"rotation":0,"texture":"#0"},"down":{"uv":[4.0,11.0,3.75,12.5],"tintindex":0,"rotation":0,"texture":"#0"}}}],"display":{"gui":{"rotation":[30,225,0]}}}