{"textures":{"0":"modelengine:entity/angel_gm_archer_one"},"elements":[{"from":[7.0,2.5,6.5],"to":[9.0,8.5,9.5],"faces":{"east":{"uv":[9.25,8.5,10.0,10.0],"tintindex":0,"rotation":0,"texture":"#0"},"south":{"uv":[1.5,10.5,2.0,12.0],"tintindex":0,"rotation":0,"texture":"#0"},"north":{"uv":[7.5,8.5,8.0,10.0],"tintindex":0,"rotation":0,"texture":"#0"},"west":{"uv":[3.0,9.5,3.75,11.0],"tintindex":0,"rotation":0,"texture":"#0"},"up":{"uv":[11.25,11.5,10.75,10.75],"tintindex":0,"rotation":0,"texture":"#0"},"down":{"uv":[11.5,0.0,11.0,0.75],"tintindex":0,"rotation":0,"texture":"#0"}}}],"display":{"gui":{"rotation":[30,225,0]}}}