{"textures":{"0":"modelengine:entity/angel_gm_archer_one"},"elements":[{"from":[7.0,2.514143,6.5],"to":[9.0,8.514143,9.5],"faces":{"east":{"uv":[3.75,9.5,4.5,11.0],"tintindex":0,"rotation":0,"texture":"#0"},"south":{"uv":[5.75,10.5,6.25,12.0],"tintindex":0,"rotation":0,"texture":"#0"},"north":{"uv":[5.25,10.5,5.75,12.0],"tintindex":0,"rotation":0,"texture":"#0"},"west":{"uv":[4.5,9.5,5.25,11.0],"tintindex":0,"rotation":0,"texture":"#0"},"up":{"uv":[11.5,1.5,11.0,0.75],"tintindex":0,"rotation":0,"texture":"#0"},"down":{"uv":[3.5,11.0,3.0,11.75],"tintindex":0,"rotation":0,"texture":"#0"}}}],"display":{"gui":{"rotation":[30,225,0]}}}