{"textures":{"0":"modelengine:entity/angel_gm_archer_one"},"elements":[{"from":[4.0,4.799999,3.46],"to":[12.0,6.799999,11.46],"faces":{"east":{"uv":[0.0,10.0,2.0,10.5],"tintindex":0,"rotation":0,"texture":"#0"},"south":{"uv":[5.25,10.0,7.25,10.5],"tintindex":0,"rotation":0,"texture":"#0"},"north":{"uv":[5.25,9.5,7.25,10.0],"tintindex":0,"rotation":0,"texture":"#0"},"west":{"uv":[7.25,10.0,9.25,10.5],"tintindex":0,"rotation":0,"texture":"#0"},"up":{"uv":[9.0,4.0,7.0,2.0],"tintindex":0,"rotation":0,"texture":"#0"},"down":{"uv":[9.0,4.0,7.0,6.0],"tintindex":0,"rotation":0,"texture":"#0"}}}],"display":{"gui":{"rotation":[30,225,0]}}}