{"textures":{"0":"modelengine:entity/angel_gm_archer_one"},"elements":[{"from":[6.5,3.0,6.5],"to":[9.5,8.0,9.5],"faces":{"east":{"uv":[0.75,10.5,1.5,11.75],"tintindex":0,"rotation":0,"texture":"#0"},"south":{"uv":[10.5,2.0,11.25,3.25],"tintindex":0,"rotation":0,"texture":"#0"},"north":{"uv":[0.0,10.5,0.75,11.75],"tintindex":0,"rotation":0,"texture":"#0"},"west":{"uv":[10.5,3.25,11.25,4.5],"tintindex":0,"rotation":0,"texture":"#0"},"up":{"uv":[8.5,11.25,7.75,10.5],"tintindex":0,"rotation":0,"texture":"#0"},"down":{"uv":[9.25,10.5,8.5,11.25],"tintindex":0,"rotation":0,"texture":"#0"}}}],"display":{"gui":{"rotation":[30,225,0]}}}