{"textures":{"0":"modelengine:entity/angel_gm_archer_one"},"elements":[{"from":[6.5,3.0,6.5],"to":[9.5,8.0,9.5],"faces":{"east":{"uv":[10.0,8.5,10.75,9.75],"tintindex":0,"rotation":0,"texture":"#0"},"south":{"uv":[9.25,10.0,10.0,11.25],"tintindex":0,"rotation":0,"texture":"#0"},"north":{"uv":[2.0,10.0,2.75,11.25],"tintindex":0,"rotation":0,"texture":"#0"},"west":{"uv":[10.0,9.75,10.75,11.0],"tintindex":0,"rotation":0,"texture":"#0"},"up":{"uv":[7.0,11.25,6.25,10.5],"tintindex":0,"rotation":0,"texture":"#0"},"down":{"uv":[7.75,10.5,7.0,11.25],"tintindex":0,"rotation":0,"texture":"#0"}}}],"display":{"gui":{"rotation":[30,225,0]}}}