{"textures":{"0":"modelengine:entity/summon_wolf_virusg"},"elements":[{"from":[9.5222225,10.633525,3.3139153],"to":[10.5222225,12.833526,3.3139153],"faces":{"south":{"uv":[2.375,3.25,2.5,3.5],"tintindex":0,"rotation":0,"texture":"#0"},"north":{"uv":[2.375,3.0,2.5,3.25],"tintindex":0,"rotation":0,"texture":"#0"}},"rotation":{"origin":[7.922222,7.6144276,6.7646065],"angle":-22.5,"axis":"x"}},{"from":[4.522222,6.624384,2.1146622],"to":[11.322222,9.624384,8.114662],"faces":{"east":{"uv":[7.875,7.125,8.375,7.5],"tintindex":0,"rotation":0,"texture":"#0"},"south":{"uv":[6.125,8.625,7.0,9.0],"tintindex":0,"rotation":0,"texture":"#0"},"north":{"uv":[5.25,8.625,6.125,9.0],"tintindex":0,"rotation":0,"texture":"#0"},"west":{"uv":[9.0,8.75,9.5,9.125],"tintindex":0,"rotation":0,"texture":"#0"},"up":{"uv":[8.75,6.625,7.875,6.125],"tintindex":0,"rotation":0,"texture":"#0"},"down":{"uv":[8.75,6.625,7.875,7.125],"tintindex":0,"rotation":0,"texture":"#0"}}},{"from":[11.122222,7.9215717,2.3180084],"to":[11.122222,10.921572,4.3180084],"faces":{"east":{"uv":[9.5,2.25,9.75,2.625],"tintindex":0,"rotation":0,"texture":"#0"},"west":{"uv":[2.375,9.5,2.625,9.875],"tintindex":0,"rotation":0,"texture":"#0"}}},{"from":[9.5222225,10.633525,4.3139153],"to":[10.5222225,11.633525,4.3139153],"faces":{"south":{"uv":[5.25,0.375,5.375,0.5],"tintindex":0,"rotation":0,"texture":"#0"},"north":{"uv":[5.25,0.25,5.375,0.375],"tintindex":0,"rotation":0,"texture":"#0"}},"rotation":{"origin":[7.922222,7.6144276,6.7646065],"angle":-22.5,"axis":"x"}},{"from":[4.822222,7.9215717,2.3180084],"to":[4.822222,10.921572,4.3180084],"faces":{"east":{"uv":[9.5,1.875,9.75,2.25],"tintindex":0,"rotation":0,"texture":"#0"},"west":{"uv":[2.125,9.5,2.375,9.875],"tintindex":0,"rotation":0,"texture":"#0"}}},{"from":[5.522222,10.633525,4.3139153],"to":[6.5222225,11.833526,4.3139153],"faces":{"south":{"uv":[6.125,2.125,6.25,2.25],"tintindex":0,"rotation":0,"texture":"#0"},"north":{"uv":[6.125,2.0,6.25,2.125],"tintindex":0,"rotation":0,"texture":"#0"}},"rotation":{"origin":[7.922222,7.6144276,6.7646065],"angle":-22.5,"axis":"x"}},{"from":[5.522222,10.633525,3.3139153],"to":[6.5222225,12.633525,3.3139153],"faces":{"south":{"uv":[2.375,3.75,2.5,4.0],"tintindex":0,"rotation":0,"texture":"#0"},"north":{"uv":[2.375,3.5,2.5,3.75],"tintindex":0,"rotation":0,"texture":"#0"}},"rotation":{"origin":[7.922222,7.6144276,6.7646065],"angle":-22.5,"axis":"x"}},{"from":[7.522222,10.633525,3.3139153],"to":[8.5222225,12.0335245,3.3139153],"faces":{"south":{"uv":[4.375,0.875,4.5,1.0],"tintindex":0,"rotation":0,"texture":"#0"},"north":{"uv":[3.375,4.0,3.5,4.125],"tintindex":0,"rotation":0,"texture":"#0"}},"rotation":{"origin":[7.922222,7.6144276,6.7646065],"angle":-22.5,"axis":"x"}},{"from":[7.522222,10.633525,4.3139153],"to":[8.5222225,11.633525,4.3139153],"faces":{"south":{"uv":[6.125,1.875,6.25,2.0],"tintindex":0,"rotation":0,"texture":"#0"},"north":{"uv":[6.125,1.75,6.25,1.875],"tintindex":0,"rotation":0,"texture":"#0"}},"rotation":{"origin":[7.922222,7.6144276,6.7646065],"angle":-22.5,"axis":"x"}}],"display":{"gui":{"rotation":[30,225,0]}}}