{"textures":{"0":"modelengine:entity/summon_wolf_virusg"},"elements":[{"from":[4.0,2.0,6.0],"to":[9.0,10.0,11.0],"faces":{"east":{"uv":[5.75,6.25,6.375,7.25],"tintindex":0,"rotation":0,"texture":"#0"},"south":{"uv":[6.375,6.25,7.0,7.25],"tintindex":0,"rotation":0,"texture":"#0"},"north":{"uv":[6.25,3.875,6.875,4.875],"tintindex":0,"rotation":0,"texture":"#0"},"west":{"uv":[0.75,6.5,1.375,7.5],"tintindex":0,"rotation":0,"texture":"#0"},"up":{"uv":[6.5,8.625,5.875,8.0],"tintindex":0,"rotation":0,"texture":"#0"},"down":{"uv":[7.125,8.0,6.5,8.625],"tintindex":0,"rotation":0,"texture":"#0"}}}],"display":{"gui":{"rotation":[30,225,0]}}}