{"textures":{"0":"modelengine:entity/summon_wolf_virusg"},"elements":[{"from":[7.0,2.0,6.0],"to":[12.0,10.0,11.0],"faces":{"east":{"uv":[2.5,6.625,3.125,7.625],"tintindex":0,"rotation":0,"texture":"#0"},"south":{"uv":[3.125,6.625,3.75,7.625],"tintindex":0,"rotation":0,"texture":"#0"},"north":{"uv":[4.875,6.5,5.5,7.5],"tintindex":0,"rotation":0,"texture":"#0"},"west":{"uv":[3.75,6.625,4.375,7.625],"tintindex":0,"rotation":0,"texture":"#0"},"up":{"uv":[1.25,8.875,0.625,8.25],"tintindex":0,"rotation":0,"texture":"#0"},"down":{"uv":[8.875,0.625,8.25,1.25],"tintindex":0,"rotation":0,"texture":"#0"}}}],"display":{"gui":{"rotation":[30,225,0]}}}