{"textures":{"0":"modelengine:entity/summon_wolf_virusg"},"elements":[{"from":[7.0,1.0,4.0],"to":[13.0,10.0,11.0],"faces":{"east":{"uv":[1.0,4.25,1.875,5.375],"tintindex":0,"rotation":0,"texture":"#0"},"south":{"uv":[1.0,5.375,1.75,6.5],"tintindex":0,"rotation":0,"texture":"#0"},"north":{"uv":[5.375,0.0,6.125,1.125],"tintindex":0,"rotation":0,"texture":"#0"},"west":{"uv":[4.5,0.875,5.375,2.0],"tintindex":0,"rotation":0,"texture":"#0"},"up":{"uv":[0.75,7.0,0.0,6.125],"tintindex":0,"rotation":0,"texture":"#0"},"down":{"uv":[6.875,0.625,6.125,1.5],"tintindex":0,"rotation":0,"texture":"#0"}}}],"display":{"gui":{"rotation":[30,225,0]}}}