{"textures":{"0":"modelengine:entity/summon_wolf_virusg"},"elements":[{"from":[3.0,1.0,4.0],"to":[9.0,10.0,11.0],"faces":{"east":{"uv":[4.5,2.0,5.375,3.125],"tintindex":0,"rotation":0,"texture":"#0"},"south":{"uv":[5.0,5.375,5.75,6.5],"tintindex":0,"rotation":0,"texture":"#0"},"north":{"uv":[5.375,1.125,6.125,2.25],"tintindex":0,"rotation":0,"texture":"#0"},"west":{"uv":[1.875,5.0,2.75,6.125],"tintindex":0,"rotation":0,"texture":"#0"},"up":{"uv":[2.5,7.0,1.75,6.125],"tintindex":0,"rotation":0,"texture":"#0"},"down":{"uv":[7.0,1.5,6.25,2.375],"tintindex":0,"rotation":0,"texture":"#0"}}}],"display":{"gui":{"rotation":[30,225,0]}}}