{"textures":{"0":"modelengine:entity/summon_wolf_virusg"},"elements":[{"from":[5.0,5.5089703,4.6138277],"to":[11.0,7.5089703,8.613827],"faces":{"east":{"uv":[1.25,8.5,2.0,9.0],"tintindex":0,"rotation":0,"texture":"#0"},"south":{"uv":[7.375,7.5,8.375,8.0],"tintindex":0,"rotation":0,"texture":"#0"},"north":{"uv":[6.375,7.5,7.375,8.0],"tintindex":0,"rotation":0,"texture":"#0"},"west":{"uv":[8.5,2.75,9.25,3.25],"tintindex":0,"rotation":0,"texture":"#0"},"up":{"uv":[3.75,6.625,2.75,5.875],"tintindex":0,"rotation":0,"texture":"#0"},"down":{"uv":[7.0,3.125,6.0,3.875],"tintindex":0,"rotation":0,"texture":"#0"}}},{"from":[3.9,-0.693841,3.817172],"to":[3.9,5.306159,13.817173],"faces":{"east":{"uv":[5.0,4.625,6.25,5.375],"tintindex":0,"rotation":0,"texture":"#0"},"west":{"uv":[2.75,5.125,4.0,5.875],"tintindex":0,"rotation":0,"texture":"#0"}},"rotation":{"origin":[8.4,3.4061584,-7.2828264],"angle":-45.0,"axis":"x"}},{"from":[4.0,9.452055,-4.410592],"to":[12.0,14.452054,4.9894075],"faces":{"east":{"uv":[3.75,6.0,4.875,6.625],"tintindex":0,"rotation":0,"texture":"#0"},"south":{"uv":[6.625,4.875,7.625,5.5],"tintindex":0,"rotation":0,"texture":"#0"},"north":{"uv":[6.25,2.375,7.25,3.0],"tintindex":0,"rotation":0,"texture":"#0"},"west":{"uv":[6.125,0.0,7.25,0.625],"tintindex":0,"rotation":0,"texture":"#0"},"up":{"uv":[4.5,2.125,3.5,1.0],"tintindex":0,"rotation":0,"texture":"#0"},"down":{"uv":[4.5,2.125,3.5,3.25],"tintindex":0,"rotation":0,"texture":"#0"}},"rotation":{"origin":[8.0,10.50897,3.413827],"angle":-22.5,"axis":"x"}},{"from":[4.5,5.5089703,0.21382618],"to":[11.5,10.50897,7.6138268],"faces":{"east":{"uv":[5.5,7.25,6.375,7.875],"tintindex":0,"rotation":0,"texture":"#0"},"south":{"uv":[7.375,5.5,8.25,6.125],"tintindex":0,"rotation":0,"texture":"#0"},"north":{"uv":[7.25,2.125,8.125,2.75],"tintindex":0,"rotation":0,"texture":"#0"},"west":{"uv":[4.375,7.5,5.25,8.125],"tintindex":0,"rotation":0,"texture":"#0"},"up":{"uv":[6.25,3.125,5.375,2.25],"tintindex":0,"rotation":0,"texture":"#0"},"down":{"uv":[6.625,5.375,5.75,6.25],"tintindex":0,"rotation":0,"texture":"#0"}},"rotation":{"origin":[8.0,10.50897,3.413827],"angle":-22.5,"axis":"x"}},{"from":[10.0,5.5089703,0.6138277],"to":[13.0,10.50897,7.6138268],"faces":{"east":{"uv":[7.0,6.875,7.875,7.5],"tintindex":0,"rotation":0,"texture":"#0"},"south":{"uv":[5.125,9.0,5.5,9.625],"tintindex":0,"rotation":0,"texture":"#0"},"north":{"uv":[3.5,9.0,3.875,9.625],"tintindex":0,"rotation":0,"texture":"#0"},"west":{"uv":[7.25,0.0,8.125,0.625],"tintindex":0,"rotation":0,"texture":"#0"},"up":{"uv":[7.375,9.5,7.0,8.625],"tintindex":0,"rotation":0,"texture":"#0"},"down":{"uv":[7.75,8.625,7.375,9.5],"tintindex":0,"rotation":0,"texture":"#0"}},"rotation":{"origin":[12.5,7.0089703,3.6138277],"angle":-22.5,"axis":"z"}},{"from":[10.0,4.43285,-5.3688574],"to":[11.4,6.43285,-5.3688574],"faces":{"south":{"uv":[5.25,0.0,5.375,0.25],"tintindex":0,"rotation":0,"texture":"#0"},"north":{"uv":[1.875,4.75,2.0,5.0],"tintindex":0,"rotation":0,"texture":"#0"}},"rotation":{"origin":[8.0,6.43285,-2.768857],"angle":-22.5,"axis":"x"}},{"from":[10.3,3.3328505,-5.3688574],"to":[11.2,4.43285,-5.3688574],"faces":{"south":{"uv":[4.75,6.625,4.875,6.75],"tintindex":0,"rotation":0,"texture":"#0"},"north":{"uv":[4.875,6.375,5.0,6.5],"tintindex":0,"rotation":0,"texture":"#0"}},"rotation":{"origin":[8.0,6.43285,-2.768857],"angle":-22.5,"axis":"x"}},{"from":[2.5411959,12.815534,1.6138277],"to":[5.541196,17.815533,3.6138277],"faces":{"east":{"uv":[0.0,9.125,0.25,9.75],"tintindex":0,"rotation":0,"texture":"#0"},"south":{"uv":[8.625,9.0,9.0,9.625],"tintindex":0,"rotation":0,"texture":"#0"},"north":{"uv":[8.25,9.0,8.625,9.625],"tintindex":0,"rotation":0,"texture":"#0"},"west":{"uv":[0.25,9.125,0.5,9.75],"tintindex":0,"rotation":0,"texture":"#0"},"up":{"uv":[10.0,7.625,9.625,7.375],"tintindex":0,"rotation":0,"texture":"#0"},"down":{"uv":[10.0,7.625,9.625,7.875],"tintindex":0,"rotation":0,"texture":"#0"}},"rotation":{"origin":[4.041196,15.315534,0.113827705],"angle":22.5,"axis":"z"}},{"from":[5.0,7.452055,-7.410592],"to":[11.0,10.952054,-1.0105925],"faces":{"east":{"uv":[8.75,1.875,9.5,2.25],"tintindex":0,"rotation":0,"texture":"#0"},"south":{"uv":[8.75,2.25,9.5,2.625],"tintindex":0,"rotation":0,"texture":"#0"},"north":{"uv":[8.75,0.0,9.5,0.375],"tintindex":0,"rotation":0,"texture":"#0"},"west":{"uv":[3.875,8.75,4.625,9.125],"tintindex":0,"rotation":0,"texture":"#0"},"up":{"uv":[7.375,6.25,6.625,5.5],"tintindex":0,"rotation":0,"texture":"#0"},"down":{"uv":[7.625,0.625,6.875,1.375],"tintindex":0,"rotation":0,"texture":"#0"}},"rotation":{"origin":[8.0,10.50897,3.413827],"angle":-22.5,"axis":"x"}},{"from":[3.8000002,8.13397,-3.5611734],"to":[12.2,14.783971,6.163827],"faces":{"east":{"uv":[3.5,3.25,4.75,4.125],"tintindex":0,"rotation":0,"texture":"#0"},"south":{"uv":[0.0,5.25,1.0,6.125],"tintindex":0,"rotation":0,"texture":"#0"},"north":{"uv":[4.0,5.125,5.0,6.0],"tintindex":0,"rotation":0,"texture":"#0"},"west":{"uv":[4.0,0.0,5.25,0.875],"tintindex":0,"rotation":0,"texture":"#0"},"up":{"uv":[1.0,4.25,0.0,3.0],"tintindex":0,"rotation":0,"texture":"#0"},"down":{"uv":[2.0,3.0,1.0,4.25],"tintindex":0,"rotation":0,"texture":"#0"}},"rotation":{"origin":[8.0,9.583971,3.413827],"angle":-22.5,"axis":"x"}},{"from":[4.8,3.3328505,-5.3688574],"to":[5.7,4.43285,-5.3688574],"faces":{"south":{"uv":[4.875,6.25,5.0,6.375],"tintindex":0,"rotation":0,"texture":"#0"},"north":{"uv":[4.875,6.125,5.0,6.25],"tintindex":0,"rotation":0,"texture":"#0"}},"rotation":{"origin":[8.0,6.43285,-2.768857],"angle":-22.5,"axis":"x"}},{"from":[10.0,12.508971,1.6138277],"to":[13.0,17.508972,3.6138277],"faces":{"east":{"uv":[5.5,6.5,5.75,7.125],"tintindex":0,"rotation":0,"texture":"#0"},"south":{"uv":[9.0,8.125,9.375,8.75],"tintindex":0,"rotation":0,"texture":"#0"},"north":{"uv":[9.0,7.5,9.375,8.125],"tintindex":0,"rotation":0,"texture":"#0"},"west":{"uv":[6.75,9.0,7.0,9.625],"tintindex":0,"rotation":0,"texture":"#0"},"up":{"uv":[6.25,9.875,5.875,9.625],"tintindex":0,"rotation":0,"texture":"#0"},"down":{"uv":[10.0,7.125,9.625,7.375],"tintindex":0,"rotation":0,"texture":"#0"}},"rotation":{"origin":[12.5,14.008971,-0.3861723],"angle":-22.5,"axis":"z"}},{"from":[2.5411959,5.8155336,0.6138277],"to":[5.541196,10.815534,7.6138268],"faces":{"east":{"uv":[7.0,3.0,7.875,3.625],"tintindex":0,"rotation":0,"texture":"#0"},"south":{"uv":[3.125,9.0,3.5,9.625],"tintindex":0,"rotation":0,"texture":"#0"},"north":{"uv":[2.125,7.0,2.5,7.625],"tintindex":0,"rotation":0,"texture":"#0"},"west":{"uv":[7.0,6.25,7.875,6.875],"tintindex":0,"rotation":0,"texture":"#0"},"up":{"uv":[2.375,3.875,2.0,3.0],"tintindex":0,"rotation":0,"texture":"#0"},"down":{"uv":[4.75,6.625,4.375,7.5],"tintindex":0,"rotation":0,"texture":"#0"}},"rotation":{"origin":[4.041196,8.315534,4.1138277],"angle":22.5,"axis":"z"}},{"from":[11.9,-0.693841,3.817172],"to":[11.9,5.306159,13.817173],"faces":{"east":{"uv":[4.75,3.125,6.0,3.875],"tintindex":0,"rotation":0,"texture":"#0"},"west":{"uv":[5.0,3.875,6.25,4.625],"tintindex":0,"rotation":0,"texture":"#0"}},"rotation":{"origin":[8.4,3.4061584,-7.2828264],"angle":-45.0,"axis":"x"}},{"from":[4.5,4.43285,-5.3688574],"to":[5.9,6.43285,-5.3688574],"faces":{"south":{"uv":[1.875,4.5,2.0,4.75],"tintindex":0,"rotation":0,"texture":"#0"},"north":{"uv":[1.875,4.25,2.0,4.5],"tintindex":0,"rotation":0,"texture":"#0"}},"rotation":{"origin":[8.0,6.43285,-2.768857],"angle":-22.5,"axis":"x"}}],"display":{"gui":{"rotation":[30,225,0]}}}