{"textures":{"0":"modelengine:entity/summon_wolf_virusg"},"elements":[{"from":[7.0,13.4,8.7],"to":[9.0,14.4,12.0],"faces":{"east":{"uv":[10.0,2.75,10.375,2.875],"tintindex":0,"rotation":0,"texture":"#0"},"south":{"uv":[10.125,3.5,10.375,3.625],"tintindex":0,"rotation":0,"texture":"#0"},"north":{"uv":[10.125,3.375,10.375,3.5],"tintindex":0,"rotation":0,"texture":"#0"},"west":{"uv":[3.375,10.0,3.75,10.125],"tintindex":0,"rotation":0,"texture":"#0"},"up":{"uv":[2.875,9.875,2.625,9.5],"tintindex":0,"rotation":0,"texture":"#0"},"down":{"uv":[3.125,9.5,2.875,9.875],"tintindex":0,"rotation":0,"texture":"#0"}},"rotation":{"origin":[8.0,12.5,13.5],"angle":-22.5,"axis":"x"}},{"from":[4.0,4.0,8.0],"to":[12.0,12.0,19.6],"faces":{"east":{"uv":[0.0,0.0,1.5,1.0],"tintindex":0,"rotation":0,"texture":"#0"},"south":{"uv":[3.0,4.125,4.0,5.125],"tintindex":0,"rotation":0,"texture":"#0"},"north":{"uv":[2.0,4.0,3.0,5.0],"tintindex":0,"rotation":0,"texture":"#0"},"west":{"uv":[0.0,1.0,1.5,2.0],"tintindex":0,"rotation":0,"texture":"#0"},"up":{"uv":[2.5,1.5,1.5,0.0],"tintindex":0,"rotation":0,"texture":"#0"},"down":{"uv":[2.5,1.5,1.5,3.0],"tintindex":0,"rotation":0,"texture":"#0"}}},{"from":[7.0,12.1,11.7],"to":[9.0,13.1,15.0],"faces":{"east":{"uv":[10.0,2.375,10.375,2.5],"tintindex":0,"rotation":0,"texture":"#0"},"south":{"uv":[3.375,10.125,3.625,10.25],"tintindex":0,"rotation":0,"texture":"#0"},"north":{"uv":[10.125,3.25,10.375,3.375],"tintindex":0,"rotation":0,"texture":"#0"},"west":{"uv":[10.0,2.625,10.375,2.75],"tintindex":0,"rotation":0,"texture":"#0"},"up":{"uv":[1.0,6.5,0.75,6.125],"tintindex":0,"rotation":0,"texture":"#0"},"down":{"uv":[5.5,7.5,5.25,7.875],"tintindex":0,"rotation":0,"texture":"#0"}},"rotation":{"origin":[8.0,12.5,13.5],"angle":-22.5,"axis":"x"}},{"from":[7.0,10.7,15.1],"to":[9.0,11.700001,18.4],"faces":{"east":{"uv":[3.75,10.0,4.125,10.125],"tintindex":0,"rotation":0,"texture":"#0"},"south":{"uv":[10.125,3.625,10.375,3.75],"tintindex":0,"rotation":0,"texture":"#0"},"north":{"uv":[3.625,10.125,3.875,10.25],"tintindex":0,"rotation":0,"texture":"#0"},"west":{"uv":[5.125,10.0,5.5,10.125],"tintindex":0,"rotation":0,"texture":"#0"},"up":{"uv":[9.75,6.25,9.5,5.875],"tintindex":0,"rotation":0,"texture":"#0"},"down":{"uv":[9.75,6.25,9.5,6.625],"tintindex":0,"rotation":0,"texture":"#0"}},"rotation":{"origin":[8.0,12.5,13.5],"angle":-22.5,"axis":"x"}}],"display":{"gui":{"rotation":[30,225,0]}}}