{"textures":{"0":"modelengine:entity/summon_wolf_virusg"},"elements":[{"from":[6.9166665,6.5249996,7.633334],"to":[9.116667,9.525,9.633334],"faces":{"east":{"uv":[4.625,9.75,4.875,10.125],"tintindex":0,"rotation":0,"texture":"#0"},"south":{"uv":[4.875,9.75,5.125,10.125],"tintindex":0,"rotation":0,"texture":"#0"},"north":{"uv":[4.125,9.75,4.375,10.125],"tintindex":0,"rotation":0,"texture":"#0"},"west":{"uv":[9.75,5.875,10.0,6.25],"tintindex":0,"rotation":0,"texture":"#0"},"up":{"uv":[10.125,8.125,9.875,7.875],"tintindex":0,"rotation":0,"texture":"#0"},"down":{"uv":[8.25,9.875,8.0,10.125],"tintindex":0,"rotation":0,"texture":"#0"}}},{"from":[5.916667,5.825,13.233334],"to":[10.116667,10.224999,15.233335],"faces":{"east":{"uv":[2.5,6.125,2.75,6.625],"tintindex":0,"rotation":0,"texture":"#0"},"south":{"uv":[4.625,8.75,5.125,9.25],"tintindex":0,"rotation":0,"texture":"#0"},"north":{"uv":[7.75,8.625,8.25,9.125],"tintindex":0,"rotation":0,"texture":"#0"},"west":{"uv":[4.375,9.125,4.625,9.625],"tintindex":0,"rotation":0,"texture":"#0"},"up":{"uv":[7.75,3.0,7.25,2.75],"tintindex":0,"rotation":0,"texture":"#0"},"down":{"uv":[6.875,7.25,6.375,7.5],"tintindex":0,"rotation":0,"texture":"#0"}}},{"from":[6.9166665,6.825,15.233335],"to":[9.116667,9.224999,17.233334],"faces":{"east":{"uv":[7.0,2.125,7.25,2.375],"tintindex":0,"rotation":0,"texture":"#0"},"south":{"uv":[9.75,6.25,10.0,6.5],"tintindex":0,"rotation":0,"texture":"#0"},"north":{"uv":[4.75,3.875,5.0,4.125],"tintindex":0,"rotation":0,"texture":"#0"},"west":{"uv":[7.0,9.75,7.25,10.0],"tintindex":0,"rotation":0,"texture":"#0"},"up":{"uv":[7.5,10.0,7.25,9.75],"tintindex":0,"rotation":0,"texture":"#0"},"down":{"uv":[7.75,9.75,7.5,10.0],"tintindex":0,"rotation":0,"texture":"#0"}}},{"from":[6.9166665,6.5249996,11.233334],"to":[9.116667,9.525,13.233334],"faces":{"east":{"uv":[9.625,9.625,9.875,10.0],"tintindex":0,"rotation":0,"texture":"#0"},"south":{"uv":[0.0,9.75,0.25,10.125],"tintindex":0,"rotation":0,"texture":"#0"},"north":{"uv":[9.375,9.625,9.625,10.0],"tintindex":0,"rotation":0,"texture":"#0"},"west":{"uv":[0.25,9.75,0.5,10.125],"tintindex":0,"rotation":0,"texture":"#0"},"up":{"uv":[10.125,0.25,9.875,0.0],"tintindex":0,"rotation":0,"texture":"#0"},"down":{"uv":[0.75,9.875,0.5,10.125],"tintindex":0,"rotation":0,"texture":"#0"}}},{"from":[6.0166664,5.825,17.233334],"to":[9.816667,9.924999,19.233334],"faces":{"east":{"uv":[4.625,9.25,4.875,9.75],"tintindex":0,"rotation":0,"texture":"#0"},"south":{"uv":[1.125,9.0,1.625,9.5],"tintindex":0,"rotation":0,"texture":"#0"},"north":{"uv":[0.625,8.875,1.125,9.375],"tintindex":0,"rotation":0,"texture":"#0"},"west":{"uv":[4.875,9.25,5.125,9.75],"tintindex":0,"rotation":0,"texture":"#0"},"up":{"uv":[9.5,1.875,9.0,1.625],"tintindex":0,"rotation":0,"texture":"#0"},"down":{"uv":[9.75,3.0,9.25,3.25],"tintindex":0,"rotation":0,"texture":"#0"}}},{"from":[5.5166664,5.5249996,9.233334],"to":[10.516666,10.525,11.233334],"faces":{"east":{"uv":[3.875,9.125,4.125,9.75],"tintindex":0,"rotation":0,"texture":"#0"},"south":{"uv":[0.0,8.5,0.625,9.125],"tintindex":0,"rotation":0,"texture":"#0"},"north":{"uv":[8.375,8.375,9.0,9.0],"tintindex":0,"rotation":0,"texture":"#0"},"west":{"uv":[4.125,9.125,4.375,9.75],"tintindex":0,"rotation":0,"texture":"#0"},"up":{"uv":[7.5,4.875,6.875,4.625],"tintindex":0,"rotation":0,"texture":"#0"},"down":{"uv":[7.625,3.625,7.0,3.875],"tintindex":0,"rotation":0,"texture":"#0"}}}],"display":{"gui":{"rotation":[30,225,0]}}}