{"textures":{"0":"modelengine:entity/summon_wolf_virusg"},"elements":[{"from":[7.8977776,6.0,4.223543],"to":[13.897778,9.0,10.223543],"faces":{"east":{"uv":[5.125,4.75,5.5,5.0],"tintindex":0,"rotation":0,"texture":"#0"},"south":{"uv":[8.875,4.375,9.625,4.75],"tintindex":0,"rotation":0,"texture":"#0"},"north":{"uv":[8.875,3.625,9.625,4.0],"tintindex":0,"rotation":0,"texture":"#0"},"west":{"uv":[8.875,4.75,9.625,5.125],"tintindex":0,"rotation":0,"texture":"#0"},"up":{"uv":[2.125,7.75,1.375,7.0],"tintindex":0,"rotation":0,"texture":"#0"},"down":{"uv":[1.125,1.125,0.375,1.875],"tintindex":0,"rotation":0,"texture":"#0"}}},{"from":[15.550663,8.741272,6.523543],"to":[18.550663,9.741272,7.8235426],"faces":{"east":{"uv":[4.75,6.875,4.875,7.0],"tintindex":0,"rotation":0,"texture":"#0"},"south":{"uv":[6.75,10.0,7.125,10.125],"tintindex":0,"rotation":0,"texture":"#0"},"north":{"uv":[10.0,6.375,10.375,6.5],"tintindex":0,"rotation":0,"texture":"#0"},"west":{"uv":[4.75,7.0,4.875,7.125],"tintindex":0,"rotation":0,"texture":"#0"},"up":{"uv":[7.5,10.125,7.125,10.0],"tintindex":0,"rotation":0,"texture":"#0"},"down":{"uv":[10.375,7.125,10.0,7.25],"tintindex":0,"rotation":0,"texture":"#0"}},"rotation":{"origin":[11.847239,5.484434,7.975],"angle":-22.5,"axis":"z"}},{"from":[13.897778,7.0,6.223543],"to":[16.897778,8.0,8.223543],"faces":{"east":{"uv":[10.125,3.875,10.375,4.0],"tintindex":0,"rotation":0,"texture":"#0"},"south":{"uv":[10.0,7.375,10.375,7.5],"tintindex":0,"rotation":0,"texture":"#0"},"north":{"uv":[10.0,7.25,10.375,7.375],"tintindex":0,"rotation":0,"texture":"#0"},"west":{"uv":[10.125,4.0,10.375,4.125],"tintindex":0,"rotation":0,"texture":"#0"},"up":{"uv":[7.375,9.75,7.0,9.5],"tintindex":0,"rotation":0,"texture":"#0"},"down":{"uv":[7.75,9.5,7.375,9.75],"tintindex":0,"rotation":0,"texture":"#0"}}},{"from":[12.499764,7.5112453,9.223543],"to":[15.499764,8.511246,11.223543],"faces":{"east":{"uv":[4.125,10.125,4.375,10.25],"tintindex":0,"rotation":0,"texture":"#0"},"south":{"uv":[10.0,8.5,10.375,8.625],"tintindex":0,"rotation":0,"texture":"#0"},"north":{"uv":[8.25,10.0,8.625,10.125],"tintindex":0,"rotation":0,"texture":"#0"},"west":{"uv":[10.125,4.125,10.375,4.25],"tintindex":0,"rotation":0,"texture":"#0"},"up":{"uv":[8.125,9.75,7.75,9.5],"tintindex":0,"rotation":0,"texture":"#0"},"down":{"uv":[9.875,8.75,9.5,9.0],"tintindex":0,"rotation":0,"texture":"#0"}},"rotation":{"origin":[11.847239,5.484434,7.975],"angle":-22.5,"axis":"z"}},{"from":[12.897778,7.0,3.2235427],"to":[15.897778,8.0,5.223543],"faces":{"east":{"uv":[10.125,3.75,10.375,3.875],"tintindex":0,"rotation":0,"texture":"#0"},"south":{"uv":[10.0,5.875,10.375,6.0],"tintindex":0,"rotation":0,"texture":"#0"},"north":{"uv":[5.5,10.0,5.875,10.125],"tintindex":0,"rotation":0,"texture":"#0"},"west":{"uv":[3.875,10.125,4.125,10.25],"tintindex":0,"rotation":0,"texture":"#0"},"up":{"uv":[9.875,6.875,9.5,6.625],"tintindex":0,"rotation":0,"texture":"#0"},"down":{"uv":[9.875,6.875,9.5,7.125],"tintindex":0,"rotation":0,"texture":"#0"}}},{"from":[14.063422,8.678604,9.523542],"to":[17.063423,9.678604,10.823544],"faces":{"east":{"uv":[4.75,7.125,4.875,7.25],"tintindex":0,"rotation":0,"texture":"#0"},"south":{"uv":[10.0,7.5,10.375,7.625],"tintindex":0,"rotation":0,"texture":"#0"},"north":{"uv":[7.5,10.0,7.875,10.125],"tintindex":0,"rotation":0,"texture":"#0"},"west":{"uv":[4.75,7.25,4.875,7.375],"tintindex":0,"rotation":0,"texture":"#0"},"up":{"uv":[10.375,7.75,10.0,7.625],"tintindex":0,"rotation":0,"texture":"#0"},"down":{"uv":[10.375,7.75,10.0,7.875],"tintindex":0,"rotation":0,"texture":"#0"}},"rotation":{"origin":[11.847239,5.484434,7.975],"angle":-45.0,"axis":"z"}},{"from":[14.626783,8.358588,3.523543],"to":[17.626783,9.358588,4.8235426],"faces":{"east":{"uv":[4.75,6.75,4.875,6.875],"tintindex":0,"rotation":0,"texture":"#0"},"south":{"uv":[6.125,10.0,6.5,10.125],"tintindex":0,"rotation":0,"texture":"#0"},"north":{"uv":[10.0,6.0,10.375,6.125],"tintindex":0,"rotation":0,"texture":"#0"},"west":{"uv":[6.875,1.375,7.0,1.5],"tintindex":0,"rotation":0,"texture":"#0"},"up":{"uv":[10.375,6.25,10.0,6.125],"tintindex":0,"rotation":0,"texture":"#0"},"down":{"uv":[10.375,6.25,10.0,6.375],"tintindex":0,"rotation":0,"texture":"#0"}},"rotation":{"origin":[11.847239,5.484434,7.975],"angle":-22.5,"axis":"z"}}],"display":{"gui":{"rotation":[30,225,0]}}}