{"textures":{"0":"modelengine:entity/summon_wolf_virusg"},"elements":[{"from":[13.298195,6.325777,4.0411806],"to":[16.298195,7.325777,5.341181],"faces":{"east":{"uv":[5.25,0.5,5.375,0.625],"tintindex":0,"rotation":0,"texture":"#0"},"south":{"uv":[6.25,3.0,6.625,3.125],"tintindex":0,"rotation":0,"texture":"#0"},"north":{"uv":[3.0,4.0,3.375,4.125],"tintindex":0,"rotation":0,"texture":"#0"},"west":{"uv":[5.25,0.625,5.375,0.75],"tintindex":0,"rotation":0,"texture":"#0"},"up":{"uv":[6.625,5.375,6.25,5.25],"tintindex":0,"rotation":0,"texture":"#0"},"down":{"uv":[7.0,3.0,6.625,3.125],"tintindex":0,"rotation":0,"texture":"#0"}},"rotation":{"origin":[12.813165,5.484434,7.716181],"angle":-22.5,"axis":"z"}},{"from":[10.965926,6.0,3.7411814],"to":[13.965926,7.0,5.7411814],"faces":{"east":{"uv":[4.5,3.125,4.75,3.25],"tintindex":0,"rotation":0,"texture":"#0"},"south":{"uv":[4.0,0.875,4.375,1.0],"tintindex":0,"rotation":0,"texture":"#0"},"north":{"uv":[2.0,3.875,2.375,4.0],"tintindex":0,"rotation":0,"texture":"#0"},"west":{"uv":[2.75,5.0,3.0,5.125],"tintindex":0,"rotation":0,"texture":"#0"},"up":{"uv":[8.75,2.125,8.375,1.875],"tintindex":0,"rotation":0,"texture":"#0"},"down":{"uv":[8.875,3.25,8.5,3.5],"tintindex":0,"rotation":0,"texture":"#0"}}},{"from":[5.9659257,5.0,4.7411814],"to":[11.965926,8.0,10.74118],"faces":{"east":{"uv":[5.0,3.25,5.75,3.625],"tintindex":0,"rotation":0,"texture":"#0"},"south":{"uv":[8.875,0.75,9.625,1.125],"tintindex":0,"rotation":0,"texture":"#0"},"north":{"uv":[8.75,6.75,9.5,7.125],"tintindex":0,"rotation":0,"texture":"#0"},"west":{"uv":[8.875,3.25,9.625,3.625],"tintindex":0,"rotation":0,"texture":"#0"},"up":{"uv":[7.625,4.625,6.875,3.875],"tintindex":0,"rotation":0,"texture":"#0"},"down":{"uv":[6.25,2.25,5.5,3.0],"tintindex":0,"rotation":0,"texture":"#0"}}},{"from":[14.2220745,6.7084603,7.0411806],"to":[17.222075,7.708461,8.341181],"faces":{"east":{"uv":[5.25,0.75,5.375,0.875],"tintindex":0,"rotation":0,"texture":"#0"},"south":{"uv":[5.875,7.875,6.25,8.0],"tintindex":0,"rotation":0,"texture":"#0"},"north":{"uv":[7.875,3.5,8.25,3.625],"tintindex":0,"rotation":0,"texture":"#0"},"west":{"uv":[1.75,5.375,1.875,5.5],"tintindex":0,"rotation":0,"texture":"#0"},"up":{"uv":[4.375,8.125,4.0,8.0],"tintindex":0,"rotation":0,"texture":"#0"},"down":{"uv":[8.625,6.0,8.25,6.125],"tintindex":0,"rotation":0,"texture":"#0"}},"rotation":{"origin":[12.813165,5.484434,7.716181],"angle":-22.5,"axis":"z"}},{"from":[11.965926,6.0,6.7411814],"to":[14.965926,7.0,8.74118],"faces":{"east":{"uv":[3.75,5.875,4.0,6.0],"tintindex":0,"rotation":0,"texture":"#0"},"south":{"uv":[7.375,6.125,7.75,6.25],"tintindex":0,"rotation":0,"texture":"#0"},"north":{"uv":[1.375,6.875,1.75,7.0],"tintindex":0,"rotation":0,"texture":"#0"},"west":{"uv":[5.5,7.125,5.75,7.25],"tintindex":0,"rotation":0,"texture":"#0"},"up":{"uv":[9.75,8.75,9.375,8.5],"tintindex":0,"rotation":0,"texture":"#0"},"down":{"uv":[9.75,9.125,9.375,9.375],"tintindex":0,"rotation":0,"texture":"#0"}}},{"from":[13.687417,5.922459,10.041182],"to":[16.687416,6.922459,11.341181],"faces":{"east":{"uv":[1.75,5.5,1.875,5.625],"tintindex":0,"rotation":0,"texture":"#0"},"south":{"uv":[9.75,9.5,10.125,9.625],"tintindex":0,"rotation":0,"texture":"#0"},"north":{"uv":[9.75,2.5,10.125,2.625],"tintindex":0,"rotation":0,"texture":"#0"},"west":{"uv":[1.75,5.625,1.875,5.75],"tintindex":0,"rotation":0,"texture":"#0"},"up":{"uv":[10.25,1.875,9.875,1.75],"tintindex":0,"rotation":0,"texture":"#0"},"down":{"uv":[10.25,7.0,9.875,7.125],"tintindex":0,"rotation":0,"texture":"#0"}},"rotation":{"origin":[12.813165,5.484434,7.716181],"angle":-45.0,"axis":"z"}},{"from":[11.171177,5.478434,9.74118],"to":[14.171177,6.478434,11.74118],"faces":{"east":{"uv":[9.25,5.875,9.5,6.0],"tintindex":0,"rotation":0,"texture":"#0"},"south":{"uv":[8.875,5.875,9.25,6.0],"tintindex":0,"rotation":0,"texture":"#0"},"north":{"uv":[8.75,2.625,9.125,2.75],"tintindex":0,"rotation":0,"texture":"#0"},"west":{"uv":[9.5,9.0,9.75,9.125],"tintindex":0,"rotation":0,"texture":"#0"},"up":{"uv":[9.75,9.625,9.375,9.375],"tintindex":0,"rotation":0,"texture":"#0"},"down":{"uv":[9.875,0.0,9.5,0.25],"tintindex":0,"rotation":0,"texture":"#0"}},"rotation":{"origin":[12.813165,5.484434,7.716181],"angle":-22.5,"axis":"z"}}],"display":{"gui":{"rotation":[30,225,0]}}}