{"textures":{"0":"modelengine:entity/summon_wolf_virusg"},"elements":[{"from":[1.1022224,7.0,3.2235427],"to":[4.1022224,8.0,5.223543],"faces":{"east":{"uv":[10.125,4.25,10.375,4.375],"tintindex":0,"rotation":0,"texture":"#0"},"south":{"uv":[10.0,8.625,10.375,8.75],"tintindex":0,"rotation":0,"texture":"#0"},"north":{"uv":[8.625,10.0,9.0,10.125],"tintindex":0,"rotation":0,"texture":"#0"},"west":{"uv":[4.375,10.125,4.625,10.25],"tintindex":0,"rotation":0,"texture":"#0"},"up":{"uv":[9.375,9.75,9.0,9.5],"tintindex":0,"rotation":0,"texture":"#0"},"down":{"uv":[10.0,0.25,9.625,0.5],"tintindex":0,"rotation":0,"texture":"#0"}}},{"from":[-1.9889908,7.496846,6.523543],"to":[1.0110083,8.496846,7.823543],"faces":{"east":{"uv":[6.875,7.375,7.0,7.5],"tintindex":0,"rotation":0,"texture":"#0"},"south":{"uv":[0.0,10.125,0.375,10.25],"tintindex":0,"rotation":0,"texture":"#0"},"north":{"uv":[9.75,10.0,10.125,10.125],"tintindex":0,"rotation":0,"texture":"#0"},"west":{"uv":[7.5,4.625,7.625,4.75],"tintindex":0,"rotation":0,"texture":"#0"},"up":{"uv":[10.5,0.125,10.125,0.0],"tintindex":0,"rotation":0,"texture":"#0"},"down":{"uv":[10.5,0.125,10.125,0.25],"tintindex":0,"rotation":0,"texture":"#0"}},"rotation":{"origin":[1.805522,5.964035,7.65],"angle":22.5,"axis":"z"}},{"from":[3.1022224,6.0,4.2235427],"to":[8.102222,9.0,10.223543],"faces":{"east":{"uv":[8.875,5.125,9.625,5.5],"tintindex":0,"rotation":0,"texture":"#0"},"south":{"uv":[9.0,7.125,9.625,7.5],"tintindex":0,"rotation":0,"texture":"#0"},"north":{"uv":[6.125,9.0,6.75,9.375],"tintindex":0,"rotation":0,"texture":"#0"},"west":{"uv":[8.875,9.75,9.625,10.125],"tintindex":0,"rotation":0,"texture":"#0"},"up":{"uv":[8.5,3.5,7.875,2.75],"tintindex":0,"rotation":0,"texture":"#0"},"down":{"uv":[1.0,2.25,0.375,3.0],"tintindex":0,"rotation":0,"texture":"#0"}}},{"from":[0.011058807,6.958704,9.623543],"to":[3.0110588,7.958704,10.923543],"faces":{"east":{"uv":[7.5,4.75,7.625,4.875],"tintindex":0,"rotation":0,"texture":"#0"},"south":{"uv":[1.125,10.125,1.5,10.25],"tintindex":0,"rotation":0,"texture":"#0"},"north":{"uv":[10.125,1.0,10.5,1.125],"tintindex":0,"rotation":0,"texture":"#0"},"west":{"uv":[0.625,7.75,0.75,7.875],"tintindex":0,"rotation":0,"texture":"#0"},"up":{"uv":[10.5,1.25,10.125,1.125],"tintindex":0,"rotation":0,"texture":"#0"},"down":{"uv":[10.5,1.25,10.125,1.375],"tintindex":0,"rotation":0,"texture":"#0"}},"rotation":{"origin":[2.8529902,4.7025595,11.35],"angle":45.0,"axis":"z"}},{"from":[-0.98899174,7.496846,3.523543],"to":[2.0110083,8.496846,4.8235426],"faces":{"east":{"uv":[6.875,7.25,7.0,7.375],"tintindex":0,"rotation":0,"texture":"#0"},"south":{"uv":[10.0,9.0,10.375,9.125],"tintindex":0,"rotation":0,"texture":"#0"},"north":{"uv":[9.0,10.0,9.375,10.125],"tintindex":0,"rotation":0,"texture":"#0"},"west":{"uv":[4.75,7.375,4.875,7.5],"tintindex":0,"rotation":0,"texture":"#0"},"up":{"uv":[10.375,9.25,10.0,9.125],"tintindex":0,"rotation":0,"texture":"#0"},"down":{"uv":[10.375,9.25,10.0,9.375],"tintindex":0,"rotation":0,"texture":"#0"}},"rotation":{"origin":[2.805522,5.964035,4.65],"angle":22.5,"axis":"z"}},{"from":[0.10222244,7.0,6.223543],"to":[3.1022224,8.0,8.223543],"faces":{"east":{"uv":[10.125,4.375,10.375,4.5],"tintindex":0,"rotation":0,"texture":"#0"},"south":{"uv":[10.0,9.375,10.375,9.5],"tintindex":0,"rotation":0,"texture":"#0"},"north":{"uv":[9.375,10.0,9.75,10.125],"tintindex":0,"rotation":0,"texture":"#0"},"west":{"uv":[10.125,4.5,10.375,4.625],"tintindex":0,"rotation":0,"texture":"#0"},"up":{"uv":[10.0,0.75,9.625,0.5],"tintindex":0,"rotation":0,"texture":"#0"},"down":{"uv":[10.0,0.75,9.625,1.0],"tintindex":0,"rotation":0,"texture":"#0"}}},{"from":[1.2443876,8.145443,9.223543],"to":[4.2443876,9.145443,11.223543],"faces":{"east":{"uv":[4.625,10.125,4.875,10.25],"tintindex":0,"rotation":0,"texture":"#0"},"south":{"uv":[0.75,10.125,1.125,10.25],"tintindex":0,"rotation":0,"texture":"#0"},"north":{"uv":[0.375,10.125,0.75,10.25],"tintindex":0,"rotation":0,"texture":"#0"},"west":{"uv":[10.125,4.625,10.375,4.75],"tintindex":0,"rotation":0,"texture":"#0"},"up":{"uv":[10.0,2.875,9.625,2.625],"tintindex":0,"rotation":0,"texture":"#0"},"down":{"uv":[3.5,9.625,3.125,9.875],"tintindex":0,"rotation":0,"texture":"#0"}},"rotation":{"origin":[6.052761,6.6679826,10.975],"angle":22.5,"axis":"z"}}],"display":{"gui":{"rotation":[30,225,0]}}}