{"textures":{"0":"modelengine:entity/summon_wolf_virusg"},"elements":[{"from":[7.0,16.225,2.5749998],"to":[9.0,17.225,5.875],"faces":{"east":{"uv":[10.125,2.0,10.5,2.125],"tintindex":0,"rotation":0,"texture":"#0"},"south":{"uv":[5.375,10.125,5.625,10.25],"tintindex":0,"rotation":0,"texture":"#0"},"north":{"uv":[10.125,5.25,10.375,5.375],"tintindex":0,"rotation":0,"texture":"#0"},"west":{"uv":[2.25,10.125,2.625,10.25],"tintindex":0,"rotation":0,"texture":"#0"},"up":{"uv":[9.875,5.125,9.625,4.75],"tintindex":0,"rotation":0,"texture":"#0"},"down":{"uv":[5.375,9.625,5.125,10.0],"tintindex":0,"rotation":0,"texture":"#0"}},"rotation":{"origin":[8.0,12.625,13.375],"angle":-22.5,"axis":"x"}},{"from":[7.0,14.924999,5.575],"to":[9.0,15.924999,8.875],"faces":{"east":{"uv":[10.125,2.875,10.5,3.0],"tintindex":0,"rotation":0,"texture":"#0"},"south":{"uv":[10.125,5.625,10.375,5.75],"tintindex":0,"rotation":0,"texture":"#0"},"north":{"uv":[5.625,10.125,5.875,10.25],"tintindex":0,"rotation":0,"texture":"#0"},"west":{"uv":[3.0,10.125,3.375,10.25],"tintindex":0,"rotation":0,"texture":"#0"},"up":{"uv":[9.875,5.875,9.625,5.5],"tintindex":0,"rotation":0,"texture":"#0"},"down":{"uv":[5.875,9.625,5.625,10.0],"tintindex":0,"rotation":0,"texture":"#0"}},"rotation":{"origin":[8.0,12.625,13.375],"angle":-22.5,"axis":"x"}},{"from":[7.0,16.225,2.5749998],"to":[9.0,17.225,5.875],"faces":{"east":{"uv":[10.125,1.375,10.5,1.5],"tintindex":0,"rotation":0,"texture":"#0"},"south":{"uv":[4.875,10.125,5.125,10.25],"tintindex":0,"rotation":0,"texture":"#0"},"north":{"uv":[10.125,4.75,10.375,4.875],"tintindex":0,"rotation":0,"texture":"#0"},"west":{"uv":[1.5,10.125,1.875,10.25],"tintindex":0,"rotation":0,"texture":"#0"},"up":{"uv":[9.875,3.625,9.625,3.25],"tintindex":0,"rotation":0,"texture":"#0"},"down":{"uv":[3.75,9.625,3.5,10.0],"tintindex":0,"rotation":0,"texture":"#0"}},"rotation":{"origin":[8.0,12.625,13.375],"angle":-22.5,"axis":"x"}},{"from":[7.0,17.325,-0.024999619],"to":[9.0,18.325,3.275],"faces":{"east":{"uv":[10.125,2.5,10.5,2.625],"tintindex":0,"rotation":0,"texture":"#0"},"south":{"uv":[10.125,5.5,10.375,5.625],"tintindex":0,"rotation":0,"texture":"#0"},"north":{"uv":[10.125,5.375,10.375,5.5],"tintindex":0,"rotation":0,"texture":"#0"},"west":{"uv":[2.625,10.125,3.0,10.25],"tintindex":0,"rotation":0,"texture":"#0"},"up":{"uv":[9.875,5.5,9.625,5.125],"tintindex":0,"rotation":0,"texture":"#0"},"down":{"uv":[5.625,9.625,5.375,10.0],"tintindex":0,"rotation":0,"texture":"#0"}},"rotation":{"origin":[8.0,12.625,13.375],"angle":-22.5,"axis":"x"}},{"from":[4.0,4.125,-4.125],"to":[12.0,12.125,7.875],"faces":{"east":{"uv":[0.0,2.0,1.5,3.0],"tintindex":0,"rotation":0,"texture":"#0"},"south":{"uv":[0.0,4.25,1.0,5.25],"tintindex":0,"rotation":0,"texture":"#0"},"north":{"uv":[4.0,4.125,5.0,5.125],"tintindex":0,"rotation":0,"texture":"#0"},"west":{"uv":[2.5,0.0,4.0,1.0],"tintindex":0,"rotation":0,"texture":"#0"},"up":{"uv":[3.5,2.5,2.5,1.0],"tintindex":0,"rotation":0,"texture":"#0"},"down":{"uv":[3.5,2.5,2.5,4.0],"tintindex":0,"rotation":0,"texture":"#0"}}},{"from":[7.0,17.325,-0.024999619],"to":[9.0,18.325,3.275],"faces":{"east":{"uv":[10.125,1.5,10.5,1.625],"tintindex":0,"rotation":0,"texture":"#0"},"south":{"uv":[10.125,5.0,10.375,5.125],"tintindex":0,"rotation":0,"texture":"#0"},"north":{"uv":[10.125,4.875,10.375,5.0],"tintindex":0,"rotation":0,"texture":"#0"},"west":{"uv":[10.125,1.625,10.5,1.75],"tintindex":0,"rotation":0,"texture":"#0"},"up":{"uv":[9.875,4.0,9.625,3.625],"tintindex":0,"rotation":0,"texture":"#0"},"down":{"uv":[9.875,4.0,9.625,4.375],"tintindex":0,"rotation":0,"texture":"#0"}},"rotation":{"origin":[8.0,12.625,13.375],"angle":-22.5,"axis":"x"}},{"from":[7.0,14.924999,5.575],"to":[9.0,15.924999,8.875],"faces":{"east":{"uv":[1.875,10.125,2.25,10.25],"tintindex":0,"rotation":0,"texture":"#0"},"south":{"uv":[10.125,5.125,10.375,5.25],"tintindex":0,"rotation":0,"texture":"#0"},"north":{"uv":[5.125,10.125,5.375,10.25],"tintindex":0,"rotation":0,"texture":"#0"},"west":{"uv":[10.125,1.875,10.5,2.0],"tintindex":0,"rotation":0,"texture":"#0"},"up":{"uv":[4.625,10.0,4.375,9.625],"tintindex":0,"rotation":0,"texture":"#0"},"down":{"uv":[9.875,4.375,9.625,4.75],"tintindex":0,"rotation":0,"texture":"#0"}},"rotation":{"origin":[8.0,12.625,13.375],"angle":-22.5,"axis":"x"}}],"display":{"gui":{"rotation":[30,225,0]}}}