{"textures":{"0":"modelengine:entity/summon_wolf_virusg"},"elements":[{"from":[6.0,3.0,6.0],"to":[11.0,8.0,11.0],"faces":{"east":{"uv":[7.75,8.0,8.375,8.625],"tintindex":0,"rotation":0,"texture":"#0"},"south":{"uv":[8.125,0.0,8.75,0.625],"tintindex":0,"rotation":0,"texture":"#0"},"north":{"uv":[7.125,8.0,7.75,8.625],"tintindex":0,"rotation":0,"texture":"#0"},"west":{"uv":[8.125,2.125,8.75,2.75],"tintindex":0,"rotation":0,"texture":"#0"},"up":{"uv":[4.625,8.75,4.0,8.125],"tintindex":0,"rotation":0,"texture":"#0"},"down":{"uv":[5.25,8.125,4.625,8.75],"tintindex":0,"rotation":0,"texture":"#0"}}}],"display":{"gui":{"rotation":[30,225,0]}}}