{"textures":{"0":"modelengine:entity/summon_wolf_virusg"},"elements":[{"from":[6.0,3.0,6.0],"to":[11.0,9.0,11.0],"faces":{"east":{"uv":[0.0,7.75,0.625,8.5],"tintindex":0,"rotation":0,"texture":"#0"},"south":{"uv":[1.375,7.75,2.0,8.5],"tintindex":0,"rotation":0,"texture":"#0"},"north":{"uv":[7.625,4.375,8.25,5.125],"tintindex":0,"rotation":0,"texture":"#0"},"west":{"uv":[7.75,1.375,8.375,2.125],"tintindex":0,"rotation":0,"texture":"#0"},"up":{"uv":[9.0,7.75,8.375,7.125],"tintindex":0,"rotation":0,"texture":"#0"},"down":{"uv":[9.0,7.75,8.375,8.375],"tintindex":0,"rotation":0,"texture":"#0"}}}],"display":{"gui":{"rotation":[30,225,0]}}}