{"textures":{"0":"modelengine:entity/summon_wolf_virusg"},"elements":[{"from":[5.0,3.0,6.0],"to":[10.0,8.0,11.0],"faces":{"east":{"uv":[8.25,4.125,8.875,4.75],"tintindex":0,"rotation":0,"texture":"#0"},"south":{"uv":[8.25,4.75,8.875,5.375],"tintindex":0,"rotation":0,"texture":"#0"},"north":{"uv":[8.25,3.5,8.875,4.125],"tintindex":0,"rotation":0,"texture":"#0"},"west":{"uv":[8.25,5.375,8.875,6.0],"tintindex":0,"rotation":0,"texture":"#0"},"up":{"uv":[9.0,1.875,8.375,1.25],"tintindex":0,"rotation":0,"texture":"#0"},"down":{"uv":[2.625,8.375,2.0,9.0],"tintindex":0,"rotation":0,"texture":"#0"}}}],"display":{"gui":{"rotation":[30,225,0]}}}