{"textures":{"0":"modelengine:entity/summon_wolf_virusg"},"elements":[{"from":[5.0,3.0,6.0],"to":[10.0,9.0,11.0],"faces":{"east":{"uv":[2.75,7.625,3.375,8.375],"tintindex":0,"rotation":0,"texture":"#0"},"south":{"uv":[3.375,7.625,4.0,8.375],"tintindex":0,"rotation":0,"texture":"#0"},"north":{"uv":[2.125,7.625,2.75,8.375],"tintindex":0,"rotation":0,"texture":"#0"},"west":{"uv":[7.625,3.625,8.25,4.375],"tintindex":0,"rotation":0,"texture":"#0"},"up":{"uv":[3.25,9.0,2.625,8.375],"tintindex":0,"rotation":0,"texture":"#0"},"down":{"uv":[3.875,8.375,3.25,9.0],"tintindex":0,"rotation":0,"texture":"#0"}}}],"display":{"gui":{"rotation":[30,225,0]}}}