{"textures":{"0":"modelengine:entity/summon_wolf_virusg"},"elements":[{"from":[7.1055555,6.95,8.08889],"to":[8.905556,9.049999,10.08889],"faces":{"east":{"uv":[9.75,8.5,10.0,8.75],"tintindex":0,"rotation":0,"texture":"#0"},"south":{"uv":[8.875,9.75,9.125,10.0],"tintindex":0,"rotation":0,"texture":"#0"},"north":{"uv":[7.75,9.75,8.0,10.0],"tintindex":0,"rotation":0,"texture":"#0"},"west":{"uv":[9.75,9.0,10.0,9.25],"tintindex":0,"rotation":0,"texture":"#0"},"up":{"uv":[9.375,10.0,9.125,9.75],"tintindex":0,"rotation":0,"texture":"#0"},"down":{"uv":[10.0,9.25,9.75,9.5],"tintindex":0,"rotation":0,"texture":"#0"}}},{"from":[7.1055555,6.95,23.988888],"to":[8.905556,9.049999,25.988888],"faces":{"east":{"uv":[9.875,4.125,10.125,4.375],"tintindex":0,"rotation":0,"texture":"#0"},"south":{"uv":[9.875,4.375,10.125,4.625],"tintindex":0,"rotation":0,"texture":"#0"},"north":{"uv":[9.875,3.875,10.125,4.125],"tintindex":0,"rotation":0,"texture":"#0"},"west":{"uv":[9.875,4.625,10.125,4.875],"tintindex":0,"rotation":0,"texture":"#0"},"up":{"uv":[10.125,5.125,9.875,4.875],"tintindex":0,"rotation":0,"texture":"#0"},"down":{"uv":[10.125,5.125,9.875,5.375],"tintindex":0,"rotation":0,"texture":"#0"}}},{"from":[6.1055555,5.95,14.08889],"to":[9.905556,10.049999,16.08889],"faces":{"east":{"uv":[0.5,9.375,0.75,9.875],"tintindex":0,"rotation":0,"texture":"#0"},"south":{"uv":[1.625,9.0,2.125,9.5],"tintindex":0,"rotation":0,"texture":"#0"},"north":{"uv":[9.0,1.125,9.5,1.625],"tintindex":0,"rotation":0,"texture":"#0"},"west":{"uv":[0.75,9.375,1.0,9.875],"tintindex":0,"rotation":0,"texture":"#0"},"up":{"uv":[6.0,9.625,5.5,9.375],"tintindex":0,"rotation":0,"texture":"#0"},"down":{"uv":[6.5,9.375,6.0,9.625],"tintindex":0,"rotation":0,"texture":"#0"}}},{"from":[7.0055556,6.95,19.988888],"to":[9.205556,9.349999,21.988888],"faces":{"east":{"uv":[9.875,5.625,10.125,5.875],"tintindex":0,"rotation":0,"texture":"#0"},"south":{"uv":[5.875,9.875,6.125,10.125],"tintindex":0,"rotation":0,"texture":"#0"},"north":{"uv":[9.875,5.375,10.125,5.625],"tintindex":0,"rotation":0,"texture":"#0"},"west":{"uv":[6.5,9.875,6.75,10.125],"tintindex":0,"rotation":0,"texture":"#0"},"up":{"uv":[10.125,6.75,9.875,6.5],"tintindex":0,"rotation":0,"texture":"#0"},"down":{"uv":[10.125,6.75,9.875,7.0],"tintindex":0,"rotation":0,"texture":"#0"}}},{"from":[6.5055556,6.25,18.08889],"to":[9.405556,9.65,20.08889],"faces":{"east":{"uv":[1.0,9.75,1.25,10.125],"tintindex":0,"rotation":0,"texture":"#0"},"south":{"uv":[7.75,9.125,8.125,9.5],"tintindex":0,"rotation":0,"texture":"#0"},"north":{"uv":[4.0,7.625,4.375,8.0],"tintindex":0,"rotation":0,"texture":"#0"},"west":{"uv":[1.25,9.75,1.5,10.125],"tintindex":0,"rotation":0,"texture":"#0"},"up":{"uv":[1.875,10.0,1.5,9.75],"tintindex":0,"rotation":0,"texture":"#0"},"down":{"uv":[10.125,1.875,9.75,2.125],"tintindex":0,"rotation":0,"texture":"#0"}}},{"from":[7.0055556,6.95,12.08889],"to":[9.205556,9.349999,14.08889],"faces":{"east":{"uv":[9.875,1.0,10.125,1.25],"tintindex":0,"rotation":0,"texture":"#0"},"south":{"uv":[9.875,1.25,10.125,1.5],"tintindex":0,"rotation":0,"texture":"#0"},"north":{"uv":[0.75,9.875,1.0,10.125],"tintindex":0,"rotation":0,"texture":"#0"},"west":{"uv":[9.875,1.5,10.125,1.75],"tintindex":0,"rotation":0,"texture":"#0"},"up":{"uv":[2.375,10.125,2.125,9.875],"tintindex":0,"rotation":0,"texture":"#0"},"down":{"uv":[2.625,9.875,2.375,10.125],"tintindex":0,"rotation":0,"texture":"#0"}}},{"from":[6.5055556,6.25,10.08889],"to":[9.405556,9.65,12.08889],"faces":{"east":{"uv":[6.25,9.625,6.5,10.0],"tintindex":0,"rotation":0,"texture":"#0"},"south":{"uv":[1.375,6.5,1.75,6.875],"tintindex":0,"rotation":0,"texture":"#0"},"north":{"uv":[6.25,4.875,6.625,5.25],"tintindex":0,"rotation":0,"texture":"#0"},"west":{"uv":[6.75,9.625,7.0,10.0],"tintindex":0,"rotation":0,"texture":"#0"},"up":{"uv":[8.5,9.875,8.125,9.625],"tintindex":0,"rotation":0,"texture":"#0"},"down":{"uv":[8.875,9.625,8.5,9.875],"tintindex":0,"rotation":0,"texture":"#0"}}},{"from":[7.1055555,6.95,16.08889],"to":[8.905556,9.049999,18.08889],"faces":{"east":{"uv":[2.875,9.875,3.125,10.125],"tintindex":0,"rotation":0,"texture":"#0"},"south":{"uv":[3.125,9.875,3.375,10.125],"tintindex":0,"rotation":0,"texture":"#0"},"north":{"uv":[2.625,9.875,2.875,10.125],"tintindex":0,"rotation":0,"texture":"#0"},"west":{"uv":[9.875,3.125,10.125,3.375],"tintindex":0,"rotation":0,"texture":"#0"},"up":{"uv":[10.125,3.625,9.875,3.375],"tintindex":0,"rotation":0,"texture":"#0"},"down":{"uv":[10.125,3.625,9.875,3.875],"tintindex":0,"rotation":0,"texture":"#0"}}},{"from":[6.5055556,6.25,25.988888],"to":[9.405556,9.65,27.988888],"faces":{"east":{"uv":[1.875,9.75,2.125,10.125],"tintindex":0,"rotation":0,"texture":"#0"},"south":{"uv":[9.25,2.625,9.625,3.0],"tintindex":0,"rotation":0,"texture":"#0"},"north":{"uv":[9.0,9.125,9.375,9.5],"tintindex":0,"rotation":0,"texture":"#0"},"west":{"uv":[9.75,2.125,10.0,2.5],"tintindex":0,"rotation":0,"texture":"#0"},"up":{"uv":[10.125,3.125,9.75,2.875],"tintindex":0,"rotation":0,"texture":"#0"},"down":{"uv":[4.125,9.75,3.75,10.0],"tintindex":0,"rotation":0,"texture":"#0"}}},{"from":[6.1055555,5.95,21.988888],"to":[9.905556,10.049999,23.988888],"faces":{"east":{"uv":[6.5,9.375,6.75,9.875],"tintindex":0,"rotation":0,"texture":"#0"},"south":{"uv":[2.625,9.0,3.125,9.5],"tintindex":0,"rotation":0,"texture":"#0"},"north":{"uv":[2.125,9.0,2.625,9.5],"tintindex":0,"rotation":0,"texture":"#0"},"west":{"uv":[9.375,7.5,9.625,8.0],"tintindex":0,"rotation":0,"texture":"#0"},"up":{"uv":[9.875,8.25,9.375,8.0],"tintindex":0,"rotation":0,"texture":"#0"},"down":{"uv":[9.875,8.25,9.375,8.5],"tintindex":0,"rotation":0,"texture":"#0"}}}],"display":{"gui":{"rotation":[30,225,0]}}}