{"textures":{"0":"modelengine:entity/pa_hammerhead_shark"},"elements":[{"from":[6.0,12.75,6.0],"to":[8.0,26.75,13.0],"faces":{"east":{"uv":[0.0,0.875,0.875,2.625],"tintindex":0,"rotation":0,"texture":"#0"},"south":{"uv":[2.0,0.875,2.25,2.625],"tintindex":0,"rotation":0,"texture":"#0"},"north":{"uv":[0.875,0.875,1.125,2.625],"tintindex":0,"rotation":0,"texture":"#0"},"west":{"uv":[1.125,0.875,2.0,2.625],"tintindex":0,"rotation":0,"texture":"#0"},"up":{"uv":[1.125,0.875,0.875,0.0],"tintindex":0,"rotation":0,"texture":"#0"},"down":{"uv":[1.375,0.0,1.125,0.875],"tintindex":0,"rotation":0,"texture":"#0"}}},{"from":[2.0,2.75,-2.0],"to":[12.0,12.75,23.0],"faces":{"east":{"uv":[0.0,3.125,3.125,4.375],"tintindex":0,"rotation":0,"texture":"#0"},"south":{"uv":[7.5,3.125,8.75,4.375],"tintindex":0,"rotation":0,"texture":"#0"},"north":{"uv":[3.125,3.125,4.375,4.375],"tintindex":0,"rotation":0,"texture":"#0"},"west":{"uv":[4.375,3.125,7.5,4.375],"tintindex":0,"rotation":0,"texture":"#0"},"up":{"uv":[4.375,3.125,3.125,0.0],"tintindex":0,"rotation":0,"texture":"#0"},"down":{"uv":[5.625,0.0,4.375,3.125],"tintindex":0,"rotation":0,"texture":"#0"}}}]}