{"textures":{"0":"modelengine:entity/pa_hammerhead_shark"},"elements":[{"from":[12.0,6.0,3.0],"to":[26.0,7.0,9.0],"faces":{"east":{"uv":[5.875,6.625,6.625,6.75],"tintindex":0,"rotation":0,"texture":"#0"},"south":{"uv":[9.125,6.625,10.875,6.75],"tintindex":0,"rotation":0,"texture":"#0"},"north":{"uv":[6.625,6.625,8.375,6.75],"tintindex":0,"rotation":0,"texture":"#0"},"west":{"uv":[8.375,6.625,9.125,6.75],"tintindex":0,"rotation":0,"texture":"#0"},"up":{"uv":[8.375,6.625,6.625,5.875],"tintindex":0,"rotation":0,"texture":"#0"},"down":{"uv":[10.125,5.875,8.375,6.625],"tintindex":0,"rotation":0,"texture":"#0"}},"rotation":{"origin":[13.5,6.5,6.5],"angle":0.0,"axis":"z"}},{"from":[-12.0,6.0,3.0],"to":[2.0,7.0,9.0],"faces":{"east":{"uv":[9.125,6.625,8.375,6.75],"tintindex":0,"rotation":0,"texture":"#0"},"south":{"uv":[10.875,6.625,9.125,6.75],"tintindex":0,"rotation":0,"texture":"#0"},"north":{"uv":[8.375,6.625,6.625,6.75],"tintindex":0,"rotation":0,"texture":"#0"},"west":{"uv":[6.625,6.625,5.875,6.75],"tintindex":0,"rotation":0,"texture":"#0"},"up":{"uv":[6.625,6.625,8.375,5.875],"tintindex":0,"rotation":0,"texture":"#0"},"down":{"uv":[8.375,5.875,10.125,6.625],"tintindex":0,"rotation":0,"texture":"#0"}},"rotation":{"origin":[2.5,6.5,6.5],"angle":0.0,"axis":"z"}}]}