{"textures":{"0":"modelengine:entity/pa_hammerhead_shark"},"elements":[{"from":[-3.0,8.0,-5.25],"to":[19.0,11.0,1.75],"faces":{"east":{"uv":[4.0,5.375,4.875,5.75],"tintindex":0,"rotation":0,"texture":"#0"},"south":{"uv":[8.5,5.375,11.25,5.75],"tintindex":0,"rotation":0,"texture":"#0"},"north":{"uv":[4.875,5.375,7.625,5.75],"tintindex":0,"rotation":0,"texture":"#0"},"west":{"uv":[7.625,5.375,8.5,5.75],"tintindex":0,"rotation":0,"texture":"#0"},"up":{"uv":[7.625,5.375,4.875,4.5],"tintindex":0,"rotation":0,"texture":"#0"},"down":{"uv":[10.375,4.5,7.625,5.375],"tintindex":0,"rotation":0,"texture":"#0"}}},{"from":[3.0,5.0,-0.25],"to":[11.0,12.0,6.75],"faces":{"east":{"uv":[5.0,7.75,5.875,8.625],"tintindex":0,"rotation":0,"texture":"#0"},"south":{"uv":[7.75,7.75,8.75,8.625],"tintindex":0,"rotation":0,"texture":"#0"},"north":{"uv":[5.875,7.75,6.875,8.625],"tintindex":0,"rotation":0,"texture":"#0"},"west":{"uv":[6.875,7.75,7.75,8.625],"tintindex":0,"rotation":0,"texture":"#0"},"up":{"uv":[6.875,7.75,5.875,6.875],"tintindex":0,"rotation":0,"texture":"#0"},"down":{"uv":[7.875,6.875,6.875,7.75],"tintindex":0,"rotation":0,"texture":"#0"}}}]}