{"textures":{"0":"modelengine:entity/pa_hammerhead_shark"},"elements":[{"from":[7.0,9.0,7.75],"to":[8.0,14.0,11.75],"faces":{"east":{"uv":[0.0,5.0,0.5,5.625],"tintindex":0,"rotation":0,"texture":"#0"},"south":{"uv":[1.125,5.0,1.25,5.625],"tintindex":0,"rotation":0,"texture":"#0"},"north":{"uv":[0.5,5.0,0.625,5.625],"tintindex":0,"rotation":0,"texture":"#0"},"west":{"uv":[0.625,5.0,1.125,5.625],"tintindex":0,"rotation":0,"texture":"#0"},"up":{"uv":[0.625,5.0,0.5,4.5],"tintindex":0,"rotation":0,"texture":"#0"},"down":{"uv":[0.75,4.5,0.625,5.0],"tintindex":0,"rotation":0,"texture":"#0"}}},{"from":[3.0,0.0,12.75],"to":[11.0,8.0,27.75],"faces":{"east":{"uv":[0.0,6.375,1.875,7.375],"tintindex":0,"rotation":0,"texture":"#0"},"south":{"uv":[4.75,6.375,5.75,7.375],"tintindex":0,"rotation":0,"texture":"#0"},"north":{"uv":[1.875,6.375,2.875,7.375],"tintindex":0,"rotation":0,"texture":"#0"},"west":{"uv":[2.875,6.375,4.75,7.375],"tintindex":0,"rotation":0,"texture":"#0"},"up":{"uv":[2.875,6.375,1.875,4.5],"tintindex":0,"rotation":0,"texture":"#0"},"down":{"uv":[3.875,4.5,2.875,6.375],"tintindex":0,"rotation":0,"texture":"#0"}}}]}