{"textures":{"0":"modelengine:entity/pa_hammerhead_shark"},"elements":[{"from":[-6.0,15.0,22.0],"to":[2.0,16.0,26.0],"faces":{"east":{"uv":[8.0,7.375,8.5,7.5],"tintindex":0,"rotation":0,"texture":"#0"},"south":{"uv":[10.0,7.375,11.0,7.5],"tintindex":0,"rotation":0,"texture":"#0"},"north":{"uv":[8.5,7.375,9.5,7.5],"tintindex":0,"rotation":0,"texture":"#0"},"west":{"uv":[9.5,7.375,10.0,7.5],"tintindex":0,"rotation":0,"texture":"#0"},"up":{"uv":[9.5,7.375,8.5,6.875],"tintindex":0,"rotation":0,"texture":"#0"},"down":{"uv":[10.5,6.875,9.5,7.375],"tintindex":0,"rotation":0,"texture":"#0"}},"rotation":{"origin":[3.0,15.5,25.5],"angle":22.5,"axis":"z"}},{"from":[12.0,15.0,22.0],"to":[20.0,16.0,26.0],"faces":{"east":{"uv":[8.0,7.375,8.5,7.5],"tintindex":0,"rotation":0,"texture":"#0"},"south":{"uv":[10.0,7.375,11.0,7.5],"tintindex":0,"rotation":0,"texture":"#0"},"north":{"uv":[8.5,7.375,9.5,7.5],"tintindex":0,"rotation":0,"texture":"#0"},"west":{"uv":[9.5,7.375,10.0,7.5],"tintindex":0,"rotation":0,"texture":"#0"},"up":{"uv":[9.5,7.375,8.5,6.875],"tintindex":0,"rotation":0,"texture":"#0"},"down":{"uv":[10.5,6.875,9.5,7.375],"tintindex":0,"rotation":0,"texture":"#0"}},"rotation":{"origin":[13.0,15.5,25.5],"angle":-22.5,"axis":"z"}}]}