{"textures":{"0":"modelengine:entity/pa_hammerhead_shark"},"elements":[{"from":[6.0,-10.5,-6.0],"to":[7.0,3.5,0.0],"faces":{"east":{"uv":[2.125,8.25,2.875,10.0],"tintindex":0,"rotation":0,"texture":"#0"},"south":{"uv":[3.75,8.25,3.875,10.0],"tintindex":0,"rotation":0,"texture":"#0"},"north":{"uv":[2.875,8.25,3.0,10.0],"tintindex":0,"rotation":0,"texture":"#0"},"west":{"uv":[3.0,8.25,3.75,10.0],"tintindex":0,"rotation":0,"texture":"#0"},"up":{"uv":[3.0,8.25,2.875,7.5],"tintindex":0,"rotation":0,"texture":"#0"},"down":{"uv":[3.125,7.5,3.0,8.25],"tintindex":0,"rotation":0,"texture":"#0"}},"rotation":{"origin":[8.0,4.5,-4.0],"angle":-45.0,"axis":"x"}},{"from":[6.0,9.5,-6.0],"to":[8.0,28.5,0.0],"faces":{"east":{"uv":[0.0,8.25,0.75,10.625],"tintindex":0,"rotation":0,"texture":"#0"},"south":{"uv":[1.75,8.25,2.0,10.625],"tintindex":0,"rotation":0,"texture":"#0"},"north":{"uv":[0.75,8.25,1.0,10.625],"tintindex":0,"rotation":0,"texture":"#0"},"west":{"uv":[1.0,8.25,1.75,10.625],"tintindex":0,"rotation":0,"texture":"#0"},"up":{"uv":[1.0,8.25,0.75,7.5],"tintindex":0,"rotation":0,"texture":"#0"},"down":{"uv":[1.25,7.5,1.0,8.25],"tintindex":0,"rotation":0,"texture":"#0"}},"rotation":{"origin":[8.0,8.5,-4.0],"angle":45.0,"axis":"x"}}]}