{"textures":{"0":"modelengine:entity/pa_elephant_tusks2"},"elements":[{"from":[-13.0,-4.0,11.0],"to":[7.0,18.0,13.0],"faces":{"east":{"uv":[6.5,0.125,6.625,1.5],"tintindex":0,"rotation":0,"texture":"#0"},"south":{"uv":[8.0,0.125,9.25,1.5],"tintindex":0,"rotation":0,"texture":"#0"},"north":{"uv":[6.625,0.125,7.875,1.5],"tintindex":0,"rotation":0,"texture":"#0"},"west":{"uv":[7.875,0.125,8.0,1.5],"tintindex":0,"rotation":0,"texture":"#0"},"up":{"uv":[7.875,0.125,6.625,0.0],"tintindex":0,"rotation":0,"texture":"#0"},"down":{"uv":[9.125,0.0,7.875,0.125],"tintindex":0,"rotation":0,"texture":"#0"}},"rotation":{"origin":[15.0,-32.0,30.0],"angle":22.5,"axis":"y"}}]}