{"textures":{"0":"modelengine:entity/pa_elephant_tusks2"},"elements":[{"from":[-2.0,7.0,-9.0],"to":[18.0,28.0,6.0],"faces":{"east":{"uv":[0.0,5.75,0.9375,7.0625],"tintindex":0,"rotation":0,"texture":"#0"},"south":{"uv":[3.125,5.75,4.375,7.0625],"tintindex":0,"rotation":0,"texture":"#0"},"north":{"uv":[0.9375,5.75,2.1875,7.0625],"tintindex":0,"rotation":0,"texture":"#0"},"west":{"uv":[2.1875,5.75,3.125,7.0625],"tintindex":0,"rotation":0,"texture":"#0"},"up":{"uv":[2.1875,5.75,0.9375,4.8125],"tintindex":0,"rotation":0,"texture":"#0"},"down":{"uv":[3.4375,4.8125,2.1875,5.75],"tintindex":0,"rotation":0,"texture":"#0"}}}]}