{"textures":{"0":"modelengine:entity/pa_elephant_tusks2"},"elements":[{"from":[12.0,-6.0,-9.25],"to":[14.0,-4.0,-0.75],"faces":{"east":{"uv":[6.5,2.625,7.5625,2.875],"tintindex":0,"rotation":0,"texture":"#0"},"south":{"uv":[8.875,2.625,9.125,2.875],"tintindex":0,"rotation":0,"texture":"#0"},"north":{"uv":[7.5625,2.625,7.8125,2.875],"tintindex":0,"rotation":0,"texture":"#0"},"west":{"uv":[7.8125,2.625,8.875,2.875],"tintindex":0,"rotation":0,"texture":"#0"},"up":{"uv":[7.8125,2.625,7.5625,1.5625],"tintindex":0,"rotation":0,"texture":"#0"},"down":{"uv":[8.0625,1.5625,7.8125,2.625],"tintindex":0,"rotation":0,"texture":"#0"}}},{"from":[2.0,-6.25,-9.25],"to":[4.0,-4.25,-0.75],"faces":{"east":{"uv":[6.5,2.625,7.5625,2.875],"tintindex":0,"rotation":0,"texture":"#0"},"south":{"uv":[8.875,2.625,9.125,2.875],"tintindex":0,"rotation":0,"texture":"#0"},"north":{"uv":[7.5625,2.625,7.8125,2.875],"tintindex":0,"rotation":0,"texture":"#0"},"west":{"uv":[7.8125,2.625,8.875,2.875],"tintindex":0,"rotation":0,"texture":"#0"},"up":{"uv":[7.8125,2.625,7.5625,1.5625],"tintindex":0,"rotation":0,"texture":"#0"},"down":{"uv":[8.0625,1.5625,7.8125,2.625],"tintindex":0,"rotation":0,"texture":"#0"}}},{"from":[11.0,-5.75,-1.5],"to":[13.0,8.25,0.5],"faces":{"east":{"uv":[0.0,7.375,0.25,9.125],"tintindex":0,"rotation":0,"texture":"#0"},"south":{"uv":[0.75,7.375,1.0,9.125],"tintindex":0,"rotation":0,"texture":"#0"},"north":{"uv":[0.25,7.375,0.5,9.125],"tintindex":0,"rotation":0,"texture":"#0"},"west":{"uv":[0.5,7.375,0.75,9.125],"tintindex":0,"rotation":0,"texture":"#0"},"up":{"uv":[0.5,7.375,0.25,7.125],"tintindex":0,"rotation":0,"texture":"#0"},"down":{"uv":[0.75,7.125,0.5,7.375],"tintindex":0,"rotation":0,"texture":"#0"}},"rotation":{"origin":[10.5,3.5,-2.5],"angle":0.0,"axis":"z"}},{"from":[3.0,-6.25,-1.5],"to":[5.0,7.75,0.5],"faces":{"east":{"uv":[0.75,7.375,0.5,9.125],"tintindex":0,"rotation":0,"texture":"#0"},"south":{"uv":[1.0,7.375,0.75,9.125],"tintindex":0,"rotation":0,"texture":"#0"},"north":{"uv":[0.5,7.375,0.25,9.125],"tintindex":0,"rotation":0,"texture":"#0"},"west":{"uv":[0.25,7.375,0.0,9.125],"tintindex":0,"rotation":0,"texture":"#0"},"up":{"uv":[0.25,7.375,0.5,7.125],"tintindex":0,"rotation":0,"texture":"#0"},"down":{"uv":[0.5,7.125,0.75,7.375],"tintindex":0,"rotation":0,"texture":"#0"}},"rotation":{"origin":[5.5,3.5,-2.5],"angle":0.0,"axis":"z"}}]}