{"textures":{"0":"modelengine:entity/pa_orca"},"elements":[{"from":[7.5,15.0,2.0],"to":[8.5,32.0,11.0],"faces":{"east":{"uv":[0.0,0.5625,0.5625,1.625],"tintindex":0,"rotation":0,"texture":"#0"},"south":{"uv":[1.1875,0.5625,1.25,1.625],"tintindex":0,"rotation":0,"texture":"#0"},"north":{"uv":[0.5625,0.5625,0.625,1.625],"tintindex":0,"rotation":0,"texture":"#0"},"west":{"uv":[0.625,0.5625,1.1875,1.625],"tintindex":0,"rotation":0,"texture":"#0"},"up":{"uv":[0.625,0.5625,0.5625,0.0],"tintindex":0,"rotation":0,"texture":"#0"},"down":{"uv":[0.6875,0.0,0.625,0.5625],"tintindex":0,"rotation":0,"texture":"#0"}}}]}