{"textures":{"0":"modelengine:entity/pa_orca"},"elements":[{"from":[3.5,8.0,6.0],"to":[12.5,16.0,22.5],"faces":{"east":{"uv":[0.0,2.0625,2.0625,3.0625],"tintindex":0,"rotation":0,"texture":"#0"},"south":{"uv":[5.25,2.0625,6.375,3.0625],"tintindex":0,"rotation":0,"texture":"#0"},"north":{"uv":[2.0625,2.0625,3.1875,3.0625],"tintindex":0,"rotation":0,"texture":"#0"},"west":{"uv":[3.1875,2.0625,5.25,3.0625],"tintindex":0,"rotation":0,"texture":"#0"},"up":{"uv":[3.1875,2.0625,2.0625,0.0],"tintindex":0,"rotation":0,"texture":"#0"},"down":{"uv":[4.3125,0.0,3.1875,2.0625],"tintindex":0,"rotation":0,"texture":"#0"}}},{"from":[12.5,11.5,11.0],"to":[23.0,12.0,16.0],"faces":{"east":{"uv":[0.0,6.875,1.125,6.9375],"tintindex":0,"rotation":0,"texture":"#0"},"south":{"uv":[2.9375,6.875,3.625,6.9375],"tintindex":0,"rotation":0,"texture":"#0"},"north":{"uv":[1.125,6.875,1.8125,6.9375],"tintindex":0,"rotation":0,"texture":"#0"},"west":{"uv":[1.8125,6.875,2.9375,6.9375],"tintindex":0,"rotation":0,"texture":"#0"},"up":{"uv":[1.8125,6.875,1.125,5.75],"tintindex":0,"rotation":0,"texture":"#0"},"down":{"uv":[2.5,5.75,1.8125,6.875],"tintindex":0,"rotation":0,"texture":"#0"}},"rotation":{"origin":[13.0,12.0,9.5],"angle":-22.5,"axis":"z"}},{"from":[-7.0,11.5,11.0],"to":[3.5,12.0,16.0],"faces":{"east":{"uv":[0.0,6.875,1.125,6.9375],"tintindex":0,"rotation":0,"texture":"#0"},"south":{"uv":[2.9375,6.875,3.625,6.9375],"tintindex":0,"rotation":0,"texture":"#0"},"north":{"uv":[1.125,6.875,1.8125,6.9375],"tintindex":0,"rotation":0,"texture":"#0"},"west":{"uv":[1.8125,6.875,2.9375,6.9375],"tintindex":0,"rotation":0,"texture":"#0"},"up":{"uv":[1.8125,6.875,1.125,5.75],"tintindex":0,"rotation":0,"texture":"#0"},"down":{"uv":[2.5,5.75,1.8125,6.875],"tintindex":0,"rotation":0,"texture":"#0"}},"rotation":{"origin":[3.5,12.0,9.5],"angle":22.5,"axis":"z"}},{"from":[8.0,8.0,8.0],"to":[8.5,8.5,8.5],"faces":{"east":{"uv":[0.0,0.0625,0.0625,0.125],"tintindex":0,"rotation":0,"texture":"#0"},"south":{"uv":[0.1875,0.0625,0.25,0.125],"tintindex":0,"rotation":0,"texture":"#0"},"north":{"uv":[0.0625,0.0625,0.125,0.125],"tintindex":0,"rotation":0,"texture":"#0"},"west":{"uv":[0.125,0.0625,0.1875,0.125],"tintindex":0,"rotation":0,"texture":"#0"},"up":{"uv":[0.125,0.0625,0.0625,0.0],"tintindex":0,"rotation":0,"texture":"#0"},"down":{"uv":[0.1875,0.0,0.125,0.0625],"tintindex":0,"rotation":0,"texture":"#0"}}}]}