{"textures":{"0":"modelengine:entity/pa_orca"},"elements":[{"from":[0.1,10.6,-13.9],"to":[14.9,16.4,2.9],"faces":{"east":{"uv":[4.5,5.5,5.5625,5.875],"tintindex":0,"rotation":0,"texture":"#0"},"south":{"uv":[7.5625,5.5,8.5,5.875],"tintindex":0,"rotation":0,"texture":"#0"},"north":{"uv":[5.5625,5.5,6.5,5.875],"tintindex":0,"rotation":0,"texture":"#0"},"west":{"uv":[6.5,5.5,7.5625,5.875],"tintindex":0,"rotation":0,"texture":"#0"},"up":{"uv":[6.5,5.5,5.5625,4.4375],"tintindex":0,"rotation":0,"texture":"#0"},"down":{"uv":[7.4375,4.4375,6.5,5.5],"tintindex":0,"rotation":0,"texture":"#0"}}}]}