{"textures":{"0":"modelengine:entity/pa_orca"},"elements":[{"from":[0.3,8.7,-14.7],"to":[14.7,14.099999,3.7],"faces":{"east":{"uv":[0.0,5.3125,1.1875,5.6875],"tintindex":0,"rotation":0,"texture":"#0"},"south":{"uv":[3.3125,5.3125,4.25,5.6875],"tintindex":0,"rotation":0,"texture":"#0"},"north":{"uv":[1.1875,5.3125,2.125,5.6875],"tintindex":0,"rotation":0,"texture":"#0"},"west":{"uv":[2.125,5.3125,3.3125,5.6875],"tintindex":0,"rotation":0,"texture":"#0"},"up":{"uv":[2.125,5.3125,1.1875,4.125],"tintindex":0,"rotation":0,"texture":"#0"},"down":{"uv":[3.0625,4.125,2.125,5.3125],"tintindex":0,"rotation":0,"texture":"#0"}}}]}