{"textures":{"0":"modelengine:entity/pa_orca"},"elements":[{"from":[0.5,4.5,23.0],"to":[16.0,5.0,30.0],"faces":{"east":{"uv":[0.0,4.0,0.875,4.0625],"tintindex":0,"rotation":0,"texture":"#0"},"south":{"uv":[3.6875,4.0,5.625,4.0625],"tintindex":0,"rotation":0,"texture":"#0"},"north":{"uv":[0.875,4.0,2.8125,4.0625],"tintindex":0,"rotation":0,"texture":"#0"},"west":{"uv":[2.8125,4.0,3.6875,4.0625],"tintindex":0,"rotation":0,"texture":"#0"},"up":{"uv":[2.8125,4.0,0.875,3.125],"tintindex":0,"rotation":0,"texture":"#0"},"down":{"uv":[4.75,3.125,2.8125,4.0],"tintindex":0,"rotation":0,"texture":"#0"}}},{"from":[5.75,3.5,16.0],"to":[10.75,7.5,24.0],"faces":{"east":{"uv":[5.3125,7.0625,4.3125,7.5625],"tintindex":0,"rotation":0,"texture":"#0"},"south":{"uv":[5.9375,7.0625,5.3125,7.5625],"tintindex":0,"rotation":0,"texture":"#0"},"north":{"uv":[4.3125,7.0625,3.6875,7.5625],"tintindex":0,"rotation":0,"texture":"#0"},"west":{"uv":[3.6875,7.0625,2.6875,7.5625],"tintindex":0,"rotation":0,"texture":"#0"},"up":{"uv":[3.6875,7.0625,4.3125,6.0625],"tintindex":0,"rotation":0,"texture":"#0"},"down":{"uv":[4.3125,6.0625,4.9375,7.0625],"tintindex":0,"rotation":0,"texture":"#0"}}},{"from":[5.0,2.5,7.0],"to":[11.5,9.0,16.0],"faces":{"east":{"uv":[4.4375,1.125,5.5625,1.9375],"tintindex":0,"rotation":0,"texture":"#0"},"south":{"uv":[7.5,1.125,8.3125,1.9375],"tintindex":0,"rotation":0,"texture":"#0"},"north":{"uv":[5.5625,1.125,6.375,1.9375],"tintindex":0,"rotation":0,"texture":"#0"},"west":{"uv":[6.375,1.125,7.5,1.9375],"tintindex":0,"rotation":0,"texture":"#0"},"up":{"uv":[6.375,1.125,5.5625,0.0],"tintindex":0,"rotation":0,"texture":"#0"},"down":{"uv":[7.1875,0.0,6.375,1.125],"tintindex":0,"rotation":0,"texture":"#0"}}}]}