{"textures":{"0":"modelengine:entity/pa_cachalot_whale"},"elements":[{"from":[7.78,7.63,10.68],"to":[8.22,8.27,11.52],"faces":{"east":{"uv":[0.90625,0.375,1.03125,0.46875],"tintindex":0,"rotation":0,"texture":"#0"},"south":{"uv":[1.21875,0.375,1.28125,0.46875],"tintindex":0,"rotation":0,"texture":"#0"},"north":{"uv":[1.03125,0.375,1.09375,0.46875],"tintindex":0,"rotation":0,"texture":"#0"},"west":{"uv":[1.09375,0.375,1.21875,0.46875],"tintindex":0,"rotation":0,"texture":"#0"},"up":{"uv":[1.09375,0.375,1.03125,0.25],"tintindex":0,"rotation":0,"texture":"#0"},"down":{"uv":[1.15625,0.25,1.09375,0.375],"tintindex":0,"rotation":0,"texture":"#0"}}},{"from":[7.0,19.05,25.44],"to":[8.2,20.45,29.24],"faces":{"east":{"uv":[0.03125,0.625,0.625,0.84375],"tintindex":0,"rotation":0,"texture":"#0"},"south":{"uv":[1.40625,0.625,1.59375,0.84375],"tintindex":0,"rotation":0,"texture":"#0"},"north":{"uv":[0.625,0.625,0.8125,0.84375],"tintindex":0,"rotation":0,"texture":"#0"},"west":{"uv":[0.8125,0.625,1.40625,0.84375],"tintindex":0,"rotation":0,"texture":"#0"},"up":{"uv":[0.8125,0.625,0.625,0.03125],"tintindex":0,"rotation":0,"texture":"#0"},"down":{"uv":[1.0,0.03125,0.8125,0.625],"tintindex":0,"rotation":0,"texture":"#0"}}},{"from":[7.7,7.55,9.8],"to":[8.3,8.35,10.8],"faces":{"east":{"uv":[0.90625,0.4375,1.09375,0.59375],"tintindex":0,"rotation":0,"texture":"#0"},"south":{"uv":[1.40625,0.4375,1.53125,0.59375],"tintindex":0,"rotation":0,"texture":"#0"},"north":{"uv":[1.09375,0.4375,1.21875,0.59375],"tintindex":0,"rotation":0,"texture":"#0"},"west":{"uv":[1.21875,0.4375,1.40625,0.59375],"tintindex":0,"rotation":0,"texture":"#0"},"up":{"uv":[1.21875,0.4375,1.09375,0.25],"tintindex":0,"rotation":0,"texture":"#0"},"down":{"uv":[1.34375,0.25,1.21875,0.4375],"tintindex":0,"rotation":0,"texture":"#0"}}},{"from":[3.6,7.25,6.7],"to":[11.8,19.05,29.300001],"faces":{"east":{"uv":[0.0,3.53125,3.53125,5.375],"tintindex":0,"rotation":0,"texture":"#0"},"south":{"uv":[8.34375,3.53125,9.625,5.375],"tintindex":0,"rotation":0,"texture":"#0"},"north":{"uv":[3.53125,3.53125,4.8125,5.375],"tintindex":0,"rotation":0,"texture":"#0"},"west":{"uv":[4.8125,3.53125,8.34375,5.375],"tintindex":0,"rotation":0,"texture":"#0"},"up":{"uv":[4.8125,3.53125,3.53125,0.0],"tintindex":0,"rotation":0,"texture":"#0"},"down":{"uv":[6.09375,0.0,4.8125,3.53125],"tintindex":0,"rotation":0,"texture":"#0"}}},{"from":[5.398,8.248,20.498001],"to":[11.602,8.452,23.302002],"faces":{"east":{"uv":[0.0,2.0,0.4375,2.03125],"tintindex":0,"rotation":0,"texture":"#0"},"south":{"uv":[1.84375,2.0,2.8125,2.03125],"tintindex":0,"rotation":0,"texture":"#0"},"north":{"uv":[0.4375,2.0,1.40625,2.03125],"tintindex":0,"rotation":0,"texture":"#0"},"west":{"uv":[1.40625,2.0,1.84375,2.03125],"tintindex":0,"rotation":0,"texture":"#0"},"up":{"uv":[1.40625,2.0,0.4375,1.5625],"tintindex":0,"rotation":0,"texture":"#0"},"down":{"uv":[2.375,1.5625,1.40625,2.0],"tintindex":0,"rotation":0,"texture":"#0"}}}]}