{"textures":{"0":"modelengine:entity/pa_cachalot_whale"},"elements":[{"from":[7.5,6.5,5.5],"to":[24.5,8.0,16.0],"faces":{"east":{"uv":[9.5625,7.5625,10.21875,7.65625],"tintindex":0,"rotation":0,"texture":"#0"},"south":{"uv":[11.9375,7.5625,13.0,7.65625],"tintindex":0,"rotation":0,"texture":"#0"},"north":{"uv":[10.21875,7.5625,11.28125,7.65625],"tintindex":0,"rotation":0,"texture":"#0"},"west":{"uv":[11.28125,7.5625,11.9375,7.65625],"tintindex":0,"rotation":0,"texture":"#0"},"up":{"uv":[11.28125,7.5625,10.21875,6.90625],"tintindex":0,"rotation":0,"texture":"#0"},"down":{"uv":[12.34375,6.90625,11.28125,7.5625],"tintindex":0,"rotation":0,"texture":"#0"}},"rotation":{"origin":[8.0,8.0,8.0],"angle":-22.5,"axis":"z"}}]}