{"textures":{"0":"modelengine:entity/pa_cachalot_whale"},"elements":[{"from":[5.5,1.25,7.0],"to":[9.5,8.0,23.5],"faces":{"east":{"uv":[6.1875,2.0625,8.25,2.90625],"tintindex":0,"rotation":0,"texture":"#0"},"south":{"uv":[10.8125,2.0625,11.3125,2.90625],"tintindex":0,"rotation":0,"texture":"#0"},"north":{"uv":[8.25,2.0625,8.75,2.90625],"tintindex":0,"rotation":0,"texture":"#0"},"west":{"uv":[8.75,2.0625,10.8125,2.90625],"tintindex":0,"rotation":0,"texture":"#0"},"up":{"uv":[8.75,2.0625,8.25,0.0],"tintindex":0,"rotation":0,"texture":"#0"},"down":{"uv":[9.25,0.0,8.75,2.0625],"tintindex":0,"rotation":0,"texture":"#0"}}},{"from":[-0.5,3.0,20.5],"to":[15.75,5.0,29.5],"faces":{"east":{"uv":[5.03125,6.5625,6.15625,6.8125],"tintindex":0,"rotation":0,"texture":"#0"},"south":{"uv":[9.3125,6.5625,11.34375,6.8125],"tintindex":0,"rotation":0,"texture":"#0"},"north":{"uv":[6.15625,6.5625,8.1875,6.8125],"tintindex":0,"rotation":0,"texture":"#0"},"west":{"uv":[8.1875,6.5625,9.3125,6.8125],"tintindex":0,"rotation":0,"texture":"#0"},"up":{"uv":[8.1875,6.5625,6.15625,5.4375],"tintindex":0,"rotation":0,"texture":"#0"},"down":{"uv":[10.21875,5.4375,8.1875,6.5625],"tintindex":0,"rotation":0,"texture":"#0"}}}]}