{"textures":{"0":"modelengine:entity/pa_cachalot_whale"},"elements":[{"from":[3.125,1.125,-12.75],"to":[12.125,12.625,8.0],"faces":{"east":{"uv":[0.0625,8.0625,2.65625,9.5],"tintindex":0,"rotation":0,"texture":"#0"},"south":{"uv":[6.375,8.0625,7.5,9.5],"tintindex":0,"rotation":0,"texture":"#0"},"north":{"uv":[2.65625,8.0625,3.78125,9.5],"tintindex":0,"rotation":0,"texture":"#0"},"west":{"uv":[3.78125,8.0625,6.375,9.5],"tintindex":0,"rotation":0,"texture":"#0"},"up":{"uv":[3.78125,8.0625,2.65625,5.46875],"tintindex":0,"rotation":0,"texture":"#0"},"down":{"uv":[4.90625,5.46875,3.78125,8.0625],"tintindex":0,"rotation":0,"texture":"#0"}}}]}