{"textures":{"0":"modelengine:entity/pa_cachalot_whale"},"elements":[{"from":[5.333333,7.633333,-16.0],"to":[10.0,10.633333,7.6666665],"faces":{"east":{"uv":[9.15625,2.9375,11.375,3.21875],"tintindex":0,"rotation":0,"texture":"#0"},"south":{"uv":[14.03125,2.9375,14.46875,3.21875],"tintindex":0,"rotation":0,"texture":"#0"},"north":{"uv":[11.375,2.9375,11.8125,3.21875],"tintindex":0,"rotation":0,"texture":"#0"},"west":{"uv":[11.8125,2.9375,14.03125,3.21875],"tintindex":0,"rotation":0,"texture":"#0"},"up":{"uv":[11.8125,2.9375,11.375,0.71875],"tintindex":0,"rotation":0,"texture":"#0"},"down":{"uv":[12.25,0.71875,11.8125,2.9375],"tintindex":0,"rotation":0,"texture":"#0"}}}]}