{"textures":{"0":"modelengine:entity/pa_cachalot_whale"},"elements":[{"from":[4.0,-3.125,7.0],"to":[11.0,8.125,27.0],"faces":{"east":{"uv":[5.15625,9.59375,7.65625,11.0],"tintindex":0,"rotation":0,"texture":"#0"},"south":{"uv":[11.03125,9.59375,11.90625,11.0],"tintindex":0,"rotation":0,"texture":"#0"},"north":{"uv":[7.65625,9.59375,8.53125,11.0],"tintindex":0,"rotation":0,"texture":"#0"},"west":{"uv":[8.53125,9.59375,11.03125,11.0],"tintindex":0,"rotation":0,"texture":"#0"},"up":{"uv":[8.53125,9.59375,7.65625,7.09375],"tintindex":0,"rotation":0,"texture":"#0"},"down":{"uv":[9.40625,7.09375,8.53125,9.59375],"tintindex":0,"rotation":0,"texture":"#0"}}}]}