{"textures":{"0":"modelengine:entity/ghost"},"elements":[{"from":[2.0,8.0,2.0],"to":[2.0,13.0,14.0],"faces":{"east":{"uv":[6.0,8.0,9.0,9.25],"tintindex":0,"rotation":0,"texture":"#0"},"west":{"uv":[9.0,8.0,6.0,9.25],"tintindex":0,"rotation":0,"texture":"#0"}}},{"from":[2.0,8.0,14.0],"to":[14.0,13.0,14.0],"faces":{"east":{"uv":[6.0,6.0,3.0,7.25],"tintindex":0,"rotation":0,"texture":"#0"},"south":{"uv":[6.0,6.0,3.0,7.25],"tintindex":0,"rotation":0,"texture":"#0"},"north":{"uv":[3.0,6.0,6.0,7.25],"tintindex":0,"rotation":0,"texture":"#0"},"west":{"uv":[6.0,6.0,3.0,7.25],"tintindex":0,"rotation":0,"texture":"#0"},"up":{"uv":[6.0,6.0,3.0,7.25],"tintindex":0,"rotation":0,"texture":"#0"},"down":{"uv":[6.0,6.0,3.0,7.25],"tintindex":0,"rotation":0,"texture":"#0"}}},{"from":[2.0,13.0,2.0],"to":[14.0,25.0,14.0],"faces":{"east":{"uv":[0.0,3.0,3.0,6.0],"tintindex":0,"rotation":0,"texture":"#0"},"south":{"uv":[3.0,0.0,6.0,3.0],"tintindex":0,"rotation":0,"texture":"#0"},"north":{"uv":[0.0,0.0,3.0,3.0],"tintindex":0,"rotation":0,"texture":"#0"},"west":{"uv":[3.0,3.0,6.0,6.0],"tintindex":0,"rotation":0,"texture":"#0"},"up":{"uv":[3.0,9.0,0.0,6.0],"tintindex":0,"rotation":0,"texture":"#0"},"down":{"uv":[9.0,0.0,6.0,3.0],"tintindex":0,"rotation":0,"texture":"#0"}}},{"from":[14.0,8.0,2.0],"to":[14.0,13.0,14.0],"faces":{"east":{"uv":[6.0,7.25,3.0,8.5],"tintindex":0,"rotation":0,"texture":"#0"},"west":{"uv":[3.0,7.25,6.0,8.5],"tintindex":0,"rotation":0,"texture":"#0"}}},{"from":[2.0,8.0,2.0],"to":[14.0,13.0,2.0],"faces":{"east":{"uv":[0.0,3.0,3.0,6.0],"tintindex":0,"rotation":0,"texture":"#0"},"south":{"uv":[6.0,5.5,9.0,6.75],"tintindex":0,"rotation":0,"texture":"#0"},"north":{"uv":[9.0,5.5,6.0,6.75],"tintindex":0,"rotation":0,"texture":"#0"},"west":{"uv":[3.0,3.0,6.0,6.0],"tintindex":0,"rotation":0,"texture":"#0"},"up":{"uv":[3.0,9.0,0.0,6.0],"tintindex":0,"rotation":0,"texture":"#0"},"down":{"uv":[9.0,0.0,6.0,3.0],"tintindex":0,"rotation":0,"texture":"#0"}}}],"display":{"gui":{"rotation":[30,225,0]}}}