{"textures":{"1":"modelengine:entity/demonio_reloj_gm_cuerpo"},"elements":[{"from":[3.6799998,2.6000004,1.5559998],"to":[12.32,8.360001,8.756],"faces":{"east":{"uv":[6.0,5.75,6.75,6.375],"tintindex":0,"rotation":0,"texture":"#1"},"south":{"uv":[5.0,3.875,5.875,4.5],"tintindex":0,"rotation":0,"texture":"#1"},"north":{"uv":[5.0,3.25,5.875,3.875],"tintindex":0,"rotation":0,"texture":"#1"},"west":{"uv":[6.25,0.0,7.0,0.625],"tintindex":0,"rotation":0,"texture":"#1"},"up":{"uv":[5.375,5.25,4.5,4.5],"tintindex":0,"rotation":0,"texture":"#1"},"down":{"uv":[2.125,4.625,1.25,5.375],"tintindex":0,"rotation":0,"texture":"#1"}}},{"from":[8.288,2.8880005,0.97999954],"to":[11.168,5.7679996,2.5639997],"faces":{"east":{"uv":[9.0,0.0,9.1875,0.3125],"tintindex":0,"rotation":0,"texture":"#1"},"south":{"uv":[8.5,5.125,8.8125,5.4375],"tintindex":0,"rotation":0,"texture":"#1"},"north":{"uv":[8.5,1.375,8.8125,1.6875],"tintindex":0,"rotation":0,"texture":"#1"},"west":{"uv":[0.125,9.0,0.3125,9.3125],"tintindex":0,"rotation":0,"texture":"#1"},"up":{"uv":[0.6875,9.1875,0.375,9.0],"tintindex":0,"rotation":0,"texture":"#1"},"down":{"uv":[9.3125,0.375,9.0,0.5625],"tintindex":0,"rotation":0,"texture":"#1"}},"rotation":{"origin":[9.728,4.328001,1.0519996],"angle":-22.5,"axis":"x"}},{"from":[8.288,6.200001,0.97999954],"to":[11.168,9.08,2.5639997],"faces":{"east":{"uv":[2.75,9.0,2.9375,9.3125],"tintindex":0,"rotation":0,"texture":"#1"},"south":{"uv":[5.25,8.625,5.5625,8.9375],"tintindex":0,"rotation":0,"texture":"#1"},"north":{"uv":[8.625,4.625,8.9375,4.9375],"tintindex":0,"rotation":0,"texture":"#1"},"west":{"uv":[9.0,2.75,9.1875,3.0625],"tintindex":0,"rotation":0,"texture":"#1"},"up":{"uv":[9.3125,3.3125,9.0,3.125],"tintindex":0,"rotation":0,"texture":"#1"},"down":{"uv":[9.3125,3.375,9.0,3.5625],"tintindex":0,"rotation":0,"texture":"#1"}},"rotation":{"origin":[9.728,7.6399994,1.0519996],"angle":-22.5,"axis":"x"}},{"from":[4.832,2.8880005,0.97999954],"to":[7.712,5.7679996,2.5639997],"faces":{"east":{"uv":[9.0,0.625,9.1875,0.9375],"tintindex":0,"rotation":0,"texture":"#1"},"south":{"uv":[1.5,8.625,1.8125,8.9375],"tintindex":0,"rotation":0,"texture":"#1"},"north":{"uv":[8.625,0.0,8.9375,0.3125],"tintindex":0,"rotation":0,"texture":"#1"},"west":{"uv":[0.75,9.0,0.9375,9.3125],"tintindex":0,"rotation":0,"texture":"#1"},"up":{"uv":[1.3125,9.1875,1.0,9.0],"tintindex":0,"rotation":0,"texture":"#1"},"down":{"uv":[9.3125,1.0,9.0,1.1875],"tintindex":0,"rotation":0,"texture":"#1"}},"rotation":{"origin":[6.272,4.328001,1.0519996],"angle":-22.5,"axis":"x"}},{"from":[4.832,6.200001,0.97999954],"to":[7.712,9.08,2.5639997],"faces":{"east":{"uv":[9.0,1.75,9.1875,2.0625],"tintindex":0,"rotation":0,"texture":"#1"},"south":{"uv":[8.625,4.25,8.9375,4.5625],"tintindex":0,"rotation":0,"texture":"#1"},"north":{"uv":[2.75,8.625,3.0625,8.9375],"tintindex":0,"rotation":0,"texture":"#1"},"west":{"uv":[9.0,2.125,9.1875,2.4375],"tintindex":0,"rotation":0,"texture":"#1"},"up":{"uv":[2.6875,9.1875,2.375,9.0],"tintindex":0,"rotation":0,"texture":"#1"},"down":{"uv":[9.3125,2.5,9.0,2.6875],"tintindex":0,"rotation":0,"texture":"#1"}},"rotation":{"origin":[6.272,7.6399994,1.0519996],"angle":-22.5,"axis":"x"}},{"from":[5.12,-0.27999878,1.5559998],"to":[10.88,2.6000004,8.756],"faces":{"east":{"uv":[7.75,4.375,8.5,4.6875],"tintindex":0,"rotation":0,"texture":"#1"},"south":{"uv":[8.125,1.75,8.75,2.0625],"tintindex":0,"rotation":0,"texture":"#1"},"north":{"uv":[8.0,6.25,8.625,6.5625],"tintindex":0,"rotation":0,"texture":"#1"},"west":{"uv":[7.75,4.75,8.5,5.0625],"tintindex":0,"rotation":0,"texture":"#1"},"up":{"uv":[7.0,7.125,6.375,6.375],"tintindex":0,"rotation":0,"texture":"#1"},"down":{"uv":[7.125,2.5,6.5,3.25],"tintindex":0,"rotation":0,"texture":"#1"}}}]}