{"textures":{"1":"modelengine:entity/demonio_reloj_gm_cuerpo"},"elements":[{"from":[5.0509996,4.3274813,3.144596],"to":[7.499,6.631481,7.1765957],"faces":{"east":{"uv":[8.5,0.875,8.9375,1.125],"tintindex":0,"rotation":0,"texture":"#1"},"south":{"uv":[8.25,8.875,8.5,9.125],"tintindex":0,"rotation":0,"texture":"#1"},"north":{"uv":[7.625,8.875,7.875,9.125],"tintindex":0,"rotation":0,"texture":"#1"},"west":{"uv":[8.5,1.125,8.9375,1.375],"tintindex":0,"rotation":0,"texture":"#1"},"up":{"uv":[8.75,3.6875,8.5,3.25],"tintindex":0,"rotation":0,"texture":"#1"},"down":{"uv":[8.75,3.75,8.5,4.1875],"tintindex":0,"rotation":0,"texture":"#1"}},"rotation":{"origin":[12.035,5.191481,5.160596],"angle":-22.5,"axis":"x"}},{"from":[8.507,3.751481,1.560596],"to":[9.9470005,5.7674813,3.7205958],"faces":{"east":{"uv":[4.75,9.0,5.0,9.1875],"tintindex":0,"rotation":0,"texture":"#1"},"south":{"uv":[9.375,1.625,9.5,1.8125],"tintindex":0,"rotation":0,"texture":"#1"},"north":{"uv":[1.625,9.375,1.75,9.5625],"tintindex":0,"rotation":0,"texture":"#1"},"west":{"uv":[9.0,4.75,9.25,4.9375],"tintindex":0,"rotation":0,"texture":"#1"},"up":{"uv":[5.875,9.5,5.75,9.25],"tintindex":0,"rotation":0,"texture":"#1"},"down":{"uv":[9.375,5.75,9.25,6.0],"tintindex":0,"rotation":0,"texture":"#1"}}},{"from":[5.627,3.751481,1.560596],"to":[7.0670004,5.7674813,3.7205958],"faces":{"east":{"uv":[9.0,4.25,9.25,4.4375],"tintindex":0,"rotation":0,"texture":"#1"},"south":{"uv":[1.5,9.375,1.625,9.5625],"tintindex":0,"rotation":0,"texture":"#1"},"north":{"uv":[9.375,1.375,9.5,1.5625],"tintindex":0,"rotation":0,"texture":"#1"},"west":{"uv":[9.0,4.5,9.25,4.6875],"tintindex":0,"rotation":0,"texture":"#1"},"up":{"uv":[9.375,5.75,9.25,5.5],"tintindex":0,"rotation":0,"texture":"#1"},"down":{"uv":[5.75,9.25,5.625,9.5],"tintindex":0,"rotation":0,"texture":"#1"}}},{"from":[7.9309998,4.3274813,3.144596],"to":[10.379,6.631481,7.1765957],"faces":{"east":{"uv":[5.5,8.375,5.9375,8.625],"tintindex":0,"rotation":0,"texture":"#1"},"south":{"uv":[6.75,8.875,7.0,9.125],"tintindex":0,"rotation":0,"texture":"#1"},"north":{"uv":[6.5,8.875,6.75,9.125],"tintindex":0,"rotation":0,"texture":"#1"},"west":{"uv":[6.0,8.375,6.4375,8.625],"tintindex":0,"rotation":0,"texture":"#1"},"up":{"uv":[6.75,8.8125,6.5,8.375],"tintindex":0,"rotation":0,"texture":"#1"},"down":{"uv":[7.0,8.375,6.75,8.8125],"tintindex":0,"rotation":0,"texture":"#1"}},"rotation":{"origin":[12.035,5.191481,5.160596],"angle":-22.5,"axis":"x"}},{"from":[7.307,3.807187,10.304544],"to":[8.747,6.687187,11.744544],"faces":{"east":{"uv":[7.25,9.125,7.375,9.4375],"tintindex":0,"rotation":0,"texture":"#1"},"south":{"uv":[9.125,7.25,9.25,7.5625],"tintindex":0,"rotation":0,"texture":"#1"},"north":{"uv":[7.125,9.125,7.25,9.4375],"tintindex":0,"rotation":0,"texture":"#1"},"west":{"uv":[7.375,9.125,7.5,9.4375],"tintindex":0,"rotation":0,"texture":"#1"},"up":{"uv":[9.5,4.0,9.375,3.875],"tintindex":0,"rotation":0,"texture":"#1"},"down":{"uv":[4.125,9.375,4.0,9.5],"tintindex":0,"rotation":0,"texture":"#1"}},"rotation":{"origin":[6.587,5.2471867,11.312544],"angle":22.5,"axis":"x"}},{"from":[5.8669996,3.751481,5.4005957],"to":[10.187,8.071482,11.160596],"faces":{"east":{"uv":[7.625,0.0,8.25,0.4375],"tintindex":0,"rotation":0,"texture":"#1"},"south":{"uv":[8.25,6.625,8.6875,7.0625],"tintindex":0,"rotation":0,"texture":"#1"},"north":{"uv":[8.25,2.75,8.6875,3.1875],"tintindex":0,"rotation":0,"texture":"#1"},"west":{"uv":[7.625,0.5,8.25,0.9375],"tintindex":0,"rotation":0,"texture":"#1"},"up":{"uv":[8.0625,1.625,7.625,1.0],"tintindex":0,"rotation":0,"texture":"#1"},"down":{"uv":[8.0625,1.625,7.625,2.25],"tintindex":0,"rotation":0,"texture":"#1"}}}]}