{"textures":{"1":"modelengine:entity/demonio_reloj_gm_cuerpo"},"elements":[{"from":[5.531,4.2074814,1.9445958],"to":[7.979,6.5114813,5.976596],"faces":{"east":{"uv":[8.25,0.625,8.6875,0.875],"tintindex":0,"rotation":0,"texture":"#1"},"south":{"uv":[7.25,5.625,7.5,5.875],"tintindex":0,"rotation":0,"texture":"#1"},"north":{"uv":[4.25,5.625,4.5,5.875],"tintindex":0,"rotation":0,"texture":"#1"},"west":{"uv":[1.5,8.375,1.9375,8.625],"tintindex":0,"rotation":0,"texture":"#1"},"up":{"uv":[4.125,1.0625,3.875,0.625],"tintindex":0,"rotation":0,"texture":"#1"},"down":{"uv":[3.25,5.125,3.0,5.5625],"tintindex":0,"rotation":0,"texture":"#1"}},"rotation":{"origin":[3.875,5.071481,3.9605956],"angle":-22.5,"axis":"x"}},{"from":[7.307,3.6871872,9.104544],"to":[8.747,6.5671873,10.544544],"faces":{"east":{"uv":[7.625,9.125,7.75,9.4375],"tintindex":0,"rotation":0,"texture":"#1"},"south":{"uv":[9.125,7.625,9.25,7.9375],"tintindex":0,"rotation":0,"texture":"#1"},"north":{"uv":[7.5,9.125,7.625,9.4375],"tintindex":0,"rotation":0,"texture":"#1"},"west":{"uv":[7.75,9.125,7.875,9.4375],"tintindex":0,"rotation":0,"texture":"#1"},"up":{"uv":[9.5,4.125,9.375,4.0],"tintindex":0,"rotation":0,"texture":"#1"},"down":{"uv":[4.25,9.375,4.125,9.5],"tintindex":0,"rotation":0,"texture":"#1"}},"rotation":{"origin":[9.467,5.1271873,10.112544],"angle":22.5,"axis":"x"}},{"from":[8.9869995,3.6314812,0.3605957],"to":[10.427,5.647481,2.5205956],"faces":{"east":{"uv":[5.25,9.0,5.5,9.1875],"tintindex":0,"rotation":0,"texture":"#1"},"south":{"uv":[1.875,9.375,2.0,9.5625],"tintindex":0,"rotation":0,"texture":"#1"},"north":{"uv":[1.75,9.375,1.875,9.5625],"tintindex":0,"rotation":0,"texture":"#1"},"west":{"uv":[5.5,9.0,5.75,9.1875],"tintindex":0,"rotation":0,"texture":"#1"},"up":{"uv":[6.0,9.5,5.875,9.25],"tintindex":0,"rotation":0,"texture":"#1"},"down":{"uv":[9.375,6.0,9.25,6.25],"tintindex":0,"rotation":0,"texture":"#1"}}},{"from":[6.1070004,3.6314812,0.3605957],"to":[7.547,5.647481,2.5205956],"faces":{"east":{"uv":[9.0,5.5,9.25,5.6875],"tintindex":0,"rotation":0,"texture":"#1"},"south":{"uv":[9.375,2.125,9.5,2.3125],"tintindex":0,"rotation":0,"texture":"#1"},"north":{"uv":[9.375,1.875,9.5,2.0625],"tintindex":0,"rotation":0,"texture":"#1"},"west":{"uv":[5.75,9.0,6.0,9.1875],"tintindex":0,"rotation":0,"texture":"#1"},"up":{"uv":[9.375,6.5,9.25,6.25],"tintindex":0,"rotation":0,"texture":"#1"},"down":{"uv":[9.375,6.5,9.25,6.75],"tintindex":0,"rotation":0,"texture":"#1"}}},{"from":[5.867,3.6314812,4.200596],"to":[10.187,7.9514813,9.960596],"faces":{"east":{"uv":[7.625,6.875,8.25,7.3125],"tintindex":0,"rotation":0,"texture":"#1"},"south":{"uv":[8.25,7.125,8.6875,7.5625],"tintindex":0,"rotation":0,"texture":"#1"},"north":{"uv":[7.125,8.25,7.5625,8.6875],"tintindex":0,"rotation":0,"texture":"#1"},"west":{"uv":[7.625,7.375,8.25,7.8125],"tintindex":0,"rotation":0,"texture":"#1"},"up":{"uv":[0.4375,8.375,0.0,7.75],"tintindex":0,"rotation":0,"texture":"#1"},"down":{"uv":[0.9375,7.75,0.5,8.375],"tintindex":0,"rotation":0,"texture":"#1"}}},{"from":[8.411,4.2074814,1.9445958],"to":[10.859,6.5114813,5.976596],"faces":{"east":{"uv":[2.375,8.375,2.8125,8.625],"tintindex":0,"rotation":0,"texture":"#1"},"south":{"uv":[8.75,7.375,9.0,7.625],"tintindex":0,"rotation":0,"texture":"#1"},"north":{"uv":[8.0,6.625,8.25,6.875],"tintindex":0,"rotation":0,"texture":"#1"},"west":{"uv":[2.875,8.375,3.3125,8.625],"tintindex":0,"rotation":0,"texture":"#1"},"up":{"uv":[3.625,8.8125,3.375,8.375],"tintindex":0,"rotation":0,"texture":"#1"},"down":{"uv":[3.875,8.375,3.625,8.8125],"tintindex":0,"rotation":0,"texture":"#1"}},"rotation":{"origin":[3.875,5.071481,3.9605956],"angle":-22.5,"axis":"x"}}]}