{"textures":{"1":"modelengine:entity/demonio_reloj_gm_cuerpo"},"elements":[{"from":[4.4000006,0.80000114,5.1200004],"to":[11.6,10.880001,10.88],"faces":{"east":{"uv":[0.625,3.875,1.25,4.9375],"tintindex":0,"rotation":0,"texture":"#1"},"south":{"uv":[0.0,2.625,0.75,3.6875],"tintindex":0,"rotation":0,"texture":"#1"},"north":{"uv":[2.5,2.25,3.25,3.3125],"tintindex":0,"rotation":0,"texture":"#1"},"west":{"uv":[2.625,4.0,3.25,5.0625],"tintindex":0,"rotation":0,"texture":"#1"},"up":{"uv":[7.0,1.875,6.25,1.25],"tintindex":0,"rotation":0,"texture":"#1"},"down":{"uv":[7.0,1.875,6.25,2.5],"tintindex":0,"rotation":0,"texture":"#1"}}}]}