{"textures":{"1":"modelengine:entity/demonio_reloj_gm_cuerpo"},"elements":[{"from":[5.6000004,0.8000002,5.1200004],"to":[10.4,10.880001,10.88],"faces":{"east":{"uv":[4.125,0.625,4.75,1.6875],"tintindex":0,"rotation":0,"texture":"#1"},"south":{"uv":[1.875,5.75,2.375,6.8125],"tintindex":0,"rotation":0,"texture":"#1"},"north":{"uv":[0.0,5.75,0.5,6.8125],"tintindex":0,"rotation":0,"texture":"#1"},"west":{"uv":[4.375,3.375,5.0,4.4375],"tintindex":0,"rotation":0,"texture":"#1"},"up":{"uv":[4.75,0.625,4.25,0.0],"tintindex":0,"rotation":0,"texture":"#1"},"down":{"uv":[4.625,7.375,4.125,8.0],"tintindex":0,"rotation":0,"texture":"#1"}}}]}