{"textures":{"1":"modelengine:entity/demonio_reloj_gm_cuerpo"},"elements":[{"from":[4.3999996,0.80000114,5.1200004],"to":[11.599999,10.880001,10.88],"faces":{"east":{"uv":[0.0,3.75,0.625,4.8125],"tintindex":0,"rotation":0,"texture":"#1"},"south":{"uv":[2.375,0.0,3.125,1.0625],"tintindex":0,"rotation":0,"texture":"#1"},"north":{"uv":[1.75,2.25,2.5,3.3125],"tintindex":0,"rotation":0,"texture":"#1"},"west":{"uv":[3.75,3.375,4.375,4.4375],"tintindex":0,"rotation":0,"texture":"#1"},"up":{"uv":[6.75,5.125,6.0,4.5],"tintindex":0,"rotation":0,"texture":"#1"},"down":{"uv":[6.75,5.125,6.0,5.75],"tintindex":0,"rotation":0,"texture":"#1"}}}]}