{"textures":{"1":"modelengine:entity/demonio_reloj_gm_cuerpo"},"elements":[{"from":[5.6,0.8000002,5.1200004],"to":[10.4,10.880001,10.88],"faces":{"east":{"uv":[3.25,4.5,3.875,5.5625],"tintindex":0,"rotation":0,"texture":"#1"},"south":{"uv":[0.5,5.875,1.0,6.9375],"tintindex":0,"rotation":0,"texture":"#1"},"north":{"uv":[2.375,5.75,2.875,6.8125],"tintindex":0,"rotation":0,"texture":"#1"},"west":{"uv":[3.875,4.5,4.5,5.5625],"tintindex":0,"rotation":0,"texture":"#1"},"up":{"uv":[5.125,8.0,4.625,7.375],"tintindex":0,"rotation":0,"texture":"#1"},"down":{"uv":[2.5,7.5,2.0,8.125],"tintindex":0,"rotation":0,"texture":"#1"}}}]}