{"textures":{"2":"modelengine:entity/demonio_reloj_gm_headd"},"elements":[{"from":[7.266909,8.752293,4.6918488],"to":[8.706909,8.896294,5.555849],"faces":{"east":{"uv":[6.5,4.25,6.6875,4.28125],"tintindex":0,"rotation":0,"texture":"#2"},"south":{"uv":[8.25,8.5,8.5625,8.53125],"tintindex":0,"rotation":0,"texture":"#2"},"north":{"uv":[8.5,5.25,8.8125,5.28125],"tintindex":0,"rotation":0,"texture":"#2"},"west":{"uv":[2.25,6.75,2.4375,6.78125],"tintindex":0,"rotation":0,"texture":"#2"},"up":{"uv":[8.8125,1.1875,8.5,1.0],"tintindex":0,"rotation":0,"texture":"#2"},"down":{"uv":[3.8125,8.5,3.5,8.6875],"tintindex":0,"rotation":0,"texture":"#2"}}},{"from":[4.3869095,5.872299,10.115849],"to":[11.586909,14.128296,14.195848],"faces":{"east":{"uv":[0.0,5.5,0.59375,6.96875],"tintindex":0,"rotation":0,"texture":"#2"},"south":{"uv":[1.5,1.75,3.0,3.21875],"tintindex":0,"rotation":0,"texture":"#2"},"north":{"uv":[0.0,1.75,1.5,3.21875],"tintindex":0,"rotation":0,"texture":"#2"},"west":{"uv":[0.75,5.5,1.34375,6.96875],"tintindex":0,"rotation":0,"texture":"#2"},"up":{"uv":[6.5,4.34375,5.0,3.75],"tintindex":0,"rotation":0,"texture":"#2"},"down":{"uv":[6.0,5.0,4.5,5.59375],"tintindex":0,"rotation":0,"texture":"#2"}},"rotation":{"origin":[7.986909,10.1202965,13.475849],"angle":-22.5,"axis":"x"}},{"from":[2.946909,10.912296,4.931849],"to":[5.826909,15.328297,10.115849],"faces":{"east":{"uv":[0.0,4.5,1.09375,5.40625],"tintindex":0,"rotation":0,"texture":"#2"},"south":{"uv":[0.0,7.0,0.59375,7.90625],"tintindex":0,"rotation":0,"texture":"#2"},"north":{"uv":[1.5,6.5,2.09375,7.40625],"tintindex":0,"rotation":0,"texture":"#2"},"west":{"uv":[4.5,0.0,5.59375,0.90625],"tintindex":0,"rotation":0,"texture":"#2"},"up":{"uv":[6.59375,6.09375,6.0,5.0],"tintindex":0,"rotation":0,"texture":"#2"},"down":{"uv":[3.09375,6.25,2.5,7.34375],"tintindex":0,"rotation":0,"texture":"#2"}},"rotation":{"origin":[7.986909,12.520298,8.963849],"angle":22.5,"axis":"x"}},{"from":[5.826909,8.896294,4.6918488],"to":[10.14691,10.192295,9.875849],"faces":{"east":{"uv":[2.5,7.5,3.59375,7.78125],"tintindex":0,"rotation":0,"texture":"#2"},"south":{"uv":[0.0,8.0,0.90625,8.28125],"tintindex":0,"rotation":0,"texture":"#2"},"north":{"uv":[7.75,7.5,8.65625,7.78125],"tintindex":0,"rotation":0,"texture":"#2"},"west":{"uv":[7.75,2.0,8.84375,2.28125],"tintindex":0,"rotation":0,"texture":"#2"},"up":{"uv":[3.40625,6.09375,2.5,5.0],"tintindex":0,"rotation":0,"texture":"#2"},"down":{"uv":[4.40625,5.0,3.5,6.09375],"tintindex":0,"rotation":0,"texture":"#2"}}},{"from":[4.3869095,10.192299,4.6918488],"to":[11.586909,12.928299,9.875849],"faces":{"east":{"uv":[6.75,4.25,7.84375,4.8125],"tintindex":0,"rotation":0,"texture":"#2"},"south":{"uv":[5.5,2.75,7.0,3.3125],"tintindex":0,"rotation":0,"texture":"#2"},"north":{"uv":[5.5,2.0,7.0,2.5625],"tintindex":0,"rotation":0,"texture":"#2"},"west":{"uv":[6.75,5.0,7.84375,5.5625],"tintindex":0,"rotation":0,"texture":"#2"},"up":{"uv":[4.5,1.09375,3.0,0.0],"tintindex":0,"rotation":0,"texture":"#2"},"down":{"uv":[4.5,1.25,3.0,2.34375],"tintindex":0,"rotation":0,"texture":"#2"}}},{"from":[5.5869093,5.0562935,8.291849],"to":[10.626909,10.192295,13.475849],"faces":{"east":{"uv":[3.0,2.5,4.09375,3.5625],"tintindex":0,"rotation":0,"texture":"#2"},"south":{"uv":[4.25,2.5,5.3125,3.5625],"tintindex":0,"rotation":0,"texture":"#2"},"north":{"uv":[3.75,3.75,4.8125,4.8125],"tintindex":0,"rotation":0,"texture":"#2"},"west":{"uv":[0.0,3.25,1.09375,4.3125],"tintindex":0,"rotation":0,"texture":"#2"},"up":{"uv":[2.3125,4.34375,1.25,3.25],"tintindex":0,"rotation":0,"texture":"#2"},"down":{"uv":[3.5625,3.75,2.5,4.84375],"tintindex":0,"rotation":0,"texture":"#2"}},"rotation":{"origin":[8.106909,6.4242935,11.483849],"angle":-22.5,"axis":"x"}},{"from":[10.14691,10.912296,4.931849],"to":[13.026909,15.328297,10.115849],"faces":{"east":{"uv":[4.5,1.0,5.59375,1.90625],"tintindex":0,"rotation":0,"texture":"#2"},"south":{"uv":[7.0,2.0,7.59375,2.90625],"tintindex":0,"rotation":0,"texture":"#2"},"north":{"uv":[0.75,7.0,1.34375,7.90625],"tintindex":0,"rotation":0,"texture":"#2"},"west":{"uv":[1.25,4.5,2.34375,5.40625],"tintindex":0,"rotation":0,"texture":"#2"},"up":{"uv":[3.84375,7.34375,3.25,6.25],"tintindex":0,"rotation":0,"texture":"#2"},"down":{"uv":[4.59375,6.25,4.0,7.34375],"tintindex":0,"rotation":0,"texture":"#2"}},"rotation":{"origin":[7.986909,12.520298,8.963849],"angle":22.5,"axis":"x"}},{"from":[11.298909,11.888897,-7.186117],"to":[13.458909,14.624897,-2.0021172],"faces":{"east":{"uv":[6.5,3.5,7.59375,4.0625],"tintindex":0,"rotation":0,"texture":"#2"},"south":{"uv":[3.0,8.0,3.4375,8.5625],"tintindex":0,"rotation":0,"texture":"#2"},"north":{"uv":[2.5,8.0,2.9375,8.5625],"tintindex":0,"rotation":0,"texture":"#2"},"west":{"uv":[6.75,0.5,7.84375,1.0625],"tintindex":0,"rotation":0,"texture":"#2"},"up":{"uv":[6.1875,8.09375,5.75,7.0],"tintindex":0,"rotation":0,"texture":"#2"},"down":{"uv":[6.6875,7.0,6.25,8.09375],"tintindex":0,"rotation":0,"texture":"#2"}},"rotation":{"origin":[7.986909,-6.7129154,3.2133007],"angle":22.5,"axis":"x"}},{"from":[3.9549088,10.906567,12.607538],"to":[7.602909,12.058567,14.767538],"faces":{"east":{"uv":[2.5,3.25,2.9375,3.5],"tintindex":0,"rotation":0,"texture":"#2"},"south":{"uv":[8.0,5.5,8.75,5.75],"tintindex":0,"rotation":0,"texture":"#2"},"north":{"uv":[5.5,3.5,6.25,3.75],"tintindex":0,"rotation":0,"texture":"#2"},"west":{"uv":[2.5,3.5,2.9375,3.75],"tintindex":0,"rotation":0,"texture":"#2"},"up":{"uv":[5.25,2.4375,4.5,2.0],"tintindex":0,"rotation":0,"texture":"#2"},"down":{"uv":[7.75,3.0,7.0,3.4375],"tintindex":0,"rotation":0,"texture":"#2"}},"rotation":{"origin":[7.986909,-9.112915,4.4133005],"angle":-22.5,"axis":"x"}},{"from":[4.146909,12.928299,4.6918488],"to":[11.826909,15.2323,12.75585],"faces":{"east":{"uv":[5.0,4.5,6.6875,4.96875],"tintindex":0,"rotation":0,"texture":"#2"},"south":{"uv":[4.5,5.75,6.0,6.21875],"tintindex":0,"rotation":0,"texture":"#2"},"north":{"uv":[5.75,1.5,7.25,1.96875],"tintindex":0,"rotation":0,"texture":"#2"},"west":{"uv":[5.75,0.0,7.4375,0.46875],"tintindex":0,"rotation":0,"texture":"#2"},"up":{"uv":[1.5,1.6875,0.0,0.0],"tintindex":0,"rotation":0,"texture":"#2"},"down":{"uv":[3.0,0.0,1.5,1.6875],"tintindex":0,"rotation":0,"texture":"#2"}}},{"from":[2.946909,7.1927605,-15.955475],"to":[4.2429094,9.928761,-12.211473],"faces":{"east":{"uv":[7.25,5.75,8.03125,6.3125],"tintindex":0,"rotation":0,"texture":"#2"},"south":{"uv":[5.5,8.25,5.78125,8.8125],"tintindex":0,"rotation":0,"texture":"#2"},"north":{"uv":[5.0,8.25,5.28125,8.8125],"tintindex":0,"rotation":0,"texture":"#2"},"west":{"uv":[1.5,7.5,2.28125,8.0625],"tintindex":0,"rotation":0,"texture":"#2"},"up":{"uv":[1.78125,9.03125,1.5,8.25],"tintindex":0,"rotation":0,"texture":"#2"},"down":{"uv":[2.28125,8.25,2.0,9.03125],"tintindex":0,"rotation":0,"texture":"#2"}},"rotation":{"origin":[7.986909,-6.7129154,3.2133007],"angle":45.0,"axis":"x"}},{"from":[8.706909,8.464294,4.6918488],"to":[10.14691,8.896294,5.555849],"faces":{"east":{"uv":[5.25,2.0,5.4375,2.09375],"tintindex":0,"rotation":0,"texture":"#2"},"south":{"uv":[8.5,4.5,8.8125,4.59375],"tintindex":0,"rotation":0,"texture":"#2"},"north":{"uv":[4.0,8.5,4.3125,8.59375],"tintindex":0,"rotation":0,"texture":"#2"},"west":{"uv":[5.25,2.25,5.4375,2.34375],"tintindex":0,"rotation":0,"texture":"#2"},"up":{"uv":[0.3125,8.6875,0.0,8.5],"tintindex":0,"rotation":0,"texture":"#2"},"down":{"uv":[0.8125,8.5,0.5,8.6875],"tintindex":0,"rotation":0,"texture":"#2"}}},{"from":[11.730909,7.1927605,-15.955475],"to":[13.026909,9.928761,-12.211473],"faces":{"east":{"uv":[6.75,7.0,7.53125,7.5625],"tintindex":0,"rotation":0,"texture":"#2"},"south":{"uv":[4.5,8.25,4.78125,8.8125],"tintindex":0,"rotation":0,"texture":"#2"},"north":{"uv":[8.25,1.25,8.53125,1.8125],"tintindex":0,"rotation":0,"texture":"#2"},"west":{"uv":[7.25,1.25,8.03125,1.8125],"tintindex":0,"rotation":0,"texture":"#2"},"up":{"uv":[8.28125,5.28125,8.0,4.5],"tintindex":0,"rotation":0,"texture":"#2"},"down":{"uv":[8.03125,8.0,7.75,8.78125],"tintindex":0,"rotation":0,"texture":"#2"}},"rotation":{"origin":[7.986909,-6.7129154,3.2133007],"angle":45.0,"axis":"x"}},{"from":[5.826909,7.456295,6.1318493],"to":[10.14691,8.896294,9.875849],"faces":{"east":{"uv":[3.5,8.0,4.28125,8.3125],"tintindex":0,"rotation":0,"texture":"#2"},"south":{"uv":[7.75,2.5,8.65625,2.8125],"tintindex":0,"rotation":0,"texture":"#2"},"north":{"uv":[3.75,7.5,4.65625,7.8125],"tintindex":0,"rotation":0,"texture":"#2"},"west":{"uv":[8.0,4.0,8.78125,4.3125],"tintindex":0,"rotation":0,"texture":"#2"},"up":{"uv":[2.40625,6.28125,1.5,5.5],"tintindex":0,"rotation":0,"texture":"#2"},"down":{"uv":[6.65625,0.5,5.75,1.28125],"tintindex":0,"rotation":0,"texture":"#2"}}},{"from":[5.826909,8.464294,4.6918488],"to":[7.266909,8.896294,5.555849],"faces":{"east":{"uv":[6.25,3.5,6.4375,3.59375],"tintindex":0,"rotation":0,"texture":"#2"},"south":{"uv":[8.5,5.0,8.8125,5.09375],"tintindex":0,"rotation":0,"texture":"#2"},"north":{"uv":[8.5,4.75,8.8125,4.84375],"tintindex":0,"rotation":0,"texture":"#2"},"west":{"uv":[2.25,6.5,2.4375,6.59375],"tintindex":0,"rotation":0,"texture":"#2"},"up":{"uv":[8.8125,0.6875,8.5,0.5],"tintindex":0,"rotation":0,"texture":"#2"},"down":{"uv":[8.8125,0.75,8.5,0.9375],"tintindex":0,"rotation":0,"texture":"#2"}}},{"from":[8.514909,10.906567,12.607538],"to":[12.162909,12.058567,14.767538],"faces":{"east":{"uv":[6.75,1.25,7.1875,1.5],"tintindex":0,"rotation":0,"texture":"#2"},"south":{"uv":[8.0,6.75,8.75,7.0],"tintindex":0,"rotation":0,"texture":"#2"},"north":{"uv":[8.0,6.5,8.75,6.75],"tintindex":0,"rotation":0,"texture":"#2"},"west":{"uv":[6.75,5.75,7.1875,6.0],"tintindex":0,"rotation":0,"texture":"#2"},"up":{"uv":[8.0,6.9375,7.25,6.5],"tintindex":0,"rotation":0,"texture":"#2"},"down":{"uv":[8.25,0.0,7.5,0.4375],"tintindex":0,"rotation":0,"texture":"#2"}},"rotation":{"origin":[7.986909,-9.112915,4.4133005],"angle":-22.5,"axis":"x"}},{"from":[2.5149088,11.888897,-7.186117],"to":[4.674909,14.624897,-2.0021172],"faces":{"east":{"uv":[4.75,6.25,5.84375,6.8125],"tintindex":0,"rotation":0,"texture":"#2"},"south":{"uv":[1.0,8.0,1.4375,8.5625],"tintindex":0,"rotation":0,"texture":"#2"},"north":{"uv":[8.0,0.5,8.4375,1.0625],"tintindex":0,"rotation":0,"texture":"#2"},"west":{"uv":[6.0,6.25,7.09375,6.8125],"tintindex":0,"rotation":0,"texture":"#2"},"up":{"uv":[5.1875,8.09375,4.75,7.0],"tintindex":0,"rotation":0,"texture":"#2"},"down":{"uv":[5.6875,7.0,5.25,8.09375],"tintindex":0,"rotation":0,"texture":"#2"}},"rotation":{"origin":[7.986909,-6.7129154,3.2133007],"angle":22.5,"axis":"x"}}]}