{"textures":{"1":"modelengine:entity/demonio_reloj_gm_cuerpo"},"elements":[{"from":[7.9752474,-3.436782,1.5494452],"to":[10.8552475,-0.55678177,8.461445],"faces":{"east":{"uv":[4.125,1.75,4.875,2.0625],"tintindex":0,"rotation":0,"texture":"#1"},"south":{"uv":[2.375,8.625,2.6875,8.9375],"tintindex":0,"rotation":0,"texture":"#1"},"north":{"uv":[8.625,2.125,8.9375,2.4375],"tintindex":0,"rotation":0,"texture":"#1"},"west":{"uv":[7.75,3.25,8.5,3.5625],"tintindex":0,"rotation":0,"texture":"#1"},"up":{"uv":[1.6875,3.375,1.375,2.625],"tintindex":0,"rotation":0,"texture":"#1"},"down":{"uv":[8.0625,3.625,7.75,4.375],"tintindex":0,"rotation":0,"texture":"#1"}}},{"from":[5.0952477,-0.55678177,2.2694454],"to":[10.8552475,8.083218,8.029446],"faces":{"east":{"uv":[5.375,4.5,6.0,5.375],"tintindex":0,"rotation":0,"texture":"#1"},"south":{"uv":[5.375,5.375,6.0,6.25],"tintindex":0,"rotation":0,"texture":"#1"},"north":{"uv":[1.25,5.375,1.875,6.25],"tintindex":0,"rotation":0,"texture":"#1"},"west":{"uv":[5.625,0.0,6.25,0.875],"tintindex":0,"rotation":0,"texture":"#1"},"up":{"uv":[7.625,1.25,7.0,0.625],"tintindex":0,"rotation":0,"texture":"#1"},"down":{"uv":[7.625,1.25,7.0,1.875],"tintindex":0,"rotation":0,"texture":"#1"}}}]}