{"textures":{"1":"modelengine:entity/demonio_reloj_gm_cuerpo"},"elements":[{"from":[5.664988,-0.6799755,2.276],"to":[10.224988,7.960024,6.836],"faces":{"east":{"uv":[4.625,6.5,5.125,7.375],"tintindex":0,"rotation":0,"texture":"#1"},"south":{"uv":[6.75,3.25,7.25,4.125],"tintindex":0,"rotation":0,"texture":"#1"},"north":{"uv":[4.125,6.5,4.625,7.375],"tintindex":0,"rotation":0,"texture":"#1"},"west":{"uv":[6.75,4.125,7.25,5.0],"tintindex":0,"rotation":0,"texture":"#1"},"up":{"uv":[3.75,4.5,3.25,4.0],"tintindex":0,"rotation":0,"texture":"#1"},"down":{"uv":[2.625,4.625,2.125,5.125],"tintindex":0,"rotation":0,"texture":"#1"}}},{"from":[5.664988,-3.5599766,1.5559998],"to":[8.544989,-0.6799755,8.468],"faces":{"east":{"uv":[7.75,5.125,8.5,5.4375],"tintindex":0,"rotation":0,"texture":"#1"},"south":{"uv":[6.0,8.625,6.3125,8.9375],"tintindex":0,"rotation":0,"texture":"#1"},"north":{"uv":[5.625,8.625,5.9375,8.9375],"tintindex":0,"rotation":0,"texture":"#1"},"west":{"uv":[7.125,7.875,7.875,8.1875],"tintindex":0,"rotation":0,"texture":"#1"},"up":{"uv":[5.4375,8.5,5.125,7.75],"tintindex":0,"rotation":0,"texture":"#1"},"down":{"uv":[8.1875,7.875,7.875,8.625],"tintindex":0,"rotation":0,"texture":"#1"}}}]}