{"textures":{"1":"modelengine:entity/demonio_reloj_gm_cuerpo"},"elements":[{"from":[7.975248,-3.436781,1.5494452],"to":[10.8552475,-0.55677986,8.461445],"faces":{"east":{"uv":[2.5,8.0,3.25,8.3125],"tintindex":0,"rotation":0,"texture":"#1"},"south":{"uv":[8.625,7.625,8.9375,7.9375],"tintindex":0,"rotation":0,"texture":"#1"},"north":{"uv":[8.625,6.25,8.9375,6.5625],"tintindex":0,"rotation":0,"texture":"#1"},"west":{"uv":[3.25,8.0,4.0,8.3125],"tintindex":0,"rotation":0,"texture":"#1"},"up":{"uv":[4.3125,8.75,4.0,8.0],"tintindex":0,"rotation":0,"texture":"#1"},"down":{"uv":[4.6875,8.0,4.375,8.75],"tintindex":0,"rotation":0,"texture":"#1"}}},{"from":[6.295248,-0.55677986,2.2694454],"to":[10.8552475,8.08322,6.8294454],"faces":{"east":{"uv":[0.0,6.875,0.5,7.75],"tintindex":0,"rotation":0,"texture":"#1"},"south":{"uv":[1.0,6.875,1.5,7.75],"tintindex":0,"rotation":0,"texture":"#1"},"north":{"uv":[6.75,5.0,7.25,5.875],"tintindex":0,"rotation":0,"texture":"#1"},"west":{"uv":[1.5,6.875,2.0,7.75],"tintindex":0,"rotation":0,"texture":"#1"},"up":{"uv":[8.25,2.75,7.75,2.25],"tintindex":0,"rotation":0,"texture":"#1"},"down":{"uv":[8.25,2.75,7.75,3.25],"tintindex":0,"rotation":0,"texture":"#1"}}}]}