{"textures":{"1":"modelengine:entity/demonio_reloj_gm_cuerpo"},"elements":[{"from":[5.6649885,-3.5599756,1.5559998],"to":[8.544989,-0.6799755,8.468],"faces":{"east":{"uv":[8.0,5.5,8.75,5.8125],"tintindex":0,"rotation":0,"texture":"#1"},"south":{"uv":[8.625,8.0,8.9375,8.3125],"tintindex":0,"rotation":0,"texture":"#1"},"north":{"uv":[7.875,8.625,8.1875,8.9375],"tintindex":0,"rotation":0,"texture":"#1"},"west":{"uv":[8.0,5.875,8.75,6.1875],"tintindex":0,"rotation":0,"texture":"#1"},"up":{"uv":[5.0625,8.75,4.75,8.0],"tintindex":0,"rotation":0,"texture":"#1"},"down":{"uv":[8.4375,1.0,8.125,1.75],"tintindex":0,"rotation":0,"texture":"#1"}}},{"from":[5.6649885,-0.6799755,2.276],"to":[11.424988,7.960024,8.035999],"faces":{"east":{"uv":[0.625,5.0,1.25,5.875],"tintindex":0,"rotation":0,"texture":"#1"},"south":{"uv":[5.0,1.5,5.625,2.375],"tintindex":0,"rotation":0,"texture":"#1"},"north":{"uv":[0.0,4.875,0.625,5.75],"tintindex":0,"rotation":0,"texture":"#1"},"west":{"uv":[5.0,2.375,5.625,3.25],"tintindex":0,"rotation":0,"texture":"#1"},"up":{"uv":[2.625,7.5,2.0,6.875],"tintindex":0,"rotation":0,"texture":"#1"},"down":{"uv":[7.625,0.0,7.0,0.625],"tintindex":0,"rotation":0,"texture":"#1"}}}]}