{"textures":{"1":"modelengine:entity/demonio_reloj_gm_cuerpo"},"elements":[{"from":[9.647728,3.9955997,10.16],"to":[11.087728,6.8756,11.6],"faces":{"east":{"uv":[6.25,9.0,6.375,9.3125],"tintindex":0,"rotation":0,"texture":"#1"},"south":{"uv":[9.0,6.5,9.125,6.8125],"tintindex":0,"rotation":0,"texture":"#1"},"north":{"uv":[9.0,6.125,9.125,6.4375],"tintindex":0,"rotation":0,"texture":"#1"},"west":{"uv":[9.0,6.875,9.125,7.1875],"tintindex":0,"rotation":0,"texture":"#1"},"up":{"uv":[8.5,4.375,8.375,4.25],"tintindex":0,"rotation":0,"texture":"#1"},"down":{"uv":[5.375,8.5,5.25,8.625],"tintindex":0,"rotation":0,"texture":"#1"}},"rotation":{"origin":[11.087728,5.4355993,8.72],"angle":45.0,"axis":"z"}},{"from":[9.647728,3.9955997,7.2799997],"to":[11.087728,6.8756,8.72],"faces":{"east":{"uv":[9.0,7.625,9.125,7.9375],"tintindex":0,"rotation":0,"texture":"#1"},"south":{"uv":[7.875,9.0,8.0,9.3125],"tintindex":0,"rotation":0,"texture":"#1"},"north":{"uv":[9.0,7.25,9.125,7.5625],"tintindex":0,"rotation":0,"texture":"#1"},"west":{"uv":[8.0,9.0,8.125,9.3125],"tintindex":0,"rotation":0,"texture":"#1"},"up":{"uv":[5.5,8.625,5.375,8.5],"tintindex":0,"rotation":0,"texture":"#1"},"down":{"uv":[8.75,5.0,8.625,5.125],"tintindex":0,"rotation":0,"texture":"#1"}},"rotation":{"origin":[11.087728,5.4355993,5.84],"angle":45.0,"axis":"z"}},{"from":[8.390582,5.8770504,6.848],"to":[9.830583,8.7570505,9.152],"faces":{"east":{"uv":[1.0,5.875,1.25,6.1875],"tintindex":0,"rotation":0,"texture":"#1"},"south":{"uv":[9.0,5.75,9.125,6.0625],"tintindex":0,"rotation":0,"texture":"#1"},"north":{"uv":[5.0,9.0,5.125,9.3125],"tintindex":0,"rotation":0,"texture":"#1"},"west":{"uv":[5.125,5.875,5.375,6.1875],"tintindex":0,"rotation":0,"texture":"#1"},"up":{"uv":[2.5,8.375,2.375,8.125],"tintindex":0,"rotation":0,"texture":"#1"},"down":{"uv":[8.75,0.375,8.625,0.625],"tintindex":0,"rotation":0,"texture":"#1"}},"rotation":{"origin":[9.830583,7.31705,5.84],"angle":22.5,"axis":"z"}},{"from":[8.390582,5.8770504,3.968],"to":[9.830583,8.7570505,6.2720003],"faces":{"east":{"uv":[2.625,6.875,2.875,7.1875],"tintindex":0,"rotation":0,"texture":"#1"},"south":{"uv":[6.125,9.0,6.25,9.3125],"tintindex":0,"rotation":0,"texture":"#1"},"north":{"uv":[6.0,9.0,6.125,9.3125],"tintindex":0,"rotation":0,"texture":"#1"},"west":{"uv":[8.75,0.375,9.0,0.6875],"tintindex":0,"rotation":0,"texture":"#1"},"up":{"uv":[8.75,2.75,8.625,2.5],"tintindex":0,"rotation":0,"texture":"#1"},"down":{"uv":[9.25,4.0,9.125,4.25],"tintindex":0,"rotation":0,"texture":"#1"}},"rotation":{"origin":[9.830583,7.31705,2.96],"angle":22.5,"axis":"z"}},{"from":[8.390582,5.8770504,9.728],"to":[9.830583,8.7570505,12.032],"faces":{"east":{"uv":[1.5,1.125,1.75,1.4375],"tintindex":0,"rotation":0,"texture":"#1"},"south":{"uv":[3.0,9.0,3.125,9.3125],"tintindex":0,"rotation":0,"texture":"#1"},"north":{"uv":[7.625,2.25,7.75,2.5625],"tintindex":0,"rotation":0,"texture":"#1"},"west":{"uv":[1.875,5.375,2.125,5.6875],"tintindex":0,"rotation":0,"texture":"#1"},"up":{"uv":[4.875,1.75,4.75,1.5],"tintindex":0,"rotation":0,"texture":"#1"},"down":{"uv":[7.625,6.875,7.5,7.125],"tintindex":0,"rotation":0,"texture":"#1"}},"rotation":{"origin":[9.830583,7.31705,8.72],"angle":22.5,"axis":"z"}},{"from":[9.647728,3.9955997,4.4],"to":[11.087728,6.8756,5.84],"faces":{"east":{"uv":[8.125,9.0,8.25,9.3125],"tintindex":0,"rotation":0,"texture":"#1"},"south":{"uv":[9.0,8.375,9.125,8.6875],"tintindex":0,"rotation":0,"texture":"#1"},"north":{"uv":[9.0,8.0,9.125,8.3125],"tintindex":0,"rotation":0,"texture":"#1"},"west":{"uv":[9.0,8.75,9.125,9.0625],"tintindex":0,"rotation":0,"texture":"#1"},"up":{"uv":[8.875,0.875,8.75,0.75],"tintindex":0,"rotation":0,"texture":"#1"},"down":{"uv":[8.875,5.0,8.75,5.125],"tintindex":0,"rotation":0,"texture":"#1"}},"rotation":{"origin":[11.087728,5.4355993,2.96],"angle":45.0,"axis":"z"}}]}