{"textures":{"1":"modelengine:entity/demonio_reloj_gm_cuerpo"},"elements":[{"from":[9.647728,3.9955988,10.16],"to":[11.0877285,6.875599,11.6],"faces":{"east":{"uv":[8.875,9.125,9.0,9.4375],"tintindex":0,"rotation":0,"texture":"#1"},"south":{"uv":[9.0,9.125,9.125,9.4375],"tintindex":0,"rotation":0,"texture":"#1"},"north":{"uv":[9.125,8.75,9.25,9.0625],"tintindex":0,"rotation":0,"texture":"#1"},"west":{"uv":[9.125,9.125,9.25,9.4375],"tintindex":0,"rotation":0,"texture":"#1"},"up":{"uv":[9.5,4.25,9.375,4.125],"tintindex":0,"rotation":0,"texture":"#1"},"down":{"uv":[9.5,4.25,9.375,4.375],"tintindex":0,"rotation":0,"texture":"#1"}},"rotation":{"origin":[11.0877285,5.4355993,8.72],"angle":45.0,"axis":"z"}},{"from":[9.647728,3.9955988,7.2799997],"to":[11.0877285,6.875599,8.72],"faces":{"east":{"uv":[0.375,9.25,0.5,9.5625],"tintindex":0,"rotation":0,"texture":"#1"},"south":{"uv":[0.5,9.25,0.625,9.5625],"tintindex":0,"rotation":0,"texture":"#1"},"north":{"uv":[9.25,0.0,9.375,0.3125],"tintindex":0,"rotation":0,"texture":"#1"},"west":{"uv":[0.625,9.25,0.75,9.5625],"tintindex":0,"rotation":0,"texture":"#1"},"up":{"uv":[9.5,4.5,9.375,4.375],"tintindex":0,"rotation":0,"texture":"#1"},"down":{"uv":[9.5,4.5,9.375,4.625],"tintindex":0,"rotation":0,"texture":"#1"}},"rotation":{"origin":[11.0877285,5.4355993,5.84],"angle":45.0,"axis":"z"}},{"from":[8.390583,5.8770494,9.728],"to":[9.830583,8.75705,12.032],"faces":{"east":{"uv":[8.75,5.5,9.0,5.8125],"tintindex":0,"rotation":0,"texture":"#1"},"south":{"uv":[8.25,9.125,8.375,9.4375],"tintindex":0,"rotation":0,"texture":"#1"},"north":{"uv":[9.125,8.0,9.25,8.3125],"tintindex":0,"rotation":0,"texture":"#1"},"west":{"uv":[8.75,5.875,9.0,6.1875],"tintindex":0,"rotation":0,"texture":"#1"},"up":{"uv":[9.375,7.0,9.25,6.75],"tintindex":0,"rotation":0,"texture":"#1"},"down":{"uv":[7.125,9.25,7.0,9.5],"tintindex":0,"rotation":0,"texture":"#1"}},"rotation":{"origin":[9.830583,7.31705,8.72],"angle":22.5,"axis":"z"}},{"from":[8.390583,5.8770494,3.968],"to":[9.830583,8.75705,6.2720003],"faces":{"east":{"uv":[7.125,8.75,7.375,9.0625],"tintindex":0,"rotation":0,"texture":"#1"},"south":{"uv":[8.75,9.125,8.875,9.4375],"tintindex":0,"rotation":0,"texture":"#1"},"north":{"uv":[8.625,9.125,8.75,9.4375],"tintindex":0,"rotation":0,"texture":"#1"},"west":{"uv":[7.375,8.75,7.625,9.0625],"tintindex":0,"rotation":0,"texture":"#1"},"up":{"uv":[9.375,7.75,9.25,7.5],"tintindex":0,"rotation":0,"texture":"#1"},"down":{"uv":[9.375,7.75,9.25,8.0],"tintindex":0,"rotation":0,"texture":"#1"}},"rotation":{"origin":[9.830583,7.31705,2.96],"angle":22.5,"axis":"z"}},{"from":[8.390583,5.8770494,6.848],"to":[9.830583,8.75705,9.152],"faces":{"east":{"uv":[8.75,6.625,9.0,6.9375],"tintindex":0,"rotation":0,"texture":"#1"},"south":{"uv":[9.125,8.375,9.25,8.6875],"tintindex":0,"rotation":0,"texture":"#1"},"north":{"uv":[8.375,9.125,8.5,9.4375],"tintindex":0,"rotation":0,"texture":"#1"},"west":{"uv":[8.75,7.0,9.0,7.3125],"tintindex":0,"rotation":0,"texture":"#1"},"up":{"uv":[9.375,7.25,9.25,7.0],"tintindex":0,"rotation":0,"texture":"#1"},"down":{"uv":[9.375,7.25,9.25,7.5],"tintindex":0,"rotation":0,"texture":"#1"}},"rotation":{"origin":[9.830583,7.31705,5.84],"angle":22.5,"axis":"z"}},{"from":[9.647728,3.9955988,4.4],"to":[11.0877285,6.875599,5.84],"faces":{"east":{"uv":[1.0,9.25,1.125,9.5625],"tintindex":0,"rotation":0,"texture":"#1"},"south":{"uv":[1.125,9.25,1.25,9.5625],"tintindex":0,"rotation":0,"texture":"#1"},"north":{"uv":[9.25,0.625,9.375,0.9375],"tintindex":0,"rotation":0,"texture":"#1"},"west":{"uv":[1.25,9.25,1.375,9.5625],"tintindex":0,"rotation":0,"texture":"#1"},"up":{"uv":[9.5,4.75,9.375,4.625],"tintindex":0,"rotation":0,"texture":"#1"},"down":{"uv":[9.5,4.75,9.375,4.875],"tintindex":0,"rotation":0,"texture":"#1"}},"rotation":{"origin":[11.0877285,5.4355993,2.96],"angle":45.0,"axis":"z"}}]}