{"textures":{"1":"modelengine:entity/demonio_reloj_gm_cuerpo"},"elements":[{"from":[6.1694174,5.7330503,9.836],"to":[7.609418,8.61305,11.996],"faces":{"east":{"uv":[8.75,1.75,9.0,2.0625],"tintindex":0,"rotation":0,"texture":"#1"},"south":{"uv":[2.125,9.125,2.25,9.4375],"tintindex":0,"rotation":0,"texture":"#1"},"north":{"uv":[9.125,1.375,9.25,1.6875],"tintindex":0,"rotation":0,"texture":"#1"},"west":{"uv":[2.125,8.75,2.375,9.0625],"tintindex":0,"rotation":0,"texture":"#1"},"up":{"uv":[9.375,5.0,9.25,4.75],"tintindex":0,"rotation":0,"texture":"#1"},"down":{"uv":[5.0,9.25,4.875,9.5],"tintindex":0,"rotation":0,"texture":"#1"}},"rotation":{"origin":[6.1694174,7.17305,8.684],"angle":-22.5,"axis":"z"}},{"from":[4.9122725,3.8515997,4.3640003],"to":[6.352272,6.7316,5.948],"faces":{"east":{"uv":[1.375,9.0,1.5625,9.3125],"tintindex":0,"rotation":0,"texture":"#1"},"south":{"uv":[6.75,9.125,6.875,9.4375],"tintindex":0,"rotation":0,"texture":"#1"},"north":{"uv":[6.625,9.125,6.75,9.4375],"tintindex":0,"rotation":0,"texture":"#1"},"west":{"uv":[1.625,9.0,1.8125,9.3125],"tintindex":0,"rotation":0,"texture":"#1"},"up":{"uv":[9.5,1.1875,9.375,1.0],"tintindex":0,"rotation":0,"texture":"#1"},"down":{"uv":[1.5,9.375,1.375,9.5625],"tintindex":0,"rotation":0,"texture":"#1"}},"rotation":{"origin":[4.9122725,5.2915993,2.9239998],"angle":-45.0,"axis":"z"}},{"from":[6.1694174,5.7330503,6.9560003],"to":[7.609418,8.61305,9.116],"faces":{"east":{"uv":[8.75,2.5,9.0,2.8125],"tintindex":0,"rotation":0,"texture":"#1"},"south":{"uv":[9.125,6.5,9.25,6.8125],"tintindex":0,"rotation":0,"texture":"#1"},"north":{"uv":[6.5,9.125,6.625,9.4375],"tintindex":0,"rotation":0,"texture":"#1"},"west":{"uv":[8.75,2.875,9.0,3.1875],"tintindex":0,"rotation":0,"texture":"#1"},"up":{"uv":[9.375,5.25,9.25,5.0],"tintindex":0,"rotation":0,"texture":"#1"},"down":{"uv":[5.375,9.25,5.25,9.5],"tintindex":0,"rotation":0,"texture":"#1"}},"rotation":{"origin":[6.1694174,7.17305,5.804],"angle":-22.5,"axis":"z"}},{"from":[4.9122725,3.8515997,10.124001],"to":[6.352272,6.7316,11.564],"faces":{"east":{"uv":[4.25,9.125,4.375,9.4375],"tintindex":0,"rotation":0,"texture":"#1"},"south":{"uv":[4.375,9.125,4.5,9.4375],"tintindex":0,"rotation":0,"texture":"#1"},"north":{"uv":[2.25,9.125,2.375,9.4375],"tintindex":0,"rotation":0,"texture":"#1"},"west":{"uv":[4.5,9.125,4.625,9.4375],"tintindex":0,"rotation":0,"texture":"#1"},"up":{"uv":[9.0,0.875,8.875,0.75],"tintindex":0,"rotation":0,"texture":"#1"},"down":{"uv":[9.375,5.25,9.25,5.375],"tintindex":0,"rotation":0,"texture":"#1"}},"rotation":{"origin":[4.9122725,5.2915993,8.684],"angle":-45.0,"axis":"z"}},{"from":[4.9122725,3.8515997,7.244],"to":[6.352272,6.7316,8.684],"faces":{"east":{"uv":[9.125,5.0,9.25,5.3125],"tintindex":0,"rotation":0,"texture":"#1"},"south":{"uv":[9.125,5.75,9.25,6.0625],"tintindex":0,"rotation":0,"texture":"#1"},"north":{"uv":[4.625,9.125,4.75,9.4375],"tintindex":0,"rotation":0,"texture":"#1"},"west":{"uv":[9.125,6.125,9.25,6.4375],"tintindex":0,"rotation":0,"texture":"#1"},"up":{"uv":[9.5,3.75,9.375,3.625],"tintindex":0,"rotation":0,"texture":"#1"},"down":{"uv":[9.5,3.75,9.375,3.875],"tintindex":0,"rotation":0,"texture":"#1"}},"rotation":{"origin":[4.9122725,5.2915993,5.804],"angle":-45.0,"axis":"z"}},{"from":[6.1694174,5.7330503,4.076],"to":[7.609418,8.61305,6.236],"faces":{"east":{"uv":[8.75,3.25,9.0,3.5625],"tintindex":0,"rotation":0,"texture":"#1"},"south":{"uv":[9.125,6.875,9.25,7.1875],"tintindex":0,"rotation":0,"texture":"#1"},"north":{"uv":[6.875,9.125,7.0,9.4375],"tintindex":0,"rotation":0,"texture":"#1"},"west":{"uv":[8.75,3.625,9.0,3.9375],"tintindex":0,"rotation":0,"texture":"#1"},"up":{"uv":[5.5,9.5,5.375,9.25],"tintindex":0,"rotation":0,"texture":"#1"},"down":{"uv":[5.625,9.25,5.5,9.5],"tintindex":0,"rotation":0,"texture":"#1"}},"rotation":{"origin":[6.1694174,7.17305,2.9239998],"angle":-22.5,"axis":"z"}}]}