{"textures":{"1":"modelengine:entity/demonio_reloj_gm_cuerpo"},"elements":[{"from":[6.1694174,5.73305,4.076],"to":[7.609417,8.6130495,6.236],"faces":{"east":{"uv":[3.625,8.875,3.875,9.1875],"tintindex":0,"rotation":0,"texture":"#1"},"south":{"uv":[4.75,9.25,4.875,9.5625],"tintindex":0,"rotation":0,"texture":"#1"},"north":{"uv":[9.25,4.375,9.375,4.6875],"tintindex":0,"rotation":0,"texture":"#1"},"west":{"uv":[8.875,5.0,9.125,5.3125],"tintindex":0,"rotation":0,"texture":"#1"},"up":{"uv":[9.375,9.25,9.25,9.0],"tintindex":0,"rotation":0,"texture":"#1"},"down":{"uv":[9.375,9.25,9.25,9.5],"tintindex":0,"rotation":0,"texture":"#1"}},"rotation":{"origin":[6.1694174,7.17305,2.9239998],"angle":-22.5,"axis":"z"}},{"from":[4.912272,3.8515992,10.124001],"to":[6.352272,6.7315993,11.564],"faces":{"east":{"uv":[2.375,9.25,2.5,9.5625],"tintindex":0,"rotation":0,"texture":"#1"},"south":{"uv":[2.5,9.25,2.625,9.5625],"tintindex":0,"rotation":0,"texture":"#1"},"north":{"uv":[9.25,2.125,9.375,2.4375],"tintindex":0,"rotation":0,"texture":"#1"},"west":{"uv":[2.625,9.25,2.75,9.5625],"tintindex":0,"rotation":0,"texture":"#1"},"up":{"uv":[9.5,5.75,9.375,5.625],"tintindex":0,"rotation":0,"texture":"#1"},"down":{"uv":[9.5,5.75,9.375,5.875],"tintindex":0,"rotation":0,"texture":"#1"}},"rotation":{"origin":[4.912272,5.2915993,8.684],"angle":-45.0,"axis":"z"}},{"from":[6.1694174,5.73305,9.836],"to":[7.609417,8.6130495,11.996],"faces":{"east":{"uv":[8.75,8.375,9.0,8.6875],"tintindex":0,"rotation":0,"texture":"#1"},"south":{"uv":[9.25,1.75,9.375,2.0625],"tintindex":0,"rotation":0,"texture":"#1"},"north":{"uv":[9.25,1.375,9.375,1.6875],"tintindex":0,"rotation":0,"texture":"#1"},"west":{"uv":[8.75,8.75,9.0,9.0625],"tintindex":0,"rotation":0,"texture":"#1"},"up":{"uv":[9.375,8.25,9.25,8.0],"tintindex":0,"rotation":0,"texture":"#1"},"down":{"uv":[9.375,8.25,9.25,8.5],"tintindex":0,"rotation":0,"texture":"#1"}},"rotation":{"origin":[6.1694174,7.17305,8.684],"angle":-22.5,"axis":"z"}},{"from":[4.912272,3.8515992,7.244],"to":[6.352272,6.7315993,8.684],"faces":{"east":{"uv":[3.375,9.25,3.5,9.5625],"tintindex":0,"rotation":0,"texture":"#1"},"south":{"uv":[3.5,9.25,3.625,9.5625],"tintindex":0,"rotation":0,"texture":"#1"},"north":{"uv":[9.25,2.75,9.375,3.0625],"tintindex":0,"rotation":0,"texture":"#1"},"west":{"uv":[3.625,9.25,3.75,9.5625],"tintindex":0,"rotation":0,"texture":"#1"},"up":{"uv":[9.5,6.0,9.375,5.875],"tintindex":0,"rotation":0,"texture":"#1"},"down":{"uv":[6.125,9.375,6.0,9.5],"tintindex":0,"rotation":0,"texture":"#1"}},"rotation":{"origin":[4.912272,5.2915993,5.804],"angle":-45.0,"axis":"z"}},{"from":[6.1694174,5.73305,6.9560003],"to":[7.609417,8.6130495,9.116],"faces":{"east":{"uv":[8.875,1.375,9.125,1.6875],"tintindex":0,"rotation":0,"texture":"#1"},"south":{"uv":[3.75,9.25,3.875,9.5625],"tintindex":0,"rotation":0,"texture":"#1"},"north":{"uv":[9.25,3.625,9.375,3.9375],"tintindex":0,"rotation":0,"texture":"#1"},"west":{"uv":[3.375,8.875,3.625,9.1875],"tintindex":0,"rotation":0,"texture":"#1"},"up":{"uv":[9.375,8.75,9.25,8.5],"tintindex":0,"rotation":0,"texture":"#1"},"down":{"uv":[9.375,8.75,9.25,9.0],"tintindex":0,"rotation":0,"texture":"#1"}},"rotation":{"origin":[6.1694174,7.17305,5.804],"angle":-22.5,"axis":"z"}},{"from":[4.912272,3.8515992,4.3640003],"to":[6.352272,6.7315993,5.948],"faces":{"east":{"uv":[9.0,3.625,9.1875,3.9375],"tintindex":0,"rotation":0,"texture":"#1"},"south":{"uv":[9.25,4.0,9.375,4.3125],"tintindex":0,"rotation":0,"texture":"#1"},"north":{"uv":[3.875,9.25,4.0,9.5625],"tintindex":0,"rotation":0,"texture":"#1"},"west":{"uv":[4.0,9.0,4.1875,9.3125],"tintindex":0,"rotation":0,"texture":"#1"},"up":{"uv":[9.5,3.0625,9.375,2.875],"tintindex":0,"rotation":0,"texture":"#1"},"down":{"uv":[3.125,9.375,3.0,9.5625],"tintindex":0,"rotation":0,"texture":"#1"}},"rotation":{"origin":[4.912272,5.2915993,2.9239998],"angle":-45.0,"axis":"z"}}]}