{"textures":{"2":"modelengine:entity/demonio_reloj_gm_headd"},"elements":[{"from":[5.84,7.279999,6.704],"to":[10.16,8.719997,8.144],"faces":{"east":{"uv":[8.25,0.0,8.5625,0.3125],"tintindex":0,"rotation":0,"texture":"#2"},"south":{"uv":[7.75,3.5,8.65625,3.8125],"tintindex":0,"rotation":0,"texture":"#2"},"north":{"uv":[7.75,3.0,8.65625,3.3125],"tintindex":0,"rotation":0,"texture":"#2"},"west":{"uv":[8.25,5.75,8.5625,6.0625],"tintindex":0,"rotation":0,"texture":"#2"},"up":{"uv":[7.65625,8.0625,6.75,7.75],"tintindex":0,"rotation":0,"texture":"#2"},"down":{"uv":[8.65625,7.0,7.75,7.3125],"tintindex":0,"rotation":0,"texture":"#2"}}},{"from":[7.2799997,8.719997,6.992],"to":[8.72,9.584,6.992],"faces":{"south":{"uv":[8.25,6.25,8.5625,6.4375],"tintindex":0,"rotation":0,"texture":"#2"},"north":{"uv":[6.75,6.0,7.0625,6.1875],"tintindex":0,"rotation":0,"texture":"#2"}}},{"from":[5.84,8.719997,6.992],"to":[7.2799997,10.16,6.992],"faces":{"south":{"uv":[8.25,8.0,8.5625,8.3125],"tintindex":0,"rotation":0,"texture":"#2"},"north":{"uv":[7.0,8.25,7.3125,8.5625],"tintindex":0,"rotation":0,"texture":"#2"}}},{"from":[8.72,8.719997,6.992],"to":[10.16,10.16,6.992],"faces":{"south":{"uv":[6.5,8.25,6.8125,8.5625],"tintindex":0,"rotation":0,"texture":"#2"},"north":{"uv":[6.0,8.25,6.3125,8.5625],"tintindex":0,"rotation":0,"texture":"#2"}}}]}