{"textures":{"1":"modelengine:entity/demonio_reloj_gm_cuerpo"},"elements":[{"from":[3.6799998,8.28171,3.4054742],"to":[12.32,14.04171,10.605474],"faces":{"east":{"uv":[6.25,0.625,7.0,1.25],"tintindex":0,"rotation":0,"texture":"#1"},"south":{"uv":[4.5,5.25,5.375,5.875],"tintindex":0,"rotation":0,"texture":"#1"},"north":{"uv":[2.125,5.125,3.0,5.75],"tintindex":0,"rotation":0,"texture":"#1"},"west":{"uv":[1.0,6.25,1.75,6.875],"tintindex":0,"rotation":0,"texture":"#1"},"up":{"uv":[5.625,0.75,4.75,0.0],"tintindex":0,"rotation":0,"texture":"#1"},"down":{"uv":[5.625,0.75,4.75,1.5],"tintindex":0,"rotation":0,"texture":"#1"}}},{"from":[0.32000017,11.161711,1.5094743],"to":[8.0,16.921711,11.589474],"faces":{"east":{"uv":[3.875,2.125,4.9375,2.75],"tintindex":0,"rotation":0,"texture":"#1"},"south":{"uv":[4.25,5.875,5.0625,6.5],"tintindex":0,"rotation":0,"texture":"#1"},"north":{"uv":[5.875,3.875,6.6875,4.5],"tintindex":0,"rotation":0,"texture":"#1"},"west":{"uv":[3.875,2.75,4.9375,3.375],"tintindex":0,"rotation":0,"texture":"#1"},"up":{"uv":[1.6875,2.5625,0.875,1.5],"tintindex":0,"rotation":0,"texture":"#1"},"down":{"uv":[2.5625,1.125,1.75,2.1875],"tintindex":0,"rotation":0,"texture":"#1"}}},{"from":[0.8000002,13.4417095,3.4054742],"to":[15.2,18.84171,10.605474],"faces":{"east":{"uv":[3.125,0.625,3.875,1.125],"tintindex":0,"rotation":0,"texture":"#1"},"south":{"uv":[2.625,1.625,4.125,2.125],"tintindex":0,"rotation":0,"texture":"#1"},"north":{"uv":[2.625,1.125,4.125,1.625],"tintindex":0,"rotation":0,"texture":"#1"},"west":{"uv":[6.75,5.875,7.5,6.375],"tintindex":0,"rotation":0,"texture":"#1"},"up":{"uv":[1.5,0.75,0.0,0.0],"tintindex":0,"rotation":0,"texture":"#1"},"down":{"uv":[1.5,0.75,0.0,1.5],"tintindex":0,"rotation":0,"texture":"#1"}}},{"from":[8.0,11.161711,1.5094738],"to":[15.68,16.921711,11.589474],"faces":{"east":{"uv":[3.125,0.0,4.1875,0.625],"tintindex":0,"rotation":0,"texture":"#1"},"south":{"uv":[5.875,3.25,6.6875,3.875],"tintindex":0,"rotation":0,"texture":"#1"},"north":{"uv":[5.625,2.625,6.4375,3.25],"tintindex":0,"rotation":0,"texture":"#1"},"west":{"uv":[2.625,3.375,3.6875,4.0],"tintindex":0,"rotation":0,"texture":"#1"},"up":{"uv":[0.8125,2.5625,0.0,1.5],"tintindex":0,"rotation":0,"texture":"#1"},"down":{"uv":[2.3125,0.0,1.5,1.0625],"tintindex":0,"rotation":0,"texture":"#1"}}}]}