{"textures":{"1":"modelengine:entity/demonio_reloj_gm_cuerpo"},"elements":[{"from":[6.5600004,-3.5200005,5.12],"to":[9.440001,8.0,10.88],"faces":{"east":{"uv":[1.375,3.375,2.0,4.5625],"tintindex":0,"rotation":0,"texture":"#1"},"south":{"uv":[6.75,7.125,7.0625,8.3125],"tintindex":0,"rotation":0,"texture":"#1"},"north":{"uv":[6.375,7.125,6.6875,8.3125],"tintindex":0,"rotation":0,"texture":"#1"},"west":{"uv":[2.0,3.375,2.625,4.5625],"tintindex":0,"rotation":0,"texture":"#1"},"up":{"uv":[8.5625,0.625,8.25,0.0],"tintindex":0,"rotation":0,"texture":"#1"},"down":{"uv":[8.5625,2.125,8.25,2.75],"tintindex":0,"rotation":0,"texture":"#1"}}},{"from":[5.12,-0.64000034,5.12],"to":[6.5600004,6.5599995,10.16],"faces":{"east":{"uv":[7.0,6.375,7.5,7.125],"tintindex":0,"rotation":0,"texture":"#1"},"south":{"uv":[6.375,8.625,6.5,9.375],"tintindex":0,"rotation":0,"texture":"#1"},"north":{"uv":[3.25,8.625,3.375,9.375],"tintindex":0,"rotation":0,"texture":"#1"},"west":{"uv":[7.125,1.875,7.625,2.625],"tintindex":0,"rotation":0,"texture":"#1"},"up":{"uv":[8.625,9.375,8.5,8.875],"tintindex":0,"rotation":0,"texture":"#1"},"down":{"uv":[0.125,9.0,0.0,9.5],"tintindex":0,"rotation":0,"texture":"#1"}}},{"from":[6.5600004,-2.08,3.6799998],"to":[10.88,5.120001,5.12],"faces":{"east":{"uv":[8.625,8.375,8.75,9.125],"tintindex":0,"rotation":0,"texture":"#1"},"south":{"uv":[3.625,7.25,4.0625,8.0],"tintindex":0,"rotation":0,"texture":"#1"},"north":{"uv":[7.25,3.375,7.6875,4.125],"tintindex":0,"rotation":0,"texture":"#1"},"west":{"uv":[2.0,8.75,2.125,9.5],"tintindex":0,"rotation":0,"texture":"#1"},"up":{"uv":[9.4375,1.375,9.0,1.25],"tintindex":0,"rotation":0,"texture":"#1"},"down":{"uv":[4.6875,9.0,4.25,9.125],"tintindex":0,"rotation":0,"texture":"#1"}}},{"from":[9.440001,-2.08,5.12],"to":[10.88,6.5599995,10.88],"faces":{"east":{"uv":[5.625,0.875,6.25,1.75],"tintindex":0,"rotation":0,"texture":"#1"},"south":{"uv":[7.0,8.375,7.125,9.25],"tintindex":0,"rotation":0,"texture":"#1"},"north":{"uv":[3.875,8.375,4.0,9.125],"tintindex":0,"rotation":0,"texture":"#1"},"west":{"uv":[5.625,1.75,6.25,2.625],"tintindex":0,"rotation":0,"texture":"#1"},"up":{"uv":[5.0,2.125,4.875,1.5],"tintindex":0,"rotation":0,"texture":"#1"},"down":{"uv":[1.875,6.25,1.75,6.875],"tintindex":0,"rotation":0,"texture":"#1"}}}]}