{"textures":{"1":"modelengine:entity/demonio_reloj_gm_cuerpo"},"elements":[{"from":[5.12,-3.448,5.12],"to":[8.0,8.0720005,10.88],"faces":{"east":{"uv":[0.75,2.625,1.375,3.8125],"tintindex":0,"rotation":0,"texture":"#1"},"south":{"uv":[6.0,7.125,6.3125,8.3125],"tintindex":0,"rotation":0,"texture":"#1"},"north":{"uv":[5.625,7.125,5.9375,8.3125],"tintindex":0,"rotation":0,"texture":"#1"},"west":{"uv":[3.25,2.125,3.875,3.3125],"tintindex":0,"rotation":0,"texture":"#1"},"up":{"uv":[2.3125,8.75,2.0,8.125],"tintindex":0,"rotation":0,"texture":"#1"},"down":{"uv":[8.4375,3.625,8.125,4.25],"tintindex":0,"rotation":0,"texture":"#1"}}},{"from":[3.6799998,-2.0079994,5.12],"to":[5.12,6.632,10.88],"faces":{"east":{"uv":[3.0,5.625,3.625,6.5],"tintindex":0,"rotation":0,"texture":"#1"},"south":{"uv":[5.125,8.5,5.25,9.375],"tintindex":0,"rotation":0,"texture":"#1"},"north":{"uv":[8.5,4.25,8.625,4.9375],"tintindex":0,"rotation":0,"texture":"#1"},"west":{"uv":[3.625,5.625,4.25,6.5],"tintindex":0,"rotation":0,"texture":"#1"},"up":{"uv":[7.125,2.5,7.0,1.875],"tintindex":0,"rotation":0,"texture":"#1"},"down":{"uv":[7.25,2.625,7.125,3.25],"tintindex":0,"rotation":0,"texture":"#1"}}},{"from":[8.0,-0.56799984,5.12],"to":[9.440001,6.632,10.16],"faces":{"east":{"uv":[0.5,7.0,1.0,7.75],"tintindex":0,"rotation":0,"texture":"#1"},"south":{"uv":[2.875,5.75,3.0,6.5],"tintindex":0,"rotation":0,"texture":"#1"},"north":{"uv":[1.25,3.875,1.375,4.625],"tintindex":0,"rotation":0,"texture":"#1"},"west":{"uv":[5.125,7.0,5.625,7.75],"tintindex":0,"rotation":0,"texture":"#1"},"up":{"uv":[2.625,8.0,2.5,7.5],"tintindex":0,"rotation":0,"texture":"#1"},"down":{"uv":[5.625,7.75,5.5,8.25],"tintindex":0,"rotation":0,"texture":"#1"}}},{"from":[3.6799998,-2.0079994,3.6800003],"to":[8.0,5.1920013,5.12],"faces":{"east":{"uv":[1.875,8.625,2.0,9.375],"tintindex":0,"rotation":0,"texture":"#1"},"south":{"uv":[3.125,7.25,3.5625,8.0],"tintindex":0,"rotation":0,"texture":"#1"},"north":{"uv":[7.25,2.625,7.6875,3.375],"tintindex":0,"rotation":0,"texture":"#1"},"west":{"uv":[3.125,8.625,3.25,9.375],"tintindex":0,"rotation":0,"texture":"#1"},"up":{"uv":[3.0625,2.25,2.625,2.125],"tintindex":0,"rotation":0,"texture":"#1"},"down":{"uv":[9.3125,5.375,8.875,5.5],"tintindex":0,"rotation":0,"texture":"#1"}}}]}