{"textures":{"1":"modelengine:entity/demonio_reloj_gm_cuerpo"},"elements":[{"from":[7.28,6.919125,7.718753],"to":[8.72,8.647125,9.158752],"faces":{"east":{"uv":[9.375,3.125,9.5,3.3125],"tintindex":0,"rotation":0,"texture":"#1"},"south":{"uv":[3.25,9.375,3.375,9.5625],"tintindex":0,"rotation":0,"texture":"#1"},"north":{"uv":[3.125,9.375,3.25,9.5625],"tintindex":0,"rotation":0,"texture":"#1"},"west":{"uv":[9.375,3.375,9.5,3.5625],"tintindex":0,"rotation":0,"texture":"#1"},"up":{"uv":[9.5,6.5,9.375,6.375],"tintindex":0,"rotation":0,"texture":"#1"},"down":{"uv":[9.5,6.5,9.375,6.625],"tintindex":0,"rotation":0,"texture":"#1"}},"rotation":{"origin":[8.0,7.2494636,9.379478],"angle":-22.5,"axis":"x"}},{"from":[7.28,6.1398025,7.718753],"to":[8.72,7.5798025,9.158752],"faces":{"east":{"uv":[6.125,9.375,6.25,9.5],"tintindex":0,"rotation":0,"texture":"#1"},"south":{"uv":[9.375,6.125,9.5,6.25],"tintindex":0,"rotation":0,"texture":"#1"},"north":{"uv":[9.375,6.0,9.5,6.125],"tintindex":0,"rotation":0,"texture":"#1"},"west":{"uv":[6.25,9.375,6.375,9.5],"tintindex":0,"rotation":0,"texture":"#1"},"up":{"uv":[9.5,6.375,9.375,6.25],"tintindex":0,"rotation":0,"texture":"#1"},"down":{"uv":[6.5,9.375,6.375,9.5],"tintindex":0,"rotation":0,"texture":"#1"}},"rotation":{"origin":[8.0,7.2494636,9.379478],"angle":-45.0,"axis":"x"}}]}