{"textures":{"1":"modelengine:entity/demonio_reloj_gm_cuerpo"},"elements":[{"from":[7.2799997,6.9191246,7.718753],"to":[8.72,8.647124,9.158752],"faces":{"east":{"uv":[0.125,9.375,0.25,9.5625],"tintindex":0,"rotation":0,"texture":"#1"},"south":{"uv":[0.25,9.375,0.375,9.5625],"tintindex":0,"rotation":0,"texture":"#1"},"north":{"uv":[9.375,0.0,9.5,0.1875],"tintindex":0,"rotation":0,"texture":"#1"},"west":{"uv":[9.375,0.25,9.5,0.4375],"tintindex":0,"rotation":0,"texture":"#1"},"up":{"uv":[6.5,2.625,6.375,2.5],"tintindex":0,"rotation":0,"texture":"#1"},"down":{"uv":[5.75,7.0,5.625,7.125],"tintindex":0,"rotation":0,"texture":"#1"}},"rotation":{"origin":[8.0,7.249463,9.379478],"angle":-22.5,"axis":"x"}},{"from":[7.2799997,6.139802,7.718753],"to":[8.72,7.5798025,9.158752],"faces":{"east":{"uv":[0.625,3.75,0.75,3.875],"tintindex":0,"rotation":0,"texture":"#1"},"south":{"uv":[0.5,5.75,0.625,5.875],"tintindex":0,"rotation":0,"texture":"#1"},"north":{"uv":[3.125,2.125,3.25,2.25],"tintindex":0,"rotation":0,"texture":"#1"},"west":{"uv":[6.25,2.5,6.375,2.625],"tintindex":0,"rotation":0,"texture":"#1"},"up":{"uv":[5.875,6.375,5.75,6.25],"tintindex":0,"rotation":0,"texture":"#1"},"down":{"uv":[6.0,6.25,5.875,6.375],"tintindex":0,"rotation":0,"texture":"#1"}},"rotation":{"origin":[8.0,7.249463,9.379478],"angle":-45.0,"axis":"x"}}]}