{"textures":{"1":"modelengine:entity/demonio_reloj_gm_cuerpo"},"elements":[{"from":[7.2799997,6.107958,7.3674808],"to":[8.72,8.123958,8.807481],"faces":{"east":{"uv":[0.75,9.375,0.875,9.5625],"tintindex":0,"rotation":0,"texture":"#1"},"south":{"uv":[9.375,0.75,9.5,0.9375],"tintindex":0,"rotation":0,"texture":"#1"},"north":{"uv":[9.375,0.5,9.5,0.6875],"tintindex":0,"rotation":0,"texture":"#1"},"west":{"uv":[0.875,9.375,1.0,9.5625],"tintindex":0,"rotation":0,"texture":"#1"},"up":{"uv":[5.625,8.375,5.5,8.25],"tintindex":0,"rotation":0,"texture":"#1"},"down":{"uv":[8.5,0.875,8.375,1.0],"tintindex":0,"rotation":0,"texture":"#1"}},"rotation":{"origin":[8.0,6.3005304,8.335609],"angle":-22.5,"axis":"x"}},{"from":[7.2799997,5.0531034,7.3674808],"to":[8.72,6.493104,8.807481],"faces":{"east":{"uv":[7.875,5.5,8.0,5.625],"tintindex":0,"rotation":0,"texture":"#1"},"south":{"uv":[8.125,2.125,8.25,2.25],"tintindex":0,"rotation":0,"texture":"#1"},"north":{"uv":[7.75,5.5,7.875,5.625],"tintindex":0,"rotation":0,"texture":"#1"},"west":{"uv":[8.125,4.25,8.25,4.375],"tintindex":0,"rotation":0,"texture":"#1"},"up":{"uv":[8.375,1.0,8.25,0.875],"tintindex":0,"rotation":0,"texture":"#1"},"down":{"uv":[8.375,4.25,8.25,4.375],"tintindex":0,"rotation":0,"texture":"#1"}},"rotation":{"origin":[8.0,6.3005304,8.335609],"angle":-45.0,"axis":"x"}}]}