{"textures":{"1":"modelengine:entity/demonio_reloj_gm_cuerpo"},"elements":[{"from":[7.2799997,5.0531034,7.3674808],"to":[8.719999,6.4931035,8.807481],"faces":{"east":{"uv":[5.0,9.375,5.125,9.5],"tintindex":0,"rotation":0,"texture":"#1"},"south":{"uv":[9.375,5.0,9.5,5.125],"tintindex":0,"rotation":0,"texture":"#1"},"north":{"uv":[9.375,4.875,9.5,5.0],"tintindex":0,"rotation":0,"texture":"#1"},"west":{"uv":[5.125,9.375,5.25,9.5],"tintindex":0,"rotation":0,"texture":"#1"},"up":{"uv":[9.5,5.25,9.375,5.125],"tintindex":0,"rotation":0,"texture":"#1"},"down":{"uv":[9.5,5.25,9.375,5.375],"tintindex":0,"rotation":0,"texture":"#1"}},"rotation":{"origin":[8.0,6.3005304,8.335609],"angle":-45.0,"axis":"x"}},{"from":[7.2799997,6.107958,7.3674808],"to":[8.719999,8.123959,8.807481],"faces":{"east":{"uv":[9.375,2.625,9.5,2.8125],"tintindex":0,"rotation":0,"texture":"#1"},"south":{"uv":[2.75,9.375,2.875,9.5625],"tintindex":0,"rotation":0,"texture":"#1"},"north":{"uv":[9.375,2.375,9.5,2.5625],"tintindex":0,"rotation":0,"texture":"#1"},"west":{"uv":[2.875,9.375,3.0,9.5625],"tintindex":0,"rotation":0,"texture":"#1"},"up":{"uv":[9.5,5.5,9.375,5.375],"tintindex":0,"rotation":0,"texture":"#1"},"down":{"uv":[9.5,5.5,9.375,5.625],"tintindex":0,"rotation":0,"texture":"#1"}},"rotation":{"origin":[8.0,6.3005304,8.335609],"angle":-22.5,"axis":"x"}}]}