{"textures":{"0":"modelengine:entity/demonio_reloj_gm_reloj"},"elements":[{"from":[-0.39999962,16.345455,-0.39999962],"to":[16.400002,18.145454,16.400002],"faces":{"east":{"uv":[6.5,0.75,8.25,0.9375],"tintindex":0,"rotation":180,"texture":"#0"},"south":{"uv":[6.5,0.5,8.25,0.6875],"tintindex":0,"rotation":180,"texture":"#0"},"north":{"uv":[6.5,0.0,8.25,0.1875],"tintindex":0,"rotation":180,"texture":"#0"},"west":{"uv":[6.5,0.25,8.25,0.4375],"tintindex":0,"rotation":180,"texture":"#0"},"up":{"uv":[3.5,1.75,1.75,3.5],"tintindex":0,"rotation":180,"texture":"#0"},"down":{"uv":[3.5,1.75,1.75,0.0],"tintindex":0,"rotation":180,"texture":"#0"}}},{"from":[5.6,3.7454548,5.6000004],"to":[10.4,6.7454567,10.400001],"faces":{"east":{"uv":[6.5,1.0,7.0,1.3125],"tintindex":0,"rotation":0,"texture":"#0"},"south":{"uv":[6.5,1.375,7.0,1.6875],"tintindex":0,"rotation":0,"texture":"#0"},"north":{"uv":[3.5,6.375,4.0,6.6875],"tintindex":0,"rotation":0,"texture":"#0"},"west":{"uv":[6.5,1.75,7.0,2.0625],"tintindex":0,"rotation":0,"texture":"#0"},"up":{"uv":[4.0,3.5,3.5,3.0],"tintindex":0,"rotation":0,"texture":"#0"},"down":{"uv":[5.5,2.5,5.0,3.0],"tintindex":0,"rotation":0,"texture":"#0"}}},{"from":[0.8000002,-6.454544,0.8000002],"to":[15.2,-1.0545444,15.2],"faces":{"east":{"uv":[5.0,0.0,6.5,0.5625],"tintindex":0,"rotation":0,"texture":"#0"},"south":{"uv":[5.0,0.625,6.5,1.1875],"tintindex":0,"rotation":0,"texture":"#0"},"north":{"uv":[0.0,5.0,1.5,5.5625],"tintindex":0,"rotation":0,"texture":"#0"},"west":{"uv":[5.0,1.25,6.5,1.8125],"tintindex":0,"rotation":0,"texture":"#0"},"up":{"uv":[1.5,5.0,0.0,3.5],"tintindex":0,"rotation":0,"texture":"#0"},"down":{"uv":[5.0,0.0,3.5,1.5],"tintindex":0,"rotation":0,"texture":"#0"}}},{"from":[0.8000002,10.945457,0.8000002],"to":[15.2,16.345455,15.2],"faces":{"east":{"uv":[5.5,3.125,7.0,3.6875],"tintindex":0,"rotation":180,"texture":"#0"},"south":{"uv":[5.5,2.5,7.0,3.0625],"tintindex":0,"rotation":180,"texture":"#0"},"north":{"uv":[1.5,5.0,3.0,5.5625],"tintindex":0,"rotation":180,"texture":"#0"},"west":{"uv":[5.0,1.875,6.5,2.4375],"tintindex":0,"rotation":180,"texture":"#0"},"up":{"uv":[5.0,1.5,3.5,3.0],"tintindex":0,"rotation":180,"texture":"#0"},"down":{"uv":[3.0,5.0,1.5,3.5],"tintindex":0,"rotation":180,"texture":"#0"}}},{"from":[2.0,-1.0545444,2.0],"to":[14.0,1.9454556,14.000001],"faces":{"east":{"uv":[5.75,5.625,7.0,5.9375],"tintindex":0,"rotation":0,"texture":"#0"},"south":{"uv":[3.0,6.0,4.25,6.3125],"tintindex":0,"rotation":0,"texture":"#0"},"north":{"uv":[5.75,5.25,7.0,5.5625],"tintindex":0,"rotation":0,"texture":"#0"},"west":{"uv":[5.75,6.0,7.0,6.3125],"tintindex":0,"rotation":0,"texture":"#0"},"up":{"uv":[4.25,4.75,3.0,3.5],"tintindex":0,"rotation":0,"texture":"#0"},"down":{"uv":[5.5,3.0,4.25,4.25],"tintindex":0,"rotation":0,"texture":"#0"}}},{"from":[4.3999996,6.1454563,4.4],"to":[11.6,7.9454575,11.6],"faces":{"east":{"uv":[1.5,6.625,2.25,6.8125],"tintindex":0,"rotation":180,"texture":"#0"},"south":{"uv":[0.75,6.625,1.5,6.8125],"tintindex":0,"rotation":180,"texture":"#0"},"north":{"uv":[6.5,2.125,7.25,2.3125],"tintindex":0,"rotation":180,"texture":"#0"},"west":{"uv":[0.0,6.625,0.75,6.8125],"tintindex":0,"rotation":180,"texture":"#0"},"up":{"uv":[5.0,5.5,4.25,6.25],"tintindex":0,"rotation":180,"texture":"#0"},"down":{"uv":[6.25,4.5,5.5,3.75],"tintindex":0,"rotation":180,"texture":"#0"}}},{"from":[6.8,-11.254543,6.8],"to":[9.2,-9.454544,9.2],"faces":{"east":{"uv":[5.5,6.875,5.75,7.0625],"tintindex":0,"rotation":0,"texture":"#0"},"south":{"uv":[5.75,6.875,6.0,7.0625],"tintindex":0,"rotation":0,"texture":"#0"},"north":{"uv":[5.25,6.875,5.5,7.0625],"tintindex":0,"rotation":0,"texture":"#0"},"west":{"uv":[6.0,6.875,6.25,7.0625],"tintindex":0,"rotation":0,"texture":"#0"},"up":{"uv":[4.25,3.25,4.0,3.0],"tintindex":0,"rotation":0,"texture":"#0"},"down":{"uv":[4.25,3.25,4.0,3.5],"tintindex":0,"rotation":0,"texture":"#0"}}},{"from":[4.3999996,1.9454556,4.4],"to":[11.6,3.7454548,11.6],"faces":{"east":{"uv":[2.25,6.875,3.0,7.0625],"tintindex":0,"rotation":0,"texture":"#0"},"south":{"uv":[3.75,6.875,4.5,7.0625],"tintindex":0,"rotation":0,"texture":"#0"},"north":{"uv":[1.5,6.875,2.25,7.0625],"tintindex":0,"rotation":0,"texture":"#0"},"west":{"uv":[4.5,6.875,5.25,7.0625],"tintindex":0,"rotation":0,"texture":"#0"},"up":{"uv":[2.25,6.375,1.5,5.625],"tintindex":0,"rotation":0,"texture":"#0"},"down":{"uv":[3.0,5.625,2.25,6.375],"tintindex":0,"rotation":0,"texture":"#0"}}},{"from":[4.3999996,18.145454,4.4],"to":[11.6,19.945457,11.6],"faces":{"east":{"uv":[5.5,6.625,6.25,6.8125],"tintindex":0,"rotation":180,"texture":"#0"},"south":{"uv":[4.75,6.625,5.5,6.8125],"tintindex":0,"rotation":180,"texture":"#0"},"north":{"uv":[2.25,6.625,3.0,6.8125],"tintindex":0,"rotation":180,"texture":"#0"},"west":{"uv":[4.0,6.625,4.75,6.8125],"tintindex":0,"rotation":180,"texture":"#0"},"up":{"uv":[5.75,5.5,5.0,6.25],"tintindex":0,"rotation":180,"texture":"#0"},"down":{"uv":[6.25,5.25,5.5,4.5],"tintindex":0,"rotation":180,"texture":"#0"}}},{"from":[2.0,7.9454575,2.0],"to":[14.0,10.945457,14.000001],"faces":{"east":{"uv":[6.25,4.5,7.5,4.8125],"tintindex":0,"rotation":180,"texture":"#0"},"south":{"uv":[4.25,6.25,5.5,6.5625],"tintindex":0,"rotation":180,"texture":"#0"},"north":{"uv":[6.25,3.75,7.5,4.0625],"tintindex":0,"rotation":180,"texture":"#0"},"west":{"uv":[6.25,4.125,7.5,4.4375],"tintindex":0,"rotation":180,"texture":"#0"},"up":{"uv":[4.25,4.75,3.0,6.0],"tintindex":0,"rotation":180,"texture":"#0"},"down":{"uv":[5.5,5.5,4.25,4.25],"tintindex":0,"rotation":180,"texture":"#0"}}},{"from":[6.8,19.645454,6.8],"to":[9.2,21.445457,9.2],"faces":{"east":{"uv":[7.0,1.0,7.25,1.1875],"tintindex":0,"rotation":180,"texture":"#0"},"south":{"uv":[6.75,6.875,7.0,7.0625],"tintindex":0,"rotation":180,"texture":"#0"},"north":{"uv":[6.25,6.875,6.5,7.0625],"tintindex":0,"rotation":180,"texture":"#0"},"west":{"uv":[6.5,6.875,6.75,7.0625],"tintindex":0,"rotation":180,"texture":"#0"},"up":{"uv":[4.25,6.375,4.0,6.625],"tintindex":0,"rotation":180,"texture":"#0"},"down":{"uv":[5.75,5.5,5.5,5.25],"tintindex":0,"rotation":180,"texture":"#0"}}},{"from":[4.3999996,-9.754543,4.4],"to":[11.6,-7.954544,11.6],"faces":{"east":{"uv":[3.0,6.75,3.75,6.9375],"tintindex":0,"rotation":0,"texture":"#0"},"south":{"uv":[0.0,6.875,0.75,7.0625],"tintindex":0,"rotation":0,"texture":"#0"},"north":{"uv":[6.25,6.625,7.0,6.8125],"tintindex":0,"rotation":0,"texture":"#0"},"west":{"uv":[0.75,6.875,1.5,7.0625],"tintindex":0,"rotation":0,"texture":"#0"},"up":{"uv":[0.75,6.375,0.0,5.625],"tintindex":0,"rotation":0,"texture":"#0"},"down":{"uv":[1.5,5.625,0.75,6.375],"tintindex":0,"rotation":0,"texture":"#0"}}},{"from":[-0.39999962,-8.254545,-0.39999962],"to":[16.400002,-6.454544,16.400002],"faces":{"east":{"uv":[0.0,6.375,1.75,6.5625],"tintindex":0,"rotation":0,"texture":"#0"},"south":{"uv":[1.75,6.375,3.5,6.5625],"tintindex":0,"rotation":0,"texture":"#0"},"north":{"uv":[6.25,4.875,8.0,5.0625],"tintindex":0,"rotation":0,"texture":"#0"},"west":{"uv":[5.5,6.375,7.25,6.5625],"tintindex":0,"rotation":0,"texture":"#0"},"up":{"uv":[1.75,1.75,0.0,0.0],"tintindex":0,"rotation":0,"texture":"#0"},"down":{"uv":[1.75,1.75,0.0,3.5],"tintindex":0,"rotation":0,"texture":"#0"}}}]}