{"textures":{"1":"modelengine:entity/demonio_reloj_gm_cuerpo"},"elements":[{"from":[5.84,0.8000002,7.952],"to":[10.16,8.0,13.712],"faces":{"east":{"uv":[5.125,6.25,5.75,7.0],"tintindex":0,"rotation":0,"texture":"#1"},"south":{"uv":[2.625,7.25,3.0625,8.0],"tintindex":0,"rotation":0,"texture":"#1"},"north":{"uv":[7.125,7.125,7.5625,7.875],"tintindex":0,"rotation":0,"texture":"#1"},"west":{"uv":[5.75,6.375,6.375,7.125],"tintindex":0,"rotation":0,"texture":"#1"},"up":{"uv":[7.9375,6.25,7.5,5.625],"tintindex":0,"rotation":0,"texture":"#1"},"down":{"uv":[7.9375,6.25,7.5,6.875],"tintindex":0,"rotation":0,"texture":"#1"}}},{"from":[6.56,1.3760004,12.271999],"to":[9.440001,6.5600004,14.576],"faces":{"east":{"uv":[7.625,8.25,7.875,8.8125],"tintindex":0,"rotation":0,"texture":"#1"},"south":{"uv":[8.25,8.25,8.5625,8.8125],"tintindex":0,"rotation":0,"texture":"#1"},"north":{"uv":[8.25,7.625,8.5625,8.1875],"tintindex":0,"rotation":0,"texture":"#1"},"west":{"uv":[0.75,8.375,1.0,8.9375],"tintindex":0,"rotation":0,"texture":"#1"},"up":{"uv":[4.3125,9.0,4.0,8.75],"tintindex":0,"rotation":0,"texture":"#1"},"down":{"uv":[9.0625,4.0,8.75,4.25],"tintindex":0,"rotation":0,"texture":"#1"}},"rotation":{"origin":[8.0,3.9680004,14.144],"angle":22.5,"axis":"x"}}]}