{"textures":{"1":"modelengine:entity/demonio_reloj_gm_cuerpo"},"elements":[{"from":[5.84,0.8000002,8.0],"to":[10.16,8.0,13.76],"faces":{"east":{"uv":[2.875,6.5,3.5,7.25],"tintindex":0,"rotation":0,"texture":"#1"},"south":{"uv":[7.25,4.875,7.6875,5.625],"tintindex":0,"rotation":0,"texture":"#1"},"north":{"uv":[7.25,4.125,7.6875,4.875],"tintindex":0,"rotation":0,"texture":"#1"},"west":{"uv":[3.5,6.5,4.125,7.25],"tintindex":0,"rotation":0,"texture":"#1"},"up":{"uv":[1.4375,8.375,1.0,7.75],"tintindex":0,"rotation":0,"texture":"#1"},"down":{"uv":[1.9375,7.75,1.5,8.375],"tintindex":0,"rotation":0,"texture":"#1"}}},{"from":[6.7040005,1.3760004,12.32],"to":[9.584,6.5600004,14.624],"faces":{"east":{"uv":[1.0,8.375,1.25,8.9375],"tintindex":0,"rotation":0,"texture":"#1"},"south":{"uv":[0.375,8.375,0.6875,8.9375],"tintindex":0,"rotation":0,"texture":"#1"},"north":{"uv":[0.0,8.375,0.3125,8.9375],"tintindex":0,"rotation":0,"texture":"#1"},"west":{"uv":[1.25,8.375,1.5,8.9375],"tintindex":0,"rotation":0,"texture":"#1"},"up":{"uv":[4.6875,9.0,4.375,8.75],"tintindex":0,"rotation":0,"texture":"#1"},"down":{"uv":[5.0625,8.75,4.75,9.0],"tintindex":0,"rotation":0,"texture":"#1"}},"rotation":{"origin":[2.96,3.9680004,14.192],"angle":22.5,"axis":"x"}}]}