{"textures":{"1":"modelengine:entity/armacentaurogama05"},"elements":[{"from":[7.805,0.7909994,-13.313],"to":[8.234,4.2,-2.3470001],"faces":{"east":{"uv":[0.75,1.0,3.5,1.875],"tintindex":0,"rotation":0,"texture":"#1"},"south":{"uv":[2.875,5.25,3.0,6.125],"tintindex":0,"rotation":0,"texture":"#1"},"north":{"uv":[2.75,5.25,2.875,6.125],"tintindex":0,"rotation":0,"texture":"#1"},"west":{"uv":[0.75,1.875,3.5,2.75],"tintindex":0,"rotation":0,"texture":"#1"},"up":{"uv":[1.5,7.125,1.375,4.375],"tintindex":0,"rotation":0,"texture":"#1"},"down":{"uv":[4.875,4.25,4.75,7.0],"tintindex":0,"rotation":0,"texture":"#1"}}},{"from":[7.9049997,1.0183992,-14.135782],"to":[8.134,4.9273996,-12.169781],"faces":{"east":{"uv":[1.5,4.25,2.0,5.25],"tintindex":0,"rotation":0,"texture":"#1"},"south":{"uv":[2.375,5.25,2.5,6.25],"tintindex":0,"rotation":0,"texture":"#1"},"north":{"uv":[2.25,5.25,2.375,6.25],"tintindex":0,"rotation":0,"texture":"#1"},"west":{"uv":[2.0,4.25,2.5,5.25],"tintindex":0,"rotation":0,"texture":"#1"},"up":{"uv":[5.625,4.0,5.5,3.5],"tintindex":0,"rotation":0,"texture":"#1"},"down":{"uv":[4.0,5.5,3.875,6.0],"tintindex":0,"rotation":0,"texture":"#1"}},"rotation":{"origin":[8.0195,2.9728994,-13.152781],"angle":-22.5,"axis":"x"}},{"from":[7.805,4.240999,-10.462999],"to":[8.234,7.6499996,-4.9969997],"faces":{"east":{"uv":[0.75,2.75,2.125,3.625],"tintindex":0,"rotation":0,"texture":"#1"},"south":{"uv":[3.125,5.25,3.25,6.125],"tintindex":0,"rotation":0,"texture":"#1"},"north":{"uv":[3.0,5.25,3.125,6.125],"tintindex":0,"rotation":0,"texture":"#1"},"west":{"uv":[2.125,2.75,3.5,3.625],"tintindex":0,"rotation":0,"texture":"#1"},"up":{"uv":[4.625,6.375,4.5,5.0],"tintindex":0,"rotation":0,"texture":"#1"},"down":{"uv":[4.75,5.0,4.625,6.375],"tintindex":0,"rotation":0,"texture":"#1"}}},{"from":[7.805,8.941,-9.933001],"to":[8.234,11.449999,-5.5669994],"faces":{"east":{"uv":[3.5,2.0,4.625,2.625],"tintindex":0,"rotation":0,"texture":"#1"},"south":{"uv":[3.375,5.25,3.5,5.875],"tintindex":0,"rotation":0,"texture":"#1"},"north":{"uv":[3.25,5.25,3.375,5.875],"tintindex":0,"rotation":0,"texture":"#1"},"west":{"uv":[3.5,2.625,4.625,3.25],"tintindex":0,"rotation":0,"texture":"#1"},"up":{"uv":[1.25,6.25,1.125,5.125],"tintindex":0,"rotation":0,"texture":"#1"},"down":{"uv":[1.375,5.125,1.25,6.25],"tintindex":0,"rotation":0,"texture":"#1"}}},{"from":[7.855,1.0183992,-3.490219],"to":[8.084,4.9273996,-1.5242176],"faces":{"east":{"uv":[2.5,4.25,3.0,5.25],"tintindex":0,"rotation":0,"texture":"#1"},"south":{"uv":[2.625,5.25,2.75,6.25],"tintindex":0,"rotation":0,"texture":"#1"},"north":{"uv":[2.5,5.25,2.625,6.25],"tintindex":0,"rotation":0,"texture":"#1"},"west":{"uv":[3.0,4.25,3.5,5.25],"tintindex":0,"rotation":0,"texture":"#1"},"up":{"uv":[4.125,6.0,4.0,5.5],"tintindex":0,"rotation":0,"texture":"#1"},"down":{"uv":[4.25,5.5,4.125,6.0],"tintindex":0,"rotation":0,"texture":"#1"}},"rotation":{"origin":[7.9694996,2.9728994,-2.5072193],"angle":22.5,"axis":"x"}},{"from":[7.805,-0.41800022,-12.112999],"to":[8.234,0.7909994,-3.546999],"faces":{"east":{"uv":[1.5,4.0,3.625,4.25],"tintindex":0,"rotation":0,"texture":"#1"},"south":{"uv":[2.0,5.625,2.125,5.875],"tintindex":0,"rotation":0,"texture":"#1"},"north":{"uv":[1.875,5.625,2.0,5.875],"tintindex":0,"rotation":0,"texture":"#1"},"west":{"uv":[3.625,4.0,5.75,4.25],"tintindex":0,"rotation":0,"texture":"#1"},"up":{"uv":[3.75,7.125,3.625,5.0],"tintindex":0,"rotation":0,"texture":"#1"},"down":{"uv":[3.875,5.0,3.75,7.125],"tintindex":0,"rotation":0,"texture":"#1"}}},{"from":[7.259,7.1499996,-11.183001],"to":[8.702,8.959,19.783],"faces":{"east":{"uv":[0.0,0.0,7.75,0.5],"tintindex":0,"rotation":0,"texture":"#1"},"south":{"uv":[5.125,2.75,5.5,3.25],"tintindex":0,"rotation":0,"texture":"#1"},"north":{"uv":[0.75,5.125,1.125,5.625],"tintindex":0,"rotation":0,"texture":"#1"},"west":{"uv":[0.0,0.5,7.75,1.0],"tintindex":0,"rotation":0,"texture":"#1"},"up":{"uv":[0.375,8.75,0.0,1.0],"tintindex":0,"rotation":0,"texture":"#1"},"down":{"uv":[0.75,1.0,0.375,8.75],"tintindex":0,"rotation":0,"texture":"#1"}}},{"from":[7.905,11.198704,-4.3933754],"to":[8.134001,13.107704,-2.4273758],"faces":{"east":{"uv":[4.75,3.5,5.25,4.0],"tintindex":0,"rotation":0,"texture":"#1"},"south":{"uv":[1.0,5.625,1.125,6.125],"tintindex":0,"rotation":0,"texture":"#1"},"north":{"uv":[0.875,5.625,1.0,6.125],"tintindex":0,"rotation":0,"texture":"#1"},"west":{"uv":[3.875,5.0,4.375,5.5],"tintindex":0,"rotation":0,"texture":"#1"},"up":{"uv":[1.625,6.125,1.5,5.625],"tintindex":0,"rotation":0,"texture":"#1"},"down":{"uv":[1.75,5.625,1.625,6.125],"tintindex":0,"rotation":0,"texture":"#1"}}},{"from":[7.209,7.949772,-11.153677],"to":[8.759,9.449772,-9.653677],"faces":{"east":{"uv":[5.125,4.625,5.5,5.0],"tintindex":0,"rotation":0,"texture":"#1"},"south":{"uv":[5.125,5.0,5.5,5.375],"tintindex":0,"rotation":0,"texture":"#1"},"north":{"uv":[5.125,4.25,5.5,4.625],"tintindex":0,"rotation":0,"texture":"#1"},"west":{"uv":[1.5,5.25,1.875,5.625],"tintindex":0,"rotation":0,"texture":"#1"},"up":{"uv":[2.25,5.625,1.875,5.25],"tintindex":0,"rotation":0,"texture":"#1"},"down":{"uv":[5.625,2.0,5.25,2.375],"tintindex":0,"rotation":0,"texture":"#1"}},"rotation":{"origin":[8.159789,7.3822155,-10.049376],"angle":-45.0,"axis":"x"}},{"from":[6.709,4.949772,-9.653677],"to":[9.259,7.949772,-6.653677],"faces":{"east":{"uv":[1.5,3.75,0.875,4.375],"tintindex":0,"rotation":0,"texture":"#1"},"south":{"uv":[4.125,4.25,4.75,5.0],"tintindex":0,"rotation":0,"texture":"#1"},"north":{"uv":[3.5,4.25,4.125,5.0],"tintindex":0,"rotation":0,"texture":"#1"},"west":{"uv":[0.875,3.75,1.5,4.375],"tintindex":0,"rotation":0,"texture":"#1"},"up":{"uv":[1.375,5.125,0.75,4.375],"tintindex":0,"rotation":0,"texture":"#1"},"down":{"uv":[5.25,2.0,4.625,2.75],"tintindex":0,"rotation":0,"texture":"#1"}},"rotation":{"origin":[8.159789,7.3822155,-10.049376],"angle":-45.0,"axis":"x"}},{"from":[7.805,11.441,-12.433001],"to":[8.234,13.449999,-3.5669994],"faces":{"east":{"uv":[3.5,1.0,5.75,1.5],"tintindex":0,"rotation":0,"texture":"#1"},"south":{"uv":[5.375,3.5,5.5,4.0],"tintindex":0,"rotation":0,"texture":"#1"},"north":{"uv":[5.25,3.5,5.375,4.0],"tintindex":0,"rotation":0,"texture":"#1"},"west":{"uv":[3.5,1.5,5.75,2.0],"tintindex":0,"rotation":0,"texture":"#1"},"up":{"uv":[5.0,6.5,4.875,4.25],"tintindex":0,"rotation":0,"texture":"#1"},"down":{"uv":[3.625,5.0,3.5,7.25],"tintindex":0,"rotation":0,"texture":"#1"}}},{"from":[7.459,7.6000004,-12.748999],"to":[8.509,8.449999,-11.748999],"faces":{"east":{"uv":[5.125,5.375,5.375,5.625],"tintindex":0,"rotation":0,"texture":"#1"},"south":{"uv":[5.375,5.375,5.625,5.625],"tintindex":0,"rotation":0,"texture":"#1"},"north":{"uv":[5.25,2.375,5.5,2.625],"tintindex":0,"rotation":0,"texture":"#1"},"west":{"uv":[5.5,2.375,5.75,2.625],"tintindex":0,"rotation":0,"texture":"#1"},"up":{"uv":[5.75,2.875,5.5,2.625],"tintindex":0,"rotation":0,"texture":"#1"},"down":{"uv":[5.75,2.875,5.5,3.125],"tintindex":0,"rotation":0,"texture":"#1"}}},{"from":[7.805,13.441,-11.833],"to":[8.234,14.65,-4.167],"faces":{"east":{"uv":[1.5,3.625,3.375,3.875],"tintindex":0,"rotation":0,"texture":"#1"},"south":{"uv":[1.75,5.625,1.875,5.875],"tintindex":0,"rotation":0,"texture":"#1"},"north":{"uv":[3.375,3.625,3.5,3.875],"tintindex":0,"rotation":0,"texture":"#1"},"west":{"uv":[4.25,3.25,6.125,3.5],"tintindex":0,"rotation":0,"texture":"#1"},"up":{"uv":[5.125,6.125,5.0,4.25],"tintindex":0,"rotation":0,"texture":"#1"},"down":{"uv":[4.5,5.0,4.375,6.875],"tintindex":0,"rotation":0,"texture":"#1"}}},{"from":[7.905,11.198704,-13.572622],"to":[8.134001,13.107704,-11.606623],"faces":{"east":{"uv":[4.25,3.5,4.75,4.0],"tintindex":0,"rotation":0,"texture":"#1"},"south":{"uv":[5.5,4.25,5.625,4.75],"tintindex":0,"rotation":0,"texture":"#1"},"north":{"uv":[4.25,5.5,4.375,6.0],"tintindex":0,"rotation":0,"texture":"#1"},"west":{"uv":[4.625,2.75,5.125,3.25],"tintindex":0,"rotation":0,"texture":"#1"},"up":{"uv":[5.625,5.25,5.5,4.75],"tintindex":0,"rotation":0,"texture":"#1"},"down":{"uv":[0.875,5.625,0.75,6.125],"tintindex":0,"rotation":0,"texture":"#1"}}}],"display":{"gui":{"rotation":[30,225,0]}}}