{"textures":{"0":"modelengine:entity/centaur_axeboss_gamita"},"elements":[{"from":[1.5880003,0.44367218,10.728235],"to":[9.696,8.087669,17.514236],"faces":{"east":{"uv":[10.6875,3.0625,10.25,3.53125],"tintindex":0,"rotation":0,"texture":"#0"},"south":{"uv":[9.6875,3.875,9.15625,4.34375],"tintindex":0,"rotation":0,"texture":"#0"},"north":{"uv":[9.5625,8.25,10.125,8.71875],"tintindex":0,"rotation":0,"texture":"#0"},"west":{"uv":[3.0625,10.25,2.625,10.71875],"tintindex":0,"rotation":0,"texture":"#0"},"up":{"uv":[9.75,6.4375,10.3125,6.0],"tintindex":0,"rotation":0,"texture":"#0"},"down":{"uv":[3.125,9.8125,2.5625,10.25],"tintindex":0,"rotation":0,"texture":"#0"}},"rotation":{"origin":[8.207073,6.7373123,14.188116],"angle":22.5,"axis":"x"}},{"from":[-6.2498503,12.636684,2.7049265],"to":[0.8581495,12.636684,13.050927],"faces":{"up":{"uv":[7.375,9.84375,7.8125,9.1875],"tintindex":0,"rotation":0,"texture":"#0"},"down":{"uv":[7.375,9.1875,7.8125,9.84375],"tintindex":0,"rotation":0,"texture":"#0"}},"rotation":{"origin":[-2.6958513,12.636684,7.877927],"angle":-22.5,"axis":"z"}},{"from":[-0.6500006,8.071163,17.50766],"to":[9.695999,8.071163,27.61566],"faces":{"up":{"uv":[7.375,9.84375,7.8125,9.1875],"tintindex":0,"rotation":270,"texture":"#0"},"down":{"uv":[7.375,9.1875,7.8125,9.84375],"tintindex":0,"rotation":90,"texture":"#0"}},"rotation":{"origin":[-7.477,8.071163,21.06166],"angle":-22.5,"axis":"x"}},{"from":[2.6569996,-3.348999,3.554],"to":[11.223,9.988998,12.446],"faces":{"east":{"uv":[4.75,6.875,5.3125,7.71875],"tintindex":0,"rotation":0,"texture":"#0"},"south":{"uv":[7.5625,1.25,8.09375,2.09375],"tintindex":0,"rotation":0,"texture":"#0"},"north":{"uv":[8.09375,3.75,7.5625,4.59375],"tintindex":0,"rotation":0,"texture":"#0"},"west":{"uv":[5.3125,6.875,5.875,7.71875],"tintindex":0,"rotation":0,"texture":"#0"},"up":{"uv":[9.46875,6.125,8.9375,5.5625],"tintindex":0,"rotation":0,"texture":"#0"},"down":{"uv":[6.78125,9.0,6.25,9.5625],"tintindex":0,"rotation":0,"texture":"#0"}}},{"from":[0.5880003,3.6335526,2.7049284],"to":[10.696,11.27755,13.050928],"faces":{"east":{"uv":[8.8125,2.375,9.46875,2.84375],"tintindex":0,"rotation":0,"texture":"#0"},"south":{"uv":[9.6875,3.875,9.0625,4.34375],"tintindex":0,"rotation":0,"texture":"#0"},"north":{"uv":[9.6875,3.375,9.0625,3.84375],"tintindex":0,"rotation":0,"texture":"#0"},"west":{"uv":[9.40625,7.125,8.75,7.59375],"tintindex":0,"rotation":0,"texture":"#0"},"up":{"uv":[7.75,3.46875,8.375,2.8125],"tintindex":0,"rotation":0,"texture":"#0"},"down":{"uv":[3.0625,7.75,3.6875,8.40625],"tintindex":0,"rotation":0,"texture":"#0"}},"rotation":{"origin":[8.207073,6.7373123,14.188116],"angle":0.0,"axis":"x"}}],"display":{"gui":{"rotation":[30,225,0]}}}