{"textures":{"0":"modelengine:entity/centaur_axeboss_gamita"},"elements":[{"from":[7.133,0.44367218,10.728235],"to":[15.241,8.087669,17.514236],"faces":{"east":{"uv":[2.625,10.25,3.0625,10.71875],"tintindex":0,"rotation":0,"texture":"#0"},"south":{"uv":[9.15625,3.875,9.6875,4.34375],"tintindex":0,"rotation":0,"texture":"#0"},"north":{"uv":[5.625,4.875,6.1875,5.34375],"tintindex":0,"rotation":0,"texture":"#0"},"west":{"uv":[10.25,3.0625,10.6875,3.53125],"tintindex":0,"rotation":0,"texture":"#0"},"up":{"uv":[10.3125,6.4375,9.75,6.0],"tintindex":0,"rotation":0,"texture":"#0"},"down":{"uv":[10.3125,8.75,9.75,9.1875],"tintindex":0,"rotation":0,"texture":"#0"}},"rotation":{"origin":[14.752073,6.7373123,14.188116],"angle":22.5,"axis":"x"}},{"from":[7.1330004,8.071163,17.50766],"to":[17.479,8.071163,27.61566],"faces":{"up":{"uv":[7.8125,9.84375,7.375,9.1875],"tintindex":0,"rotation":90,"texture":"#0"},"down":{"uv":[7.8125,9.1875,7.375,9.84375],"tintindex":0,"rotation":270,"texture":"#0"}},"rotation":{"origin":[24.306,8.071163,21.06166],"angle":-22.5,"axis":"x"}},{"from":[6.133,3.6335526,2.7049284],"to":[16.241001,11.27755,13.050928],"faces":{"east":{"uv":[8.75,7.125,9.40625,7.59375],"tintindex":0,"rotation":0,"texture":"#0"},"south":{"uv":[9.0625,3.875,9.6875,4.34375],"tintindex":0,"rotation":0,"texture":"#0"},"north":{"uv":[9.0625,3.375,9.6875,3.84375],"tintindex":0,"rotation":0,"texture":"#0"},"west":{"uv":[8.8125,1.875,9.46875,2.34375],"tintindex":0,"rotation":0,"texture":"#0"},"up":{"uv":[8.375,3.46875,7.75,2.8125],"tintindex":0,"rotation":0,"texture":"#0"},"down":{"uv":[3.6875,7.75,3.0625,8.40625],"tintindex":0,"rotation":0,"texture":"#0"}},"rotation":{"origin":[11.187,7.455551,7.877928],"angle":0.0,"axis":"x"}},{"from":[4.777,-3.348999,3.554],"to":[13.343,9.988998,12.446],"faces":{"east":{"uv":[7.0,4.4375,7.5625,5.28125],"tintindex":0,"rotation":0,"texture":"#0"},"south":{"uv":[8.09375,1.25,7.5625,2.09375],"tintindex":0,"rotation":0,"texture":"#0"},"north":{"uv":[7.5625,3.75,8.09375,4.59375],"tintindex":0,"rotation":0,"texture":"#0"},"west":{"uv":[7.0,5.3125,7.5625,6.15625],"tintindex":0,"rotation":0,"texture":"#0"},"up":{"uv":[1.09375,9.625,0.5625,9.0625],"tintindex":0,"rotation":0,"texture":"#0"},"down":{"uv":[9.59375,0.5625,9.0625,1.125],"tintindex":0,"rotation":0,"texture":"#0"}}},{"from":[15.970851,12.636684,2.7049265],"to":[23.07885,12.636684,13.050927],"faces":{"up":{"uv":[7.8125,9.84375,7.375,9.1875],"tintindex":0,"rotation":0,"texture":"#0"},"down":{"uv":[7.8125,9.1875,7.375,9.84375],"tintindex":0,"rotation":0,"texture":"#0"}},"rotation":{"origin":[19.524849,12.636684,7.877927],"angle":22.5,"axis":"z"}}],"display":{"gui":{"rotation":[30,225,0]}}}