{"textures":{"0":"modelengine:entity/centaur_axeboss_gamita"},"elements":[{"from":[4.1,6.5092907,-14.40173],"to":[11.9,15.609289,-4.00173],"faces":{"east":{"uv":[6.5,3.25,7.15625,3.8125],"tintindex":0,"rotation":0,"texture":"#0"},"south":{"uv":[9.3125,0.0,9.8125,0.5625],"tintindex":0,"rotation":0,"texture":"#0"},"north":{"uv":[9.25,8.75,9.75,9.3125],"tintindex":0,"rotation":0,"texture":"#0"},"west":{"uv":[2.3125,7.8125,2.96875,8.375],"tintindex":0,"rotation":0,"texture":"#0"},"up":{"uv":[2.1875,9.28125,1.6875,8.625],"tintindex":0,"rotation":0,"texture":"#0"},"down":{"uv":[3.8125,8.625,3.3125,9.28125],"tintindex":0,"rotation":0,"texture":"#0"}}},{"from":[8.65,14.789289,-1.3717299],"to":[8.65,19.33929,7.07827],"faces":{"east":{"uv":[0.65625,10.625,0.375,11.15625],"tintindex":0,"rotation":90,"texture":"#0"},"west":{"uv":[10.5,6.9375,10.78125,7.46875],"tintindex":0,"rotation":270,"texture":"#0"}}},{"from":[1.5,1.3092899,-11.801729],"to":[14.5,15.609289,7.69827],"faces":{"east":{"uv":[2.5,2.5,3.71875,3.40625],"tintindex":0,"rotation":0,"texture":"#0"},"south":{"uv":[0.0,5.1875,0.8125,6.09375],"tintindex":0,"rotation":0,"texture":"#0"},"north":{"uv":[5.0,2.9375,5.8125,3.84375],"tintindex":0,"rotation":0,"texture":"#0"},"west":{"uv":[2.625,0.0,3.84375,0.90625],"tintindex":0,"rotation":0,"texture":"#0"},"up":{"uv":[3.4375,2.15625,2.625,0.9375],"tintindex":0,"rotation":0,"texture":"#0"},"down":{"uv":[0.8125,3.0625,0.0,4.28125],"tintindex":0,"rotation":0,"texture":"#0"}}},{"from":[7.2200003,14.789289,-1.3717299],"to":[7.2200003,19.33929,7.07827],"faces":{"east":{"uv":[10.125,10.5625,10.40625,11.09375],"tintindex":0,"rotation":90,"texture":"#0"},"west":{"uv":[0.375,10.625,0.65625,11.15625],"tintindex":0,"rotation":270,"texture":"#0"}}}],"display":{"gui":{"rotation":[30,225,0]}}}