{"textures":{"0":"modelengine:entity/centaur_axeboss_gamita"},"elements":[{"from":[8.65,16.78985,8.257346],"to":[8.65,22.33985,21.507347],"faces":{"east":{"uv":[0.65625,10.625,0.375,11.15625],"tintindex":0,"rotation":90,"texture":"#0"},"west":{"uv":[10.5,6.9375,10.78125,7.46875],"tintindex":0,"rotation":270,"texture":"#0"}},"rotation":{"origin":[8.65,19.564852,14.882346],"angle":-22.5,"axis":"x"}},{"from":[0.19999981,3.4499989,4.75],"to":[15.8,17.749998,24.25],"faces":{"east":{"uv":[0.0,2.125,1.21875,3.03125],"tintindex":0,"rotation":0,"texture":"#0"},"south":{"uv":[3.4375,0.9375,4.40625,1.84375],"tintindex":0,"rotation":0,"texture":"#0"},"north":{"uv":[0.8125,3.4375,1.78125,4.34375],"tintindex":0,"rotation":0,"texture":"#0"},"west":{"uv":[1.25,2.5,2.46875,3.40625],"tintindex":0,"rotation":0,"texture":"#0"},"up":{"uv":[2.59375,1.21875,1.625,0.0],"tintindex":0,"rotation":0,"texture":"#0"},"down":{"uv":[2.59375,1.25,1.625,2.46875],"tintindex":0,"rotation":0,"texture":"#0"}},"rotation":{"origin":[8.0,10.599998,14.5],"angle":-22.5,"axis":"x"}},{"from":[7.2200003,16.78985,8.257346],"to":[7.2200003,22.33985,21.507347],"faces":{"east":{"uv":[10.125,10.5625,10.40625,11.09375],"tintindex":0,"rotation":90,"texture":"#0"},"west":{"uv":[0.375,10.625,0.65625,11.15625],"tintindex":0,"rotation":270,"texture":"#0"}},"rotation":{"origin":[7.2200003,19.564852,14.882346],"angle":-22.5,"axis":"x"}},{"from":[2.8000002,1.309269,8.998241],"to":[13.2,7.809269,24.598242],"faces":{"east":{"uv":[7.75,6.75,8.71875,7.15625],"tintindex":0,"rotation":0,"texture":"#0"},"south":{"uv":[9.5,1.5,10.15625,1.90625],"tintindex":0,"rotation":0,"texture":"#0"},"north":{"uv":[9.4375,7.125,10.09375,7.53125],"tintindex":0,"rotation":0,"texture":"#0"},"west":{"uv":[7.75,7.1875,8.71875,7.59375],"tintindex":0,"rotation":0,"texture":"#0"},"up":{"uv":[6.28125,4.84375,5.625,3.875],"tintindex":0,"rotation":0,"texture":"#0"},"down":{"uv":[6.40625,1.25,5.75,2.21875],"tintindex":0,"rotation":0,"texture":"#0"}}}],"display":{"gui":{"rotation":[30,225,0]}}}