{"textures":{"0":"modelengine:entity/centaur_axeboss_gamita"},"elements":[{"from":[7.15535,20.866127,13.131215],"to":[9.0845,23.578278,16.415316],"faces":{"east":{"uv":[8.5625,1.875,8.78125,2.0625],"tintindex":0,"rotation":0,"texture":"#0"},"south":{"uv":[3.625,5.9375,3.75,6.125],"tintindex":0,"rotation":0,"texture":"#0"},"north":{"uv":[5.6875,2.75,5.8125,2.9375],"tintindex":0,"rotation":0,"texture":"#0"},"west":{"uv":[2.5625,9.625,2.78125,9.8125],"tintindex":0,"rotation":0,"texture":"#0"},"up":{"uv":[1.0,10.34375,0.875,10.125],"tintindex":0,"rotation":0,"texture":"#0"},"down":{"uv":[11.3125,4.75,11.1875,4.96875],"tintindex":0,"rotation":0,"texture":"#0"}},"rotation":{"origin":[8.074925,21.2322,15.583265],"angle":-22.5,"axis":"x"}},{"from":[7.15535,21.406128,1.0712147],"to":[9.0845,25.108276,4.895315],"faces":{"east":{"uv":[11.125,5.6875,11.375,5.9375],"tintindex":0,"rotation":0,"texture":"#0"},"south":{"uv":[1.875,6.0,2.0,6.25],"tintindex":0,"rotation":0,"texture":"#0"},"north":{"uv":[2.0,5.1875,2.125,5.4375],"tintindex":0,"rotation":0,"texture":"#0"},"west":{"uv":[7.9375,11.125,8.1875,11.375],"tintindex":0,"rotation":0,"texture":"#0"},"up":{"uv":[7.0,6.3125,6.875,6.0625],"tintindex":0,"rotation":0,"texture":"#0"},"down":{"uv":[4.75,8.1875,4.625,8.4375],"tintindex":0,"rotation":0,"texture":"#0"}},"rotation":{"origin":[8.074925,21.2322,3.8832645],"angle":-22.5,"axis":"x"}},{"from":[-2.74465,14.700695,7.869748],"to":[0.8944502,21.102844,11.693849],"faces":{"east":{"uv":[5.3125,9.1875,5.59375,9.625],"tintindex":0,"rotation":0,"texture":"#0"},"south":{"uv":[11.0625,7.75,10.8125,8.1875],"tintindex":0,"rotation":0,"texture":"#0"},"north":{"uv":[11.0625,6.875,10.8125,7.3125],"tintindex":0,"rotation":0,"texture":"#0"},"west":{"uv":[1.9375,10.625,2.21875,11.0625],"tintindex":0,"rotation":0,"texture":"#0"},"up":{"uv":[3.9375,11.4375,4.1875,11.1875],"tintindex":0,"rotation":0,"texture":"#0"},"down":{"uv":[2.0625,11.0625,1.8125,11.34375],"tintindex":0,"rotation":0,"texture":"#0"}},"rotation":{"origin":[8.074925,15.766178,9.471455],"angle":22.5,"axis":"x"}},{"from":[2.99825,8.010529,2.0558147],"to":[13.00175,19.014381,14.060016],"faces":{"east":{"uv":[5.0625,0.0,5.90625,0.75],"tintindex":0,"rotation":0,"texture":"#0"},"south":{"uv":[1.875,6.25,2.5625,7.0],"tintindex":0,"rotation":0,"texture":"#0"},"north":{"uv":[6.1875,5.5625,6.875,6.3125],"tintindex":0,"rotation":0,"texture":"#0"},"west":{"uv":[5.8125,2.25,6.65625,3.0],"tintindex":0,"rotation":0,"texture":"#0"},"up":{"uv":[6.5,3.84375,5.8125,3.0],"tintindex":0,"rotation":0,"texture":"#0"},"down":{"uv":[1.875,6.0,1.1875,6.84375],"tintindex":0,"rotation":0,"texture":"#0"}}},{"from":[6.25535,18.706131,1.6112156],"to":[9.8945,22.318275,5.435316],"faces":{"east":{"uv":[8.75,0.5625,9.0,0.8125],"tintindex":0,"rotation":0,"texture":"#0"},"south":{"uv":[0.5625,8.8125,0.8125,9.0625],"tintindex":0,"rotation":0,"texture":"#0"},"north":{"uv":[8.5625,4.875,8.8125,5.125],"tintindex":0,"rotation":0,"texture":"#0"},"west":{"uv":[9.9375,2.375,10.1875,2.625],"tintindex":0,"rotation":0,"texture":"#0"},"up":{"uv":[3.6875,10.25,3.4375,10.0],"tintindex":0,"rotation":0,"texture":"#0"},"down":{"uv":[10.4375,1.6875,10.1875,1.9375],"tintindex":0,"rotation":0,"texture":"#0"}},"rotation":{"origin":[8.074925,21.2322,3.8832645],"angle":22.5,"axis":"x"}},{"from":[2.20535,8.433979,1.0712147],"to":[13.9445,19.966125,16.595316],"faces":{"east":{"uv":[0.0,4.375,1.0625,5.1875],"tintindex":0,"rotation":0,"texture":"#0"},"south":{"uv":[2.8125,5.4375,3.625,6.25],"tintindex":0,"rotation":0,"texture":"#0"},"north":{"uv":[2.0,5.4375,2.8125,6.25],"tintindex":0,"rotation":0,"texture":"#0"},"west":{"uv":[1.0625,4.375,0.0,5.1875],"tintindex":0,"rotation":0,"texture":"#0"},"up":{"uv":[2.9375,5.4375,2.125,4.375],"tintindex":0,"rotation":0,"texture":"#0"},"down":{"uv":[3.75,4.375,2.9375,5.4375],"tintindex":0,"rotation":0,"texture":"#0"}}},{"from":[1.3053498,18.16613,-1.6287842],"to":[4.9445,22.498276,5.795315],"faces":{"east":{"uv":[10.5,5.0625,11.0,5.375],"tintindex":0,"rotation":0,"texture":"#0"},"south":{"uv":[5.1875,10.9375,5.4375,11.25],"tintindex":0,"rotation":0,"texture":"#0"},"north":{"uv":[4.9375,10.9375,5.1875,11.25],"tintindex":0,"rotation":0,"texture":"#0"},"west":{"uv":[10.5,5.375,11.0,5.6875],"tintindex":0,"rotation":0,"texture":"#0"},"up":{"uv":[2.3125,7.5,2.5625,7.0],"tintindex":0,"rotation":0,"texture":"#0"},"down":{"uv":[8.1875,8.5,7.9375,9.0],"tintindex":0,"rotation":0,"texture":"#0"}}},{"from":[11.20535,18.16613,-1.6287842],"to":[14.8445,22.498276,5.795315],"faces":{"east":{"uv":[10.375,0.0,10.875,0.3125],"tintindex":0,"rotation":0,"texture":"#0"},"south":{"uv":[4.6875,10.9375,4.9375,11.25],"tintindex":0,"rotation":0,"texture":"#0"},"north":{"uv":[2.3125,7.5,2.5625,7.8125],"tintindex":0,"rotation":0,"texture":"#0"},"west":{"uv":[10.5,2.6875,11.0,3.0],"tintindex":0,"rotation":0,"texture":"#0"},"up":{"uv":[2.5625,7.5,2.3125,7.0],"tintindex":0,"rotation":0,"texture":"#0"},"down":{"uv":[7.5625,3.75,7.3125,4.25],"tintindex":0,"rotation":0,"texture":"#0"}}},{"from":[-2.29465,23.836128,-4.418785],"to":[1.3445001,28.798279,-0.32468414],"faces":{"east":{"uv":[6.0625,10.875,6.34375,11.21875],"tintindex":0,"rotation":0,"texture":"#0"},"south":{"uv":[1.3125,10.375,1.5625,10.71875],"tintindex":0,"rotation":0,"texture":"#0"},"north":{"uv":[8.625,10.875,8.375,11.21875],"tintindex":0,"rotation":0,"texture":"#0"},"west":{"uv":[6.375,10.875,6.65625,11.21875],"tintindex":0,"rotation":0,"texture":"#0"},"up":{"uv":[3.4375,11.28125,3.6875,11.0],"tintindex":0,"rotation":0,"texture":"#0"},"down":{"uv":[3.4375,11.0,3.1875,11.28125],"tintindex":0,"rotation":0,"texture":"#0"}},"rotation":{"origin":[1.324925,26.632202,-2.6867352],"angle":22.5,"axis":"z"}},{"from":[6.68375,8.747631,1.075716],"to":[9.31625,11.32748,2.4770145],"faces":{"east":{"uv":[3.125,9.8125,3.21875,10.0],"tintindex":0,"rotation":0,"texture":"#0"},"south":{"uv":[9.9375,8.0625,10.125,8.25],"tintindex":0,"rotation":0,"texture":"#0"},"north":{"uv":[4.8125,3.5625,5.0,3.75],"tintindex":0,"rotation":0,"texture":"#0"},"west":{"uv":[7.6875,9.875,7.78125,10.0625],"tintindex":0,"rotation":0,"texture":"#0"},"up":{"uv":[4.625,1.84375,4.4375,1.75],"tintindex":0,"rotation":0,"texture":"#0"},"down":{"uv":[7.1875,2.125,7.0,2.21875],"tintindex":0,"rotation":0,"texture":"#0"}}},{"from":[6.25535,18.16613,13.671215],"to":[9.8945,21.598282,18.395315],"faces":{"east":{"uv":[7.75,3.5,8.0625,3.75],"tintindex":0,"rotation":0,"texture":"#0"},"south":{"uv":[4.25,11.125,4.5,11.375],"tintindex":0,"rotation":0,"texture":"#0"},"north":{"uv":[0.6875,11.125,0.9375,11.375],"tintindex":0,"rotation":0,"texture":"#0"},"west":{"uv":[8.375,6.5,8.6875,6.75],"tintindex":0,"rotation":0,"texture":"#0"},"up":{"uv":[0.25,11.3125,0.0,11.0],"tintindex":0,"rotation":0,"texture":"#0"},"down":{"uv":[1.375,11.0,1.125,11.3125],"tintindex":0,"rotation":0,"texture":"#0"}},"rotation":{"origin":[8.074925,21.2322,15.583265],"angle":22.5,"axis":"x"}},{"from":[-0.9446497,13.0204735,6.8342857],"to":[2.6945,16.632622,10.658385],"faces":{"east":{"uv":[10.0625,11.125,10.3125,11.375],"tintindex":0,"rotation":0,"texture":"#0"},"south":{"uv":[2.5,10.9375,2.25,11.1875],"tintindex":0,"rotation":0,"texture":"#0"},"north":{"uv":[11.4375,1.9375,11.1875,2.1875],"tintindex":0,"rotation":0,"texture":"#0"},"west":{"uv":[11.1875,1.1875,11.4375,1.4375],"tintindex":0,"rotation":0,"texture":"#0"},"up":{"uv":[1.625,11.4375,1.375,11.1875],"tintindex":0,"rotation":0,"texture":"#0"},"down":{"uv":[11.4375,1.6875,11.1875,1.9375],"tintindex":0,"rotation":0,"texture":"#0"}},"rotation":{"origin":[8.074925,15.766178,9.471455],"angle":0.0,"axis":"x"}},{"from":[13.00535,20.866127,-3.4287853],"to":[16.6445,25.19828,1.2953148],"faces":{"east":{"uv":[10.875,3.8125,11.1875,4.125],"tintindex":0,"rotation":0,"texture":"#0"},"south":{"uv":[7.25,10.9375,7.5,11.25],"tintindex":0,"rotation":0,"texture":"#0"},"north":{"uv":[7.0,10.9375,7.25,11.25],"tintindex":0,"rotation":0,"texture":"#0"},"west":{"uv":[10.875,4.125,11.1875,4.4375],"tintindex":0,"rotation":0,"texture":"#0"},"up":{"uv":[9.1875,11.25,8.9375,10.9375],"tintindex":0,"rotation":0,"texture":"#0"},"down":{"uv":[9.4375,10.9375,9.1875,11.25],"tintindex":0,"rotation":0,"texture":"#0"}},"rotation":{"origin":[9.874925,23.032204,-1.0667343],"angle":-22.5,"axis":"x"}},{"from":[5.8053503,5.091831,0.081214905],"to":[10.3445,9.693981,2.7353153],"faces":{"east":{"uv":[4.8125,2.9375,5.0,3.25],"tintindex":0,"rotation":0,"texture":"#0"},"south":{"uv":[10.875,3.5,11.1875,3.8125],"tintindex":0,"rotation":0,"texture":"#0"},"north":{"uv":[10.875,2.3125,11.1875,2.625],"tintindex":0,"rotation":0,"texture":"#0"},"west":{"uv":[4.8125,3.25,5.0,3.5625],"tintindex":0,"rotation":0,"texture":"#0"},"up":{"uv":[3.625,8.625,3.3125,8.4375],"tintindex":0,"rotation":0,"texture":"#0"},"down":{"uv":[11.5,2.4375,11.1875,2.625],"tintindex":0,"rotation":0,"texture":"#0"}},"rotation":{"origin":[8.074925,6.762905,1.7682648],"angle":22.5,"axis":"x"}},{"from":[14.805349,23.836128,-4.418785],"to":[18.4445,28.798279,-0.32468414],"faces":{"east":{"uv":[6.6875,10.875,6.96875,11.21875],"tintindex":0,"rotation":0,"texture":"#0"},"south":{"uv":[2.25,10.9375,2.5,11.28125],"tintindex":0,"rotation":0,"texture":"#0"},"north":{"uv":[8.375,10.875,8.625,11.21875],"tintindex":0,"rotation":0,"texture":"#0"},"west":{"uv":[7.625,10.875,7.90625,11.21875],"tintindex":0,"rotation":0,"texture":"#0"},"up":{"uv":[3.6875,11.28125,3.4375,11.0],"tintindex":0,"rotation":0,"texture":"#0"},"down":{"uv":[11.25,5.0625,11.0,5.34375],"tintindex":0,"rotation":0,"texture":"#0"}},"rotation":{"origin":[14.824924,26.632202,-2.6867352],"angle":-22.5,"axis":"z"}},{"from":[15.25535,14.700695,7.869748],"to":[18.8945,21.102844,11.693849],"faces":{"east":{"uv":[10.8125,7.3125,11.0625,7.75],"tintindex":0,"rotation":0,"texture":"#0"},"south":{"uv":[10.8125,7.75,11.0625,8.1875],"tintindex":0,"rotation":0,"texture":"#0"},"north":{"uv":[10.8125,6.875,11.0625,7.3125],"tintindex":0,"rotation":0,"texture":"#0"},"west":{"uv":[10.8125,8.1875,11.0625,8.625],"tintindex":0,"rotation":0,"texture":"#0"},"up":{"uv":[4.1875,11.4375,3.9375,11.1875],"tintindex":0,"rotation":0,"texture":"#0"},"down":{"uv":[11.4375,4.0,11.1875,4.25],"tintindex":0,"rotation":0,"texture":"#0"}},"rotation":{"origin":[8.074925,15.766178,9.471455],"angle":22.5,"axis":"x"}},{"from":[7.15535,21.406128,7.371216],"to":[9.0845,24.298279,11.195315],"faces":{"east":{"uv":[7.3125,4.25,7.5625,4.4375],"tintindex":0,"rotation":0,"texture":"#0"},"south":{"uv":[4.3125,0.75,4.4375,0.9375],"tintindex":0,"rotation":0,"texture":"#0"},"north":{"uv":[3.3125,2.1875,3.4375,2.375],"tintindex":0,"rotation":0,"texture":"#0"},"west":{"uv":[5.125,8.4375,5.375,8.625],"tintindex":0,"rotation":0,"texture":"#0"},"up":{"uv":[8.9375,5.125,8.8125,4.875],"tintindex":0,"rotation":0,"texture":"#0"},"down":{"uv":[9.625,2.625,9.5,2.875],"tintindex":0,"rotation":0,"texture":"#0"}},"rotation":{"origin":[8.074925,21.2322,10.183266],"angle":-22.5,"axis":"x"}},{"from":[13.45535,13.0204735,6.8342857],"to":[17.0945,16.632622,10.658385],"faces":{"east":{"uv":[11.1875,2.1875,11.4375,2.4375],"tintindex":0,"rotation":0,"texture":"#0"},"south":{"uv":[2.5,11.1875,2.75,11.4375],"tintindex":0,"rotation":0,"texture":"#0"},"north":{"uv":[11.1875,1.9375,11.4375,2.1875],"tintindex":0,"rotation":0,"texture":"#0"},"west":{"uv":[11.1875,3.5,11.4375,3.75],"tintindex":0,"rotation":0,"texture":"#0"},"up":{"uv":[3.9375,11.4375,3.6875,11.1875],"tintindex":0,"rotation":0,"texture":"#0"},"down":{"uv":[11.4375,3.75,11.1875,4.0],"tintindex":0,"rotation":0,"texture":"#0"}},"rotation":{"origin":[8.074925,15.766178,9.471455],"angle":0.0,"axis":"x"}},{"from":[-0.4946499,20.866127,-3.4287853],"to":[3.1444998,25.19828,1.2953148],"faces":{"east":{"uv":[10.875,4.4375,11.1875,4.75],"tintindex":0,"rotation":0,"texture":"#0"},"south":{"uv":[7.5,10.9375,7.25,11.25],"tintindex":0,"rotation":0,"texture":"#0"},"north":{"uv":[7.25,10.9375,7.0,11.25],"tintindex":0,"rotation":0,"texture":"#0"},"west":{"uv":[10.875,4.75,11.1875,5.0625],"tintindex":0,"rotation":0,"texture":"#0"},"up":{"uv":[8.9375,11.25,9.1875,10.9375],"tintindex":0,"rotation":0,"texture":"#0"},"down":{"uv":[11.1875,10.9375,10.9375,11.25],"tintindex":0,"rotation":0,"texture":"#0"}},"rotation":{"origin":[6.274925,23.032204,-1.0667343],"angle":-22.5,"axis":"x"}},{"from":[6.25535,18.706131,7.911216],"to":[9.8945,22.318275,11.735315],"faces":{"east":{"uv":[11.0625,7.6875,11.3125,7.9375],"tintindex":0,"rotation":0,"texture":"#0"},"south":{"uv":[11.0625,7.9375,11.3125,8.1875],"tintindex":0,"rotation":0,"texture":"#0"},"north":{"uv":[11.0625,7.4375,11.3125,7.6875],"tintindex":0,"rotation":0,"texture":"#0"},"west":{"uv":[11.0625,8.1875,11.3125,8.4375],"tintindex":0,"rotation":0,"texture":"#0"},"up":{"uv":[11.3125,8.6875,11.0625,8.4375],"tintindex":0,"rotation":0,"texture":"#0"},"down":{"uv":[11.3125,10.625,11.0625,10.875],"tintindex":0,"rotation":0,"texture":"#0"}},"rotation":{"origin":[8.074925,21.2322,10.183266],"angle":22.5,"axis":"x"}}],"display":{"gui":{"rotation":[30,225,0]}}}