{"textures":{"0":"modelengine:entity/centaur_axeboss_gamita"},"elements":[{"from":[5.2200003,-2.9337158,11.104361],"to":[5.2200003,11.116283,18.65436],"faces":{"east":{"uv":[10.125,10.5625,10.40625,11.09375],"tintindex":0,"rotation":0,"texture":"#0"},"west":{"uv":[0.375,10.625,0.65625,11.15625],"tintindex":0,"rotation":0,"texture":"#0"}},"rotation":{"origin":[5.2200003,4.0912857,14.87936],"angle":-22.5,"axis":"x"}},{"from":[4.1,-8.721397,11.080051],"to":[11.9,5.578602,14.980051],"faces":{"east":{"uv":[8.375,9.5625,8.625,10.46875],"tintindex":0,"rotation":0,"texture":"#0"},"south":{"uv":[5.875,7.3125,6.375,8.21875],"tintindex":0,"rotation":0,"texture":"#0"},"north":{"uv":[7.25,2.8125,7.75,3.71875],"tintindex":0,"rotation":0,"texture":"#0"},"west":{"uv":[4.125,9.6875,4.375,10.59375],"tintindex":0,"rotation":0,"texture":"#0"},"up":{"uv":[5.5,10.9375,5.0,10.6875],"tintindex":0,"rotation":0,"texture":"#0"},"down":{"uv":[11.25,8.9375,10.75,9.1875],"tintindex":0,"rotation":0,"texture":"#0"}},"rotation":{"origin":[8.0,-1.5713978,1.3300514],"angle":-22.5,"axis":"x"}},{"from":[9.65,-2.9337158,11.104361],"to":[9.65,11.116283,18.65436],"faces":{"east":{"uv":[0.65625,10.625,0.375,11.15625],"tintindex":0,"rotation":0,"texture":"#0"},"west":{"uv":[10.5,6.9375,10.78125,7.46875],"tintindex":0,"rotation":0,"texture":"#0"}},"rotation":{"origin":[9.65,4.0912857,14.87936],"angle":-22.5,"axis":"x"}}],"display":{"gui":{"rotation":[30,225,0]}}}