{"textures":{"0":"modelengine:entity/centaur_axeboss_gamita"},"elements":[{"from":[4.0750003,8.494801,2.3001747],"to":[12.575,22.794802,17.900175],"faces":{"east":{"uv":[1.8125,3.4375,2.78125,4.34375],"tintindex":0,"rotation":0,"texture":"#0"},"south":{"uv":[3.625,6.8125,4.15625,7.71875],"tintindex":0,"rotation":0,"texture":"#0"},"north":{"uv":[3.0625,6.8125,3.59375,7.71875],"tintindex":0,"rotation":0,"texture":"#0"},"west":{"uv":[2.8125,3.4375,3.78125,4.34375],"tintindex":0,"rotation":0,"texture":"#0"},"up":{"uv":[6.59375,7.28125,6.0625,6.3125],"tintindex":0,"rotation":0,"texture":"#0"},"down":{"uv":[6.96875,1.25,6.4375,2.21875],"tintindex":0,"rotation":0,"texture":"#0"}},"rotation":{"origin":[1.1750002,6.5448,30.250175],"angle":-22.5,"axis":"x"}},{"from":[3.775,-7.63593,2.9484177],"to":[12.675,-3.84593,12.548417],"faces":{"east":{"uv":[10.6875,3.0,11.28125,3.25],"tintindex":0,"rotation":0,"texture":"#0"},"south":{"uv":[4.4375,10.6875,5.0,10.9375],"tintindex":0,"rotation":0,"texture":"#0"},"north":{"uv":[3.25,10.75,3.78125,11.0],"tintindex":0,"rotation":0,"texture":"#0"},"west":{"uv":[10.6875,3.25,11.28125,3.5],"tintindex":0,"rotation":0,"texture":"#0"},"up":{"uv":[5.5625,4.46875,5.0,3.875],"tintindex":0,"rotation":0,"texture":"#0"},"down":{"uv":[8.9375,2.875,8.375,3.46875],"tintindex":0,"rotation":0,"texture":"#0"}},"rotation":{"origin":[1.0750003,-5.7409296,7.748417],"angle":22.5,"axis":"x"}},{"from":[4.9750004,-9.635929,3.9484177],"to":[11.375,1.1540699,11.748417],"faces":{"east":{"uv":[4.625,8.4375,5.125,9.125],"tintindex":0,"rotation":0,"texture":"#0"},"south":{"uv":[8.9375,4.875,9.375,5.5625],"tintindex":0,"rotation":0,"texture":"#0"},"north":{"uv":[7.9375,2.125,8.375,2.8125],"tintindex":0,"rotation":0,"texture":"#0"},"west":{"uv":[8.1875,8.4375,8.6875,9.125],"tintindex":0,"rotation":0,"texture":"#0"},"up":{"uv":[0.875,10.625,0.4375,10.125],"tintindex":0,"rotation":0,"texture":"#0"},"down":{"uv":[2.3125,10.125,1.875,10.625],"tintindex":0,"rotation":0,"texture":"#0"}}}],"display":{"gui":{"rotation":[30,225,0]}}}