{"textures":{"0":"modelengine:entity/centaur_axeboss_gamita"},"elements":[{"from":[5.1500006,-4.6602716,8.081796],"to":[11.35,4.439728,17.181797],"faces":{"east":{"uv":[6.8125,8.6875,7.375,9.25],"tintindex":0,"rotation":0,"texture":"#0"},"south":{"uv":[5.125,10.125,5.5,10.6875],"tintindex":0,"rotation":0,"texture":"#0"},"north":{"uv":[4.75,10.125,5.125,10.6875],"tintindex":0,"rotation":0,"texture":"#0"},"west":{"uv":[8.75,0.0,9.3125,0.5625],"tintindex":0,"rotation":0,"texture":"#0"},"up":{"uv":[10.5,7.0,10.125,6.4375],"tintindex":0,"rotation":0,"texture":"#0"},"down":{"uv":[10.5,7.0,10.125,7.5625],"tintindex":0,"rotation":0,"texture":"#0"}},"rotation":{"origin":[16.55,-2.0602722,13.931796],"angle":-22.5,"axis":"x"}},{"from":[4.1500006,1.006113,5.4192696],"to":[11.35,14.006113,18.41927],"faces":{"east":{"uv":[4.5625,5.375,5.375,6.1875],"tintindex":0,"rotation":0,"texture":"#0"},"south":{"uv":[5.8125,8.25,6.25,9.0625],"tintindex":0,"rotation":0,"texture":"#0"},"north":{"uv":[8.1875,7.625,8.625,8.4375],"tintindex":0,"rotation":0,"texture":"#0"},"west":{"uv":[5.375,5.375,6.1875,6.1875],"tintindex":0,"rotation":0,"texture":"#0"},"up":{"uv":[8.75,0.8125,8.3125,0.0],"tintindex":0,"rotation":0,"texture":"#0"},"down":{"uv":[8.8125,2.0625,8.375,2.875],"tintindex":0,"rotation":0,"texture":"#0"}},"rotation":{"origin":[16.55,2.3061123,10.94427],"angle":-45.0,"axis":"x"}}],"display":{"gui":{"rotation":[30,225,0]}}}