{"textures":{"0":"modelengine:entity/centaur_axeboss_gamita"},"elements":[{"from":[4.325,-9.6359825,3.9484177],"to":[10.725,1.1540184,11.748417],"faces":{"east":{"uv":[7.4375,8.5,7.9375,9.1875],"tintindex":0,"rotation":0,"texture":"#0"},"south":{"uv":[3.25,9.3125,3.65625,10.0],"tintindex":0,"rotation":0,"texture":"#0"},"north":{"uv":[1.5625,9.3125,1.96875,10.0],"tintindex":0,"rotation":0,"texture":"#0"},"west":{"uv":[8.5625,0.8125,9.0625,1.5],"tintindex":0,"rotation":0,"texture":"#0"},"up":{"uv":[10.84375,9.6875,10.4375,9.1875],"tintindex":0,"rotation":0,"texture":"#0"},"down":{"uv":[10.09375,10.4375,9.6875,10.9375],"tintindex":0,"rotation":0,"texture":"#0"}}},{"from":[3.3249998,-7.6359816,2.9484177],"to":[11.825,-3.8459816,12.548417],"faces":{"east":{"uv":[10.5,5.6875,11.09375,5.9375],"tintindex":0,"rotation":0,"texture":"#0"},"south":{"uv":[10.75,8.6875,11.28125,8.9375],"tintindex":0,"rotation":0,"texture":"#0"},"north":{"uv":[3.25,10.75,3.78125,11.0],"tintindex":0,"rotation":0,"texture":"#0"},"west":{"uv":[8.0,10.625,8.59375,10.875],"tintindex":0,"rotation":0,"texture":"#0"},"up":{"uv":[9.28125,7.09375,8.75,6.5],"tintindex":0,"rotation":0,"texture":"#0"},"down":{"uv":[9.21875,8.75,8.6875,9.34375],"tintindex":0,"rotation":0,"texture":"#0"}},"rotation":{"origin":[14.725,-5.740981,7.748417],"angle":22.5,"axis":"x"}},{"from":[3.4250002,8.494749,2.3001747],"to":[11.924999,22.79475,17.900175],"faces":{"east":{"uv":[3.75,1.875,4.71875,2.78125],"tintindex":0,"rotation":0,"texture":"#0"},"south":{"uv":[4.1875,6.875,4.71875,7.78125],"tintindex":0,"rotation":0,"texture":"#0"},"north":{"uv":[1.1875,6.875,1.71875,7.78125],"tintindex":0,"rotation":0,"texture":"#0"},"west":{"uv":[3.8125,2.8125,4.78125,3.71875],"tintindex":0,"rotation":0,"texture":"#0"},"up":{"uv":[7.15625,7.28125,6.625,6.3125],"tintindex":0,"rotation":0,"texture":"#0"},"down":{"uv":[7.21875,2.25,6.6875,3.21875],"tintindex":0,"rotation":0,"texture":"#0"}},"rotation":{"origin":[14.825,6.5447483,30.250175],"angle":-22.5,"axis":"x"}}],"display":{"gui":{"rotation":[30,225,0]}}}