{"textures":{"0":"modelengine:entity/centaur_axeboss_gamita"},"elements":[{"from":[4.6499996,1.006113,5.4192696],"to":[11.849999,14.006113,18.41927],"faces":{"east":{"uv":[1.1875,5.1875,2.0,6.0],"tintindex":0,"rotation":0,"texture":"#0"},"south":{"uv":[8.125,3.5,8.5625,4.3125],"tintindex":0,"rotation":0,"texture":"#0"},"north":{"uv":[8.125,1.25,8.5625,2.0625],"tintindex":0,"rotation":0,"texture":"#0"},"west":{"uv":[3.75,5.3125,4.5625,6.125],"tintindex":0,"rotation":0,"texture":"#0"},"up":{"uv":[8.5625,5.125,8.125,4.3125],"tintindex":0,"rotation":0,"texture":"#0"},"down":{"uv":[6.8125,8.1875,6.375,9.0],"tintindex":0,"rotation":0,"texture":"#0"}},"rotation":{"origin":[-0.5500002,2.3061123,10.94427],"angle":-45.0,"axis":"x"}},{"from":[4.6499996,-4.6602716,8.081796],"to":[10.849999,4.439728,17.181797],"faces":{"east":{"uv":[5.125,8.625,5.6875,9.1875],"tintindex":0,"rotation":0,"texture":"#0"},"south":{"uv":[10.125,3.625,10.5,4.1875],"tintindex":0,"rotation":0,"texture":"#0"},"north":{"uv":[8.0,10.0625,8.375,10.625],"tintindex":0,"rotation":0,"texture":"#0"},"west":{"uv":[0.0,8.6875,0.5625,9.25],"tintindex":0,"rotation":0,"texture":"#0"},"up":{"uv":[10.5,4.75,10.125,4.1875],"tintindex":0,"rotation":0,"texture":"#0"},"down":{"uv":[4.75,10.125,4.375,10.6875],"tintindex":0,"rotation":0,"texture":"#0"}},"rotation":{"origin":[-0.5500002,-2.0602722,13.931796],"angle":-22.5,"axis":"x"}}],"display":{"gui":{"rotation":[30,225,0]}}}