{"textures":{"0":"modelengine:entity/centaur_axeboss_gamita"},"elements":[{"from":[8.65,8.448498,13.1025],"to":[8.65,20.928497,17.6525],"faces":{"east":{"uv":[0.59375,10.65625,0.40625,11.125],"tintindex":0,"rotation":0,"texture":"#0"},"west":{"uv":[7.6875,10.0625,7.96875,10.84375],"tintindex":0,"rotation":0,"texture":"#0"}}},{"from":[0.17500019,12.907497,0.6624994],"to":[15.825,21.2925,13.557501],"faces":{"east":{"uv":[8.375,5.5,7.5625,6.03125],"tintindex":0,"rotation":0,"texture":"#0"},"south":{"uv":[6.3125,3.875,7.28125,4.40625],"tintindex":0,"rotation":0,"texture":"#0"},"north":{"uv":[2.5625,6.25,3.53125,6.78125],"tintindex":0,"rotation":0,"texture":"#0"},"west":{"uv":[7.5625,5.5,8.375,6.03125],"tintindex":0,"rotation":0,"texture":"#0"},"up":{"uv":[4.71875,5.3125,3.75,4.5],"tintindex":0,"rotation":0,"texture":"#0"},"down":{"uv":[5.71875,1.25,4.75,2.0625],"tintindex":0,"rotation":0,"texture":"#0"}}},{"from":[7.2200003,8.448498,13.1025],"to":[7.2200003,20.928497,17.6525],"faces":{"east":{"uv":[8.625,10.0,8.90625,10.78125],"tintindex":0,"rotation":0,"texture":"#0"},"west":{"uv":[0.40625,10.65625,0.59375,11.125],"tintindex":0,"rotation":0,"texture":"#0"}}},{"from":[1.8249998,7.7074966,2.4425],"to":[14.175,12.9725,13.557501],"faces":{"east":{"uv":[10.5,5.125,9.8125,5.46875],"tintindex":0,"rotation":0,"texture":"#0"},"south":{"uv":[9.3125,6.75,10.09375,7.09375],"tintindex":0,"rotation":0,"texture":"#0"},"north":{"uv":[9.0625,1.125,9.84375,1.46875],"tintindex":0,"rotation":0,"texture":"#0"},"west":{"uv":[9.8125,5.125,10.5,5.46875],"tintindex":0,"rotation":0,"texture":"#0"},"up":{"uv":[6.71875,0.6875,5.9375,0.0],"tintindex":0,"rotation":0,"texture":"#0"},"down":{"uv":[0.78125,6.125,0.0,6.8125],"tintindex":0,"rotation":0,"texture":"#0"}}}],"display":{"gui":{"rotation":[30,225,0]}}}