{"textures":{"0":"modelengine:entity/centaur_axeboss_gamita"},"elements":[{"from":[4.575001,-5.6689987,0.5539999],"to":[11.425,7.6690025,9.446],"faces":{"east":{"uv":[7.0,1.25,7.5625,2.09375],"tintindex":0,"rotation":0,"texture":"#0"},"south":{"uv":[5.375,7.75,5.8125,8.59375],"tintindex":0,"rotation":0,"texture":"#0"},"north":{"uv":[3.6875,7.75,4.125,8.59375],"tintindex":0,"rotation":0,"texture":"#0"},"west":{"uv":[1.75,7.0,2.3125,7.84375],"tintindex":0,"rotation":0,"texture":"#0"},"up":{"uv":[10.125,4.1875,9.6875,3.625],"tintindex":0,"rotation":0,"texture":"#0"},"down":{"uv":[4.125,9.6875,3.6875,10.25],"tintindex":0,"rotation":0,"texture":"#0"}}},{"from":[3.875,-1.3689995,-0.04600048],"to":[12.325001,5.5690002,10.346001],"faces":{"east":{"uv":[4.6875,9.1875,5.1875,9.625],"tintindex":0,"rotation":0,"texture":"#0"},"south":{"uv":[6.71875,9.9375,7.21875,10.375],"tintindex":0,"rotation":0,"texture":"#0"},"north":{"uv":[9.9375,1.9375,10.46875,2.375],"tintindex":0,"rotation":0,"texture":"#0"},"west":{"uv":[3.90625,9.25,4.375,9.6875],"tintindex":0,"rotation":0,"texture":"#0"},"up":{"uv":[8.90625,6.46875,8.375,5.8125],"tintindex":0,"rotation":0,"texture":"#0"},"down":{"uv":[3.28125,8.4375,2.75,9.09375],"tintindex":0,"rotation":0,"texture":"#0"}}}],"display":{"gui":{"rotation":[30,225,0]}}}