{"textures":{"0":"modelengine:entity/centaur_axeboss_gamita"},"elements":[{"from":[3.471333,-1.0940018,0.3739996],"to":[11.921333,5.843998,10.766001],"faces":{"east":{"uv":[6.40625,4.4375,6.875,4.875],"tintindex":0,"rotation":0,"texture":"#0"},"south":{"uv":[1.03125,9.9375,1.5,10.375],"tintindex":0,"rotation":0,"texture":"#0"},"north":{"uv":[9.875,1.0625,10.40625,1.5],"tintindex":0,"rotation":0,"texture":"#0"},"west":{"uv":[8.0,9.125,8.53125,9.5625],"tintindex":0,"rotation":0,"texture":"#0"},"up":{"uv":[2.71875,9.03125,2.1875,8.375],"tintindex":0,"rotation":0,"texture":"#0"},"down":{"uv":[8.90625,5.125,8.375,5.78125],"tintindex":0,"rotation":0,"texture":"#0"}}},{"from":[4.171333,-5.394001,0.974],"to":[11.021333,7.9440002,9.866],"faces":{"east":{"uv":[2.3125,7.0,1.75,7.84375],"tintindex":0,"rotation":0,"texture":"#0"},"south":{"uv":[0.0,7.8125,0.4375,8.65625],"tintindex":0,"rotation":0,"texture":"#0"},"north":{"uv":[7.75,7.625,8.1875,8.46875],"tintindex":0,"rotation":0,"texture":"#0"},"west":{"uv":[7.1875,7.0625,7.75,7.90625],"tintindex":0,"rotation":0,"texture":"#0"},"up":{"uv":[10.125,4.75,9.6875,4.1875],"tintindex":0,"rotation":0,"texture":"#0"},"down":{"uv":[3.6875,9.6875,4.125,10.25],"tintindex":0,"rotation":0,"texture":"#0"}}}],"display":{"gui":{"rotation":[30,225,0]}}}