{"textures":{"0":"modelengine:entity/centaur_axeboss_gamita"},"elements":[{"from":[4.1,-6.95,9.039999],"to":[11.9,8.650002,12.939999],"faces":{"east":{"uv":[0.5,6.8125,0.75,7.78125],"tintindex":0,"rotation":0,"texture":"#0"},"south":{"uv":[2.5625,6.8125,3.0625,7.78125],"tintindex":0,"rotation":0,"texture":"#0"},"north":{"uv":[0.0,6.8125,0.5,7.78125],"tintindex":0,"rotation":0,"texture":"#0"},"west":{"uv":[0.5625,7.8125,0.8125,8.78125],"tintindex":0,"rotation":0,"texture":"#0"},"up":{"uv":[6.0,11.0625,5.5,10.8125],"tintindex":0,"rotation":0,"texture":"#0"},"down":{"uv":[11.3125,6.375,10.8125,6.625],"tintindex":0,"rotation":0,"texture":"#0"}},"rotation":{"origin":[8.0,0.8500004,10.99],"angle":-22.5,"axis":"x"}},{"from":[6.2200003,-5.2864294,10.7227955],"to":[6.2200003,8.06357,17.272795],"faces":{"east":{"uv":[10.125,10.5625,10.40625,11.09375],"tintindex":0,"rotation":0,"texture":"#0"},"west":{"uv":[0.375,10.625,0.65625,11.15625],"tintindex":0,"rotation":0,"texture":"#0"}},"rotation":{"origin":[6.2200003,1.3885708,13.997797],"angle":-22.5,"axis":"x"}},{"from":[9.65,-5.2864294,10.7227955],"to":[9.65,8.06357,17.272795],"faces":{"east":{"uv":[0.65625,10.625,0.375,11.15625],"tintindex":0,"rotation":0,"texture":"#0"},"west":{"uv":[10.5,6.9375,10.78125,7.46875],"tintindex":0,"rotation":0,"texture":"#0"}},"rotation":{"origin":[9.65,1.3885708,13.997797],"angle":-22.5,"axis":"x"}}],"display":{"gui":{"rotation":[30,225,0]}}}