{"textures":{"0":"modelengine:entity/centaur_axeboss_gamita"},"elements":[{"from":[4.5,1.2803464,-0.4939165],"to":[11.4,4.9803467,9.306084],"faces":{"east":{"uv":[8.9375,10.6875,9.5625,10.90625],"tintindex":0,"rotation":0,"texture":"#0"},"south":{"uv":[10.875,9.1875,11.3125,9.40625],"tintindex":0,"rotation":0,"texture":"#0"},"north":{"uv":[7.9375,10.875,8.375,11.09375],"tintindex":0,"rotation":0,"texture":"#0"},"west":{"uv":[10.4375,10.6875,11.0625,10.90625],"tintindex":0,"rotation":0,"texture":"#0"},"up":{"uv":[9.75,6.75,9.3125,6.125],"tintindex":0,"rotation":0,"texture":"#0"},"down":{"uv":[9.6875,9.3125,9.25,9.9375],"tintindex":0,"rotation":0,"texture":"#0"}},"rotation":{"origin":[8.0,4.1303463,4.406084],"angle":22.5,"axis":"x"}},{"from":[5.4000006,-1.7196541,0.5060835],"to":[10.6,9.980347,8.306084],"faces":{"east":{"uv":[1.6875,7.875,2.1875,8.59375],"tintindex":0,"rotation":0,"texture":"#0"},"south":{"uv":[3.125,10.0,3.4375,10.71875],"tintindex":0,"rotation":0,"texture":"#0"},"north":{"uv":[1.5625,10.0,1.875,10.71875],"tintindex":0,"rotation":0,"texture":"#0"},"west":{"uv":[6.9375,7.9375,7.4375,8.65625],"tintindex":0,"rotation":0,"texture":"#0"},"up":{"uv":[7.75,8.4375,7.4375,7.9375],"tintindex":0,"rotation":0,"texture":"#0"},"down":{"uv":[4.125,8.625,3.8125,9.125],"tintindex":0,"rotation":0,"texture":"#0"}},"rotation":{"origin":[8.0,4.1303463,4.406084],"angle":22.5,"axis":"x"}},{"from":[5.2,-3.9368143,-4.629484],"to":[10.8,1.2631855,5.7705154],"faces":{"east":{"uv":[10.125,8.375,10.78125,8.6875],"tintindex":0,"rotation":0,"texture":"#0"},"south":{"uv":[10.875,2.0,11.1875,2.3125],"tintindex":0,"rotation":0,"texture":"#0"},"north":{"uv":[10.875,1.6875,11.1875,2.0],"tintindex":0,"rotation":0,"texture":"#0"},"west":{"uv":[10.1875,0.4375,10.84375,0.75],"tintindex":0,"rotation":0,"texture":"#0"},"up":{"uv":[10.5,3.03125,10.1875,2.375],"tintindex":0,"rotation":0,"texture":"#0"},"down":{"uv":[2.625,10.25,2.3125,10.90625],"tintindex":0,"rotation":0,"texture":"#0"}}}],"display":{"gui":{"rotation":[30,225,0]}}}