{"textures":{"0":"modelengine:entity/centaur_axeboss_gamita"},"elements":[{"from":[3.6000004,-2.3400002,4.6000004],"to":[10.8,0.6899996,8.200001],"faces":{"east":{"uv":[0.9375,11.125,1.09375,11.375],"tintindex":0,"rotation":0,"texture":"#0"},"south":{"uv":[10.875,0.9375,11.28125,1.1875],"tintindex":0,"rotation":0,"texture":"#0"},"north":{"uv":[0.6875,10.875,1.09375,11.125],"tintindex":0,"rotation":0,"texture":"#0"},"west":{"uv":[4.5,11.125,4.65625,11.375],"tintindex":0,"rotation":0,"texture":"#0"},"up":{"uv":[11.46875,7.21875,11.0625,7.0625],"tintindex":0,"rotation":0,"texture":"#0"},"down":{"uv":[11.46875,7.25,11.0625,7.40625],"tintindex":0,"rotation":0,"texture":"#0"}}},{"from":[2.6000004,-1.5313425,5.5619392],"to":[11.8,2.4986577,9.161941],"faces":{"east":{"uv":[0.9375,11.125,1.09375,11.375],"tintindex":0,"rotation":0,"texture":"#0"},"south":{"uv":[10.875,0.9375,11.28125,1.1875],"tintindex":0,"rotation":0,"texture":"#0"},"north":{"uv":[0.6875,10.875,1.09375,11.125],"tintindex":0,"rotation":0,"texture":"#0"},"west":{"uv":[4.5,11.125,4.65625,11.375],"tintindex":0,"rotation":0,"texture":"#0"},"up":{"uv":[11.46875,7.21875,11.0625,7.0625],"tintindex":0,"rotation":0,"texture":"#0"},"down":{"uv":[11.46875,7.25,11.0625,7.40625],"tintindex":0,"rotation":0,"texture":"#0"}},"rotation":{"origin":[7.2,0.48365784,7.3619404],"angle":22.5,"axis":"x"}},{"from":[10.4,2.713553,5.4677677],"to":[11.799999,7.243553,11.267767],"faces":{"east":{"uv":[10.875,0.0,11.25,0.28125],"tintindex":0,"rotation":0,"texture":"#0"},"south":{"uv":[11.1875,10.875,11.28125,11.15625],"tintindex":0,"rotation":0,"texture":"#0"},"north":{"uv":[11.1875,10.3125,11.28125,10.59375],"tintindex":0,"rotation":0,"texture":"#0"},"west":{"uv":[10.875,0.3125,11.25,0.59375],"tintindex":0,"rotation":0,"texture":"#0"},"up":{"uv":[1.71875,11.5625,1.625,11.1875],"tintindex":0,"rotation":0,"texture":"#0"},"down":{"uv":[2.84375,11.1875,2.75,11.5625],"tintindex":0,"rotation":0,"texture":"#0"}},"rotation":{"origin":[11.099999,4.978553,8.367767],"angle":45.0,"axis":"x"}},{"from":[2.5,3.8599997,4.700001],"to":[3.8999996,8.389999,10.5],"faces":{"east":{"uv":[10.8125,10.0,11.1875,10.28125],"tintindex":0,"rotation":0,"texture":"#0"},"south":{"uv":[11.1875,10.0,11.28125,10.28125],"tintindex":0,"rotation":0,"texture":"#0"},"north":{"uv":[11.1875,9.6875,11.28125,9.96875],"tintindex":0,"rotation":0,"texture":"#0"},"west":{"uv":[10.8125,10.3125,11.1875,10.59375],"tintindex":0,"rotation":0,"texture":"#0"},"up":{"uv":[10.40625,11.5,10.3125,11.125],"tintindex":0,"rotation":0,"texture":"#0"},"down":{"uv":[0.59375,11.1875,0.5,11.5625],"tintindex":0,"rotation":0,"texture":"#0"}},"rotation":{"origin":[14.5,4.6249995,6.6000004],"angle":45.0,"axis":"x"}},{"from":[10.4,-0.14000034,9.700001],"to":[12.0,7.3899994,15.5],"faces":{"east":{"uv":[10.875,3.5625,10.5,4.03125],"tintindex":0,"rotation":0,"texture":"#0"},"south":{"uv":[7.25,9.25,7.34375,9.71875],"tintindex":0,"rotation":0,"texture":"#0"},"north":{"uv":[6.125,9.0625,6.21875,9.53125],"tintindex":0,"rotation":0,"texture":"#0"},"west":{"uv":[10.4375,10.1875,10.8125,10.65625],"tintindex":0,"rotation":0,"texture":"#0"},"up":{"uv":[7.90625,9.5625,7.8125,9.1875],"tintindex":0,"rotation":0,"texture":"#0"},"down":{"uv":[0.53125,9.25,0.4375,9.625],"tintindex":0,"rotation":0,"texture":"#0"}},"rotation":{"origin":[14.5,3.6249995,12.6],"angle":22.5,"axis":"x"}},{"from":[4.0,4.252893,5.4071064],"to":[10.4,5.7828927,8.207108],"faces":{"east":{"uv":[6.9375,7.8125,7.125,7.90625],"tintindex":0,"rotation":0,"texture":"#0"},"south":{"uv":[11.1875,4.375,11.59375,4.46875],"tintindex":0,"rotation":0,"texture":"#0"},"north":{"uv":[11.1875,4.25,11.59375,4.34375],"tintindex":0,"rotation":0,"texture":"#0"},"west":{"uv":[7.9375,9.0,8.125,9.09375],"tintindex":0,"rotation":0,"texture":"#0"},"up":{"uv":[1.78125,11.1875,1.375,11.0],"tintindex":0,"rotation":0,"texture":"#0"},"down":{"uv":[2.90625,11.0,2.5,11.1875],"tintindex":0,"rotation":0,"texture":"#0"}},"rotation":{"origin":[14.35,5.7249994,6.1000004],"angle":-45.0,"axis":"x"}},{"from":[4.0,0.25289297,12.407107],"to":[10.4,1.7828932,15.207108],"faces":{"east":{"uv":[3.8125,9.125,4.0,9.21875],"tintindex":0,"rotation":0,"texture":"#0"},"south":{"uv":[11.1875,4.625,11.59375,4.71875],"tintindex":0,"rotation":0,"texture":"#0"},"north":{"uv":[11.1875,4.5,11.59375,4.59375],"tintindex":0,"rotation":0,"texture":"#0"},"west":{"uv":[9.5,6.0,9.6875,6.09375],"tintindex":0,"rotation":0,"texture":"#0"},"up":{"uv":[11.40625,2.8125,11.0,2.625],"tintindex":0,"rotation":0,"texture":"#0"},"down":{"uv":[11.40625,2.8125,11.0,3.0],"tintindex":0,"rotation":0,"texture":"#0"}},"rotation":{"origin":[14.35,1.7249994,13.1],"angle":-45.0,"axis":"x"}},{"from":[2.2999992,-0.14000034,9.700001],"to":[3.8999996,7.3899994,15.5],"faces":{"east":{"uv":[10.5,2.1875,10.875,2.65625],"tintindex":0,"rotation":0,"texture":"#0"},"south":{"uv":[8.9375,10.0,9.03125,10.46875],"tintindex":0,"rotation":0,"texture":"#0"},"north":{"uv":[9.0625,9.375,9.15625,9.84375],"tintindex":0,"rotation":0,"texture":"#0"},"west":{"uv":[10.5,3.5625,10.875,4.03125],"tintindex":0,"rotation":0,"texture":"#0"},"up":{"uv":[4.59375,9.625,4.5,9.25],"tintindex":0,"rotation":0,"texture":"#0"},"down":{"uv":[3.78125,9.3125,3.6875,9.6875],"tintindex":0,"rotation":0,"texture":"#0"}},"rotation":{"origin":[3.0999994,3.6249995,12.6],"angle":22.5,"axis":"x"}},{"from":[4.0,-2.1400003,6.700001],"to":[10.4,8.389999,14.5],"faces":{"east":{"uv":[4.125,8.5625,4.625,9.21875],"tintindex":0,"rotation":0,"texture":"#0"},"south":{"uv":[9.5,7.5625,9.90625,8.21875],"tintindex":0,"rotation":0,"texture":"#0"},"north":{"uv":[9.5,1.9375,9.90625,2.59375],"tintindex":0,"rotation":0,"texture":"#0"},"west":{"uv":[8.5625,4.1875,9.0625,4.84375],"tintindex":0,"rotation":0,"texture":"#0"},"up":{"uv":[10.84375,1.4375,10.4375,0.9375],"tintindex":0,"rotation":0,"texture":"#0"},"down":{"uv":[7.53125,10.4375,7.125,10.9375],"tintindex":0,"rotation":0,"texture":"#0"}}}],"display":{"gui":{"rotation":[30,225,0]}}}