{"textures":{"0":"modelengine:entity/centaur_axeboss_gamita"},"elements":[{"from":[5.3,4.252893,5.4071064],"to":[11.7,5.7828927,8.207108],"faces":{"east":{"uv":[7.0,6.1875,7.1875,6.28125],"tintindex":0,"rotation":0,"texture":"#0"},"south":{"uv":[3.3125,2.375,3.75,2.46875],"tintindex":0,"rotation":0,"texture":"#0"},"north":{"uv":[11.59375,4.25,11.1875,4.34375],"tintindex":0,"rotation":0,"texture":"#0"},"west":{"uv":[7.5625,6.0625,7.75,6.15625],"tintindex":0,"rotation":0,"texture":"#0"},"up":{"uv":[1.375,11.1875,1.78125,11.0],"tintindex":0,"rotation":0,"texture":"#0"},"down":{"uv":[7.875,0.5625,7.4375,0.75],"tintindex":0,"rotation":0,"texture":"#0"}},"rotation":{"origin":[1.3499999,5.7249994,6.1000004],"angle":-45.0,"axis":"x"}},{"from":[3.9,-1.5313425,5.5619392],"to":[13.1,2.4986577,9.161941],"faces":{"east":{"uv":[0.6875,10.625,0.84375,10.875],"tintindex":0,"rotation":0,"texture":"#0"},"south":{"uv":[10.8125,6.625,11.25,6.875],"tintindex":0,"rotation":0,"texture":"#0"},"north":{"uv":[0.8125,3.0625,1.25,3.3125],"tintindex":0,"rotation":0,"texture":"#0"},"west":{"uv":[2.0625,11.0625,2.21875,11.3125],"tintindex":0,"rotation":0,"texture":"#0"},"up":{"uv":[5.9375,11.21875,5.5,11.0625],"tintindex":0,"rotation":0,"texture":"#0"},"down":{"uv":[11.5,6.875,11.0625,7.03125],"tintindex":0,"rotation":0,"texture":"#0"}},"rotation":{"origin":[8.5,0.48365784,7.3619404],"angle":22.5,"axis":"x"}},{"from":[3.8999996,2.713553,5.4677677],"to":[5.2999997,7.243553,11.267767],"faces":{"east":{"uv":[10.8125,10.0,11.1875,10.28125],"tintindex":0,"rotation":0,"texture":"#0"},"south":{"uv":[11.1875,10.0,11.28125,10.28125],"tintindex":0,"rotation":0,"texture":"#0"},"north":{"uv":[11.1875,9.6875,11.28125,9.96875],"tintindex":0,"rotation":0,"texture":"#0"},"west":{"uv":[10.8125,10.3125,11.1875,10.59375],"tintindex":0,"rotation":0,"texture":"#0"},"up":{"uv":[10.40625,11.5,10.3125,11.125],"tintindex":0,"rotation":0,"texture":"#0"},"down":{"uv":[0.59375,11.1875,0.5,11.5625],"tintindex":0,"rotation":0,"texture":"#0"}},"rotation":{"origin":[4.5999994,4.978553,8.367767],"angle":45.0,"axis":"x"}},{"from":[11.7,-0.14000034,9.700001],"to":[13.3,7.3899994,15.5],"faces":{"east":{"uv":[10.875,3.5625,10.5,4.03125],"tintindex":0,"rotation":0,"texture":"#0"},"south":{"uv":[7.25,9.25,7.34375,9.71875],"tintindex":0,"rotation":0,"texture":"#0"},"north":{"uv":[6.125,9.0625,6.21875,9.53125],"tintindex":0,"rotation":0,"texture":"#0"},"west":{"uv":[10.4375,10.1875,10.8125,10.65625],"tintindex":0,"rotation":0,"texture":"#0"},"up":{"uv":[7.90625,9.5625,7.8125,9.1875],"tintindex":0,"rotation":0,"texture":"#0"},"down":{"uv":[0.53125,9.25,0.4375,9.625],"tintindex":0,"rotation":0,"texture":"#0"}},"rotation":{"origin":[15.799999,3.6249995,12.6],"angle":22.5,"axis":"x"}},{"from":[4.9,-2.3400002,4.6000004],"to":[12.1,0.6899996,8.200001],"faces":{"east":{"uv":[0.6875,10.625,0.84375,10.875],"tintindex":0,"rotation":0,"texture":"#0"},"south":{"uv":[10.8125,6.625,11.25,6.875],"tintindex":0,"rotation":0,"texture":"#0"},"north":{"uv":[0.8125,3.0625,1.25,3.3125],"tintindex":0,"rotation":0,"texture":"#0"},"west":{"uv":[2.0625,11.0625,2.21875,11.3125],"tintindex":0,"rotation":0,"texture":"#0"},"up":{"uv":[5.9375,11.21875,5.5,11.0625],"tintindex":0,"rotation":0,"texture":"#0"},"down":{"uv":[11.5,6.875,11.0625,7.03125],"tintindex":0,"rotation":0,"texture":"#0"}}},{"from":[5.1,0.25289297,12.407107],"to":[11.9,1.7828932,15.207108],"faces":{"east":{"uv":[9.75,9.1875,9.9375,9.28125],"tintindex":0,"rotation":0,"texture":"#0"},"south":{"uv":[10.875,0.625,11.3125,0.71875],"tintindex":0,"rotation":0,"texture":"#0"},"north":{"uv":[10.375,0.3125,10.8125,0.40625],"tintindex":0,"rotation":0,"texture":"#0"},"west":{"uv":[9.8125,0.4375,10.0,0.53125],"tintindex":0,"rotation":0,"texture":"#0"},"up":{"uv":[8.3125,0.75,7.875,0.5625],"tintindex":0,"rotation":0,"texture":"#0"},"down":{"uv":[4.6875,10.9375,4.25,11.125],"tintindex":0,"rotation":0,"texture":"#0"}},"rotation":{"origin":[1.3499999,1.7249994,13.1],"angle":-45.0,"axis":"x"}},{"from":[11.7,2.713553,5.4677677],"to":[13.099999,7.243553,11.267767],"faces":{"east":{"uv":[10.875,0.0,11.25,0.28125],"tintindex":0,"rotation":0,"texture":"#0"},"south":{"uv":[11.1875,10.875,11.28125,11.15625],"tintindex":0,"rotation":0,"texture":"#0"},"north":{"uv":[11.1875,10.3125,11.28125,10.59375],"tintindex":0,"rotation":0,"texture":"#0"},"west":{"uv":[10.875,0.3125,11.25,0.59375],"tintindex":0,"rotation":0,"texture":"#0"},"up":{"uv":[1.71875,11.5625,1.625,11.1875],"tintindex":0,"rotation":0,"texture":"#0"},"down":{"uv":[2.84375,11.1875,2.75,11.5625],"tintindex":0,"rotation":0,"texture":"#0"}},"rotation":{"origin":[12.4,4.978553,8.367767],"angle":45.0,"axis":"x"}},{"from":[5.4,0.25289297,12.407107],"to":[11.8,1.7828932,15.207108],"faces":{"east":{"uv":[3.8125,9.125,4.0,9.21875],"tintindex":0,"rotation":0,"texture":"#0"},"south":{"uv":[11.1875,4.625,11.59375,4.71875],"tintindex":0,"rotation":0,"texture":"#0"},"north":{"uv":[11.1875,4.5,11.59375,4.59375],"tintindex":0,"rotation":0,"texture":"#0"},"west":{"uv":[9.5,6.0,9.6875,6.09375],"tintindex":0,"rotation":0,"texture":"#0"},"up":{"uv":[11.40625,2.8125,11.0,2.625],"tintindex":0,"rotation":0,"texture":"#0"},"down":{"uv":[11.40625,2.8125,11.0,3.0],"tintindex":0,"rotation":0,"texture":"#0"}},"rotation":{"origin":[15.75,1.7249994,13.1],"angle":-45.0,"axis":"x"}},{"from":[3.6999998,-0.14000034,9.700001],"to":[5.2999997,7.3899994,15.5],"faces":{"east":{"uv":[10.5,2.1875,10.875,2.65625],"tintindex":0,"rotation":0,"texture":"#0"},"south":{"uv":[8.9375,10.0,9.03125,10.46875],"tintindex":0,"rotation":0,"texture":"#0"},"north":{"uv":[9.0625,9.375,9.15625,9.84375],"tintindex":0,"rotation":0,"texture":"#0"},"west":{"uv":[10.5,3.5625,10.875,4.03125],"tintindex":0,"rotation":0,"texture":"#0"},"up":{"uv":[4.59375,9.625,4.5,9.25],"tintindex":0,"rotation":0,"texture":"#0"},"down":{"uv":[3.78125,9.3125,3.6875,9.6875],"tintindex":0,"rotation":0,"texture":"#0"}},"rotation":{"origin":[15.9,3.6249995,12.6],"angle":22.5,"axis":"x"}},{"from":[5.3,-2.1400003,6.700001],"to":[11.7,8.389999,14.5],"faces":{"east":{"uv":[1.1875,8.5625,1.6875,9.21875],"tintindex":0,"rotation":0,"texture":"#0"},"south":{"uv":[2.8125,9.125,3.25,9.78125],"tintindex":0,"rotation":0,"texture":"#0"},"north":{"uv":[5.6875,9.0625,6.125,9.71875],"tintindex":0,"rotation":0,"texture":"#0"},"west":{"uv":[8.5625,3.5,9.0625,4.15625],"tintindex":0,"rotation":0,"texture":"#0"},"up":{"uv":[10.375,8.0625,9.9375,7.5625],"tintindex":0,"rotation":0,"texture":"#0"},"down":{"uv":[10.5,5.5,10.0625,6.0],"tintindex":0,"rotation":0,"texture":"#0"}}}],"display":{"gui":{"rotation":[30,225,0]}}}