{"textures":{"0":"modelengine:entity/centaur_axeboss_gamita"},"elements":[{"from":[5.3999996,-1.7196541,0.5060835],"to":[10.599999,9.980347,8.306084],"faces":{"east":{"uv":[1.1875,7.8125,1.6875,8.53125],"tintindex":0,"rotation":0,"texture":"#0"},"south":{"uv":[9.375,9.9375,9.6875,10.65625],"tintindex":0,"rotation":0,"texture":"#0"},"north":{"uv":[9.0625,9.9375,9.375,10.65625],"tintindex":0,"rotation":0,"texture":"#0"},"west":{"uv":[4.125,7.8125,4.625,8.53125],"tintindex":0,"rotation":0,"texture":"#0"},"up":{"uv":[3.75,2.375,3.4375,1.875],"tintindex":0,"rotation":0,"texture":"#0"},"down":{"uv":[4.75,1.25,4.4375,1.75],"tintindex":0,"rotation":0,"texture":"#0"}},"rotation":{"origin":[8.0,4.1303463,4.406084],"angle":22.5,"axis":"x"}},{"from":[4.5,1.2803464,-0.4939165],"to":[11.4,4.9803467,9.306084],"faces":{"east":{"uv":[1.3125,10.75,1.9375,10.96875],"tintindex":0,"rotation":0,"texture":"#0"},"south":{"uv":[3.8125,10.9375,4.25,11.15625],"tintindex":0,"rotation":0,"texture":"#0"},"north":{"uv":[10.875,9.4375,11.3125,9.65625],"tintindex":0,"rotation":0,"texture":"#0"},"west":{"uv":[2.625,10.75,3.25,10.96875],"tintindex":0,"rotation":0,"texture":"#0"},"up":{"uv":[9.8125,5.5,9.375,4.875],"tintindex":0,"rotation":0,"texture":"#0"},"down":{"uv":[9.0625,9.375,8.625,10.0],"tintindex":0,"rotation":0,"texture":"#0"}},"rotation":{"origin":[8.0,4.1303463,4.406084],"angle":22.5,"axis":"x"}},{"from":[5.2,-3.9368143,-4.629484],"to":[10.8,1.2631855,5.7705154],"faces":{"east":{"uv":[2.625,2.1875,3.28125,2.5],"tintindex":0,"rotation":0,"texture":"#0"},"south":{"uv":[10.875,1.1875,11.1875,1.5],"tintindex":0,"rotation":0,"texture":"#0"},"north":{"uv":[8.625,10.8125,8.9375,11.125],"tintindex":0,"rotation":0,"texture":"#0"},"west":{"uv":[10.125,8.0625,10.78125,8.375],"tintindex":0,"rotation":0,"texture":"#0"},"up":{"uv":[10.4375,9.84375,10.125,9.1875],"tintindex":0,"rotation":0,"texture":"#0"},"down":{"uv":[10.4375,9.875,10.125,10.53125],"tintindex":0,"rotation":0,"texture":"#0"}}}],"display":{"gui":{"rotation":[30,225,0]}}}