{"textures":{"0":"modelengine:entity/centaur_axeboss_gamita"},"elements":[{"from":[8.65,8.578499,13.1025],"to":[8.65,17.0285,17.6525],"faces":{"east":{"uv":[0.65625,10.625,0.375,11.15625],"tintindex":0,"rotation":0,"texture":"#0"},"west":{"uv":[10.5,6.9375,10.78125,7.46875],"tintindex":0,"rotation":0,"texture":"#0"}}},{"from":[1.8249998,6.342499,2.4425],"to":[14.175,17.457497,13.557501],"faces":{"east":{"uv":[7.9375,2.125,7.25,2.8125],"tintindex":0,"rotation":0,"texture":"#0"},"south":{"uv":[4.4375,6.1875,5.21875,6.875],"tintindex":0,"rotation":0,"texture":"#0"},"north":{"uv":[3.625,6.125,4.40625,6.8125],"tintindex":0,"rotation":0,"texture":"#0"},"west":{"uv":[7.25,2.125,7.9375,2.8125],"tintindex":0,"rotation":0,"texture":"#0"},"up":{"uv":[6.96875,5.5625,6.1875,4.875],"tintindex":0,"rotation":0,"texture":"#0"},"down":{"uv":[6.03125,6.1875,5.25,6.875],"tintindex":0,"rotation":0,"texture":"#0"}}},{"from":[-6.2876005,6.3228874,-8.477123],"to":[2.8583994,6.3228874,-0.66912365],"faces":{"up":{"uv":[7.8125,9.84375,7.375,9.1875],"tintindex":0,"rotation":270,"texture":"#0"},"down":{"uv":[7.8125,9.1875,7.375,9.84375],"tintindex":0,"rotation":90,"texture":"#0"}},"rotation":{"origin":[-1.7146006,6.3228874,-4.573123],"angle":22.5,"axis":"y"}},{"from":[-2.2484999,-0.20400238,-2.5985003],"to":[4.8595,7.4399986,5.7475004],"faces":{"east":{"uv":[10.625,3.125,10.4375,3.4375],"tintindex":0,"rotation":0,"texture":"#0"},"south":{"uv":[5.5,10.3125,5.9375,10.78125],"tintindex":0,"rotation":0,"texture":"#0"},"north":{"uv":[8.75,7.125,9.1875,7.5625],"tintindex":0,"rotation":0,"texture":"#0"},"west":{"uv":[8.3125,3.0,7.8125,3.46875],"tintindex":0,"rotation":0,"texture":"#0"},"up":{"uv":[6.0625,10.28125,5.625,9.75],"tintindex":0,"rotation":0,"texture":"#0"},"down":{"uv":[7.6875,9.875,7.25,10.40625],"tintindex":0,"rotation":0,"texture":"#0"}},"rotation":{"origin":[2.1055002,3.6179981,1.5745001],"angle":22.5,"axis":"x"}},{"from":[12.7135,6.3228874,-9.280548],"to":[21.8595,6.3228874,-1.4725504],"faces":{"up":{"uv":[7.8125,9.1875,7.375,9.84375],"tintindex":0,"rotation":270,"texture":"#0"},"down":{"uv":[7.8125,9.1875,7.375,9.84375],"tintindex":0,"rotation":90,"texture":"#0"}},"rotation":{"origin":[15.2865,6.3228874,-4.8765497],"angle":-22.5,"axis":"y"}},{"from":[0.7515001,4.595999,-0.49849987],"to":[14.8595,10.439999,13.4475],"faces":{"east":{"uv":[8.625,7.625,9.5,8.0],"tintindex":0,"rotation":0,"texture":"#0"},"south":{"uv":[8.625,8.0,9.5,8.375],"tintindex":0,"rotation":0,"texture":"#0"},"north":{"uv":[9.09375,3.4375,9.6875,3.8125],"tintindex":0,"rotation":0,"texture":"#0"},"west":{"uv":[8.6875,8.375,9.5625,8.75],"tintindex":0,"rotation":0,"texture":"#0"},"up":{"uv":[8.3125,3.4375,7.84375,3.1875],"tintindex":0,"rotation":0,"texture":"#0"},"down":{"uv":[5.6875,2.0625,4.8125,2.9375],"tintindex":0,"rotation":0,"texture":"#0"}}},{"from":[10.7515,-0.20400238,-2.5985003],"to":[17.8595,7.4399986,5.7475004],"faces":{"east":{"uv":[7.78125,3.0,8.3125,3.46875],"tintindex":0,"rotation":0,"texture":"#0"},"south":{"uv":[0.875,10.375,1.3125,10.84375],"tintindex":0,"rotation":0,"texture":"#0"},"north":{"uv":[9.1875,7.125,8.75,7.5625],"tintindex":0,"rotation":0,"texture":"#0"},"west":{"uv":[10.46875,3.09375,10.65625,3.375],"tintindex":0,"rotation":0,"texture":"#0"},"up":{"uv":[10.125,10.40625,9.6875,9.875],"tintindex":0,"rotation":0,"texture":"#0"},"down":{"uv":[7.25,9.875,7.6875,10.40625],"tintindex":0,"rotation":0,"texture":"#0"}},"rotation":{"origin":[2.1055002,3.6179981,1.5745001],"angle":22.5,"axis":"x"}},{"from":[7.2200003,8.578499,13.1025],"to":[7.2200003,17.0285,17.6525],"faces":{"east":{"uv":[10.125,10.5625,10.40625,11.09375],"tintindex":0,"rotation":0,"texture":"#0"},"west":{"uv":[0.375,10.625,0.65625,11.15625],"tintindex":0,"rotation":0,"texture":"#0"}}},{"from":[-7.2876005,2.3228874,-10.477123],"to":[3.8583994,2.3228874,1.3308764],"faces":{"up":{"uv":[7.8125,9.84375,7.375,9.1875],"tintindex":0,"rotation":270,"texture":"#0"},"down":{"uv":[7.8125,9.1875,7.375,9.84375],"tintindex":0,"rotation":90,"texture":"#0"}},"rotation":{"origin":[-1.7146006,2.3228874,-2.573123],"angle":22.5,"axis":"y"}},{"from":[11.7135,2.3228874,-11.280552],"to":[22.8595,2.3228874,0.5274496],"faces":{"up":{"uv":[7.8125,9.1875,7.375,9.84375],"tintindex":0,"rotation":270,"texture":"#0"},"down":{"uv":[7.8125,9.1875,7.375,9.84375],"tintindex":0,"rotation":90,"texture":"#0"}},"rotation":{"origin":[15.2865,2.3228874,-2.8765497],"angle":-22.5,"axis":"y"}}],"display":{"gui":{"rotation":[30,225,0]}}}