{"textures":{"0":"modelengine:entity/pa_rhinoceros"},"elements":[{"from":[3.0,13.0,12.0],"to":[12.0,23.0,22.5],"faces":{"east":{"uv":[0.0,8.125,2.625,10.625],"tintindex":0,"rotation":0,"texture":"#0"},"south":{"uv":[7.5,8.125,9.75,10.625],"tintindex":0,"rotation":0,"texture":"#0"},"north":{"uv":[2.625,8.125,4.875,10.625],"tintindex":0,"rotation":0,"texture":"#0"},"west":{"uv":[4.875,8.125,7.5,10.625],"tintindex":0,"rotation":0,"texture":"#0"},"up":{"uv":[4.875,8.125,2.625,5.5],"tintindex":0,"rotation":0,"texture":"#0"},"down":{"uv":[7.125,5.5,4.875,8.125],"tintindex":0,"rotation":0,"texture":"#0"}}},{"from":[9.5,8.0,2.0],"to":[13.0,13.0,5.5],"faces":{"east":{"uv":[9.875,8.25,10.75,9.5],"tintindex":0,"rotation":0,"texture":"#0"},"south":{"uv":[12.5,8.25,13.375,9.5],"tintindex":0,"rotation":0,"texture":"#0"},"north":{"uv":[10.75,8.25,11.625,9.5],"tintindex":0,"rotation":0,"texture":"#0"},"west":{"uv":[11.625,8.25,12.5,9.5],"tintindex":0,"rotation":0,"texture":"#0"},"up":{"uv":[11.625,8.25,10.75,7.375],"tintindex":0,"rotation":0,"texture":"#0"},"down":{"uv":[12.5,7.375,11.625,8.25],"tintindex":0,"rotation":0,"texture":"#0"}}},{"from":[2.0,13.0,2.0],"to":[13.0,24.5,12.0],"faces":{"east":{"uv":[0.0,2.5,2.5,5.375],"tintindex":0,"rotation":0,"texture":"#0"},"south":{"uv":[7.75,2.5,10.5,5.375],"tintindex":0,"rotation":0,"texture":"#0"},"north":{"uv":[2.5,2.5,5.25,5.375],"tintindex":0,"rotation":0,"texture":"#0"},"west":{"uv":[5.25,2.5,7.75,5.375],"tintindex":0,"rotation":0,"texture":"#0"},"up":{"uv":[5.25,2.5,2.5,0.0],"tintindex":0,"rotation":0,"texture":"#0"},"down":{"uv":[8.0,0.0,5.25,2.5],"tintindex":0,"rotation":0,"texture":"#0"}}},{"from":[3.0,8.0,18.0],"to":[7.0,13.5,22.5],"faces":{"east":{"uv":[8.75,10.75,9.875,12.125],"tintindex":0,"rotation":0,"texture":"#0"},"south":{"uv":[12.0,10.75,13.0,12.125],"tintindex":0,"rotation":0,"texture":"#0"},"north":{"uv":[9.875,10.75,10.875,12.125],"tintindex":0,"rotation":0,"texture":"#0"},"west":{"uv":[10.875,10.75,12.0,12.125],"tintindex":0,"rotation":0,"texture":"#0"},"up":{"uv":[10.875,10.75,9.875,9.625],"tintindex":0,"rotation":0,"texture":"#0"},"down":{"uv":[11.875,9.625,10.875,10.75],"tintindex":0,"rotation":0,"texture":"#0"}}},{"from":[2.0,8.0,2.0],"to":[5.5,13.0,5.5],"faces":{"east":{"uv":[9.875,8.25,10.75,9.5],"tintindex":0,"rotation":0,"texture":"#0"},"south":{"uv":[12.5,8.25,13.375,9.5],"tintindex":0,"rotation":0,"texture":"#0"},"north":{"uv":[10.75,8.25,11.625,9.5],"tintindex":0,"rotation":0,"texture":"#0"},"west":{"uv":[11.625,8.25,12.5,9.5],"tintindex":0,"rotation":0,"texture":"#0"},"up":{"uv":[11.625,8.25,10.75,7.375],"tintindex":0,"rotation":0,"texture":"#0"},"down":{"uv":[12.5,7.375,11.625,8.25],"tintindex":0,"rotation":0,"texture":"#0"}}},{"from":[8.0,8.0,18.0],"to":[12.0,13.5,22.5],"faces":{"east":{"uv":[8.75,10.75,9.875,12.125],"tintindex":0,"rotation":0,"texture":"#0"},"south":{"uv":[12.0,10.75,13.0,12.125],"tintindex":0,"rotation":0,"texture":"#0"},"north":{"uv":[9.875,10.75,10.875,12.125],"tintindex":0,"rotation":0,"texture":"#0"},"west":{"uv":[10.875,10.75,12.0,12.125],"tintindex":0,"rotation":0,"texture":"#0"},"up":{"uv":[10.875,10.75,9.875,9.625],"tintindex":0,"rotation":0,"texture":"#0"},"down":{"uv":[11.875,9.625,10.875,10.75],"tintindex":0,"rotation":0,"texture":"#0"}}}]}