{"textures":{"0":"modelengine:entity/pa_rhinoceros"},"elements":[{"from":[6.5,17.5,-5.0],"to":[8.5,19.5,-3.0],"faces":{"east":{"uv":[0.0,6.0,0.5,6.5],"tintindex":0,"rotation":0,"texture":"#0"},"south":{"uv":[1.5,6.0,2.0,6.5],"tintindex":0,"rotation":0,"texture":"#0"},"north":{"uv":[0.5,6.0,1.0,6.5],"tintindex":0,"rotation":0,"texture":"#0"},"west":{"uv":[1.0,6.0,1.5,6.5],"tintindex":0,"rotation":0,"texture":"#0"},"up":{"uv":[1.0,6.0,0.5,5.5],"tintindex":0,"rotation":0,"texture":"#0"},"down":{"uv":[1.5,5.5,1.0,6.0],"tintindex":0,"rotation":0,"texture":"#0"}}}]}