{"textures":{"0":"modelengine:entity/pa_rhinoceros"},"elements":[{"from":[1.0,-5.0,3.0],"to":[13.0,9.0,12.0],"faces":{"east":{"uv":[9.5,5.5,10.625,7.25],"tintindex":0,"rotation":0,"texture":"#0"},"south":{"uv":[13.25,5.5,14.75,7.25],"tintindex":0,"rotation":0,"texture":"#0"},"north":{"uv":[10.625,5.5,12.125,7.25],"tintindex":0,"rotation":0,"texture":"#0"},"west":{"uv":[12.125,5.5,13.25,7.25],"tintindex":0,"rotation":0,"texture":"#0"},"up":{"uv":[12.125,5.5,10.625,4.375],"tintindex":0,"rotation":0,"texture":"#0"},"down":{"uv":[13.625,4.375,12.125,5.5],"tintindex":0,"rotation":0,"texture":"#0"}}},{"from":[13.0,6.0,8.0],"to":[16.0,12.0,9.0],"faces":{"east":{"uv":[0.0,6.75,0.125,7.5],"tintindex":0,"rotation":0,"texture":"#0"},"south":{"uv":[0.625,6.75,1.0,7.5],"tintindex":0,"rotation":0,"texture":"#0"},"north":{"uv":[0.125,6.75,0.5,7.5],"tintindex":0,"rotation":0,"texture":"#0"},"west":{"uv":[0.5,6.75,0.625,7.5],"tintindex":0,"rotation":0,"texture":"#0"},"up":{"uv":[0.5,6.75,0.125,6.625],"tintindex":0,"rotation":0,"texture":"#0"},"down":{"uv":[0.875,6.625,0.5,6.75],"tintindex":0,"rotation":0,"texture":"#0"}},"rotation":{"origin":[14.0,9.0,24.0],"angle":-45.0,"axis":"z"}},{"from":[3.0,-5.0,-7.0],"to":[11.0,3.0,3.0],"faces":{"east":{"uv":[8.125,1.25,9.375,2.25],"tintindex":0,"rotation":0,"texture":"#0"},"south":{"uv":[11.625,1.25,12.625,2.25],"tintindex":0,"rotation":0,"texture":"#0"},"north":{"uv":[9.375,1.25,10.375,2.25],"tintindex":0,"rotation":0,"texture":"#0"},"west":{"uv":[10.375,1.25,11.625,2.25],"tintindex":0,"rotation":0,"texture":"#0"},"up":{"uv":[10.375,1.25,9.375,0.0],"tintindex":0,"rotation":0,"texture":"#0"},"down":{"uv":[11.375,0.0,10.375,1.25],"tintindex":0,"rotation":0,"texture":"#0"}}},{"from":[-2.0,6.0,8.0],"to":[1.0,12.0,9.0],"faces":{"east":{"uv":[0.0,6.75,0.125,7.5],"tintindex":0,"rotation":0,"texture":"#0"},"south":{"uv":[0.625,6.75,1.0,7.5],"tintindex":0,"rotation":0,"texture":"#0"},"north":{"uv":[0.125,6.75,0.5,7.5],"tintindex":0,"rotation":0,"texture":"#0"},"west":{"uv":[0.5,6.75,0.625,7.5],"tintindex":0,"rotation":0,"texture":"#0"},"up":{"uv":[0.5,6.75,0.125,6.625],"tintindex":0,"rotation":0,"texture":"#0"},"down":{"uv":[0.875,6.625,0.5,6.75],"tintindex":0,"rotation":0,"texture":"#0"}},"rotation":{"origin":[0.0,9.0,24.0],"angle":45.0,"axis":"z"}}]}