{"textures":{"0":"modelengine:entity/wolf_orcs_gamitamodels"},"elements":[{"from":[3.941434,-0.8528786,-0.13946915],"to":[8.441434,2.147122,6.610531],"faces":{"east":{"uv":[2.0,7.5,2.375,7.6875],"tintindex":0,"rotation":0,"texture":"#0"},"south":{"uv":[3.0,7.5,3.25,7.6875],"tintindex":0,"rotation":0,"texture":"#0"},"north":{"uv":[2.375,7.5,2.625,7.6875],"tintindex":0,"rotation":0,"texture":"#0"},"west":{"uv":[2.625,7.5,3.0,7.6875],"tintindex":0,"rotation":0,"texture":"#0"},"up":{"uv":[2.625,7.5,2.375,7.125],"tintindex":0,"rotation":0,"texture":"#0"},"down":{"uv":[2.875,7.125,2.625,7.5],"tintindex":0,"rotation":0,"texture":"#0"}}},{"from":[3.2471228,0.76324034,-0.29973602],"to":[9.497123,8.263241,7.200264],"faces":{"east":{"uv":[1.1875,6.125,1.625,6.5625],"tintindex":0,"rotation":0,"texture":"#0"},"south":{"uv":[2.4375,6.125,2.8125,6.5625],"tintindex":0,"rotation":0,"texture":"#0"},"north":{"uv":[1.625,6.125,2.0,6.5625],"tintindex":0,"rotation":0,"texture":"#0"},"west":{"uv":[2.0,6.125,2.4375,6.5625],"tintindex":0,"rotation":0,"texture":"#0"},"up":{"uv":[2.0,6.125,1.625,5.6875],"tintindex":0,"rotation":0,"texture":"#0"},"down":{"uv":[2.375,5.6875,2.0,6.125],"tintindex":0,"rotation":0,"texture":"#0"}}}],"display":{"gui":{"rotation":[30,225,0]}}}