{"textures":{"0":"modelengine:entity/wolf_orcs_gamitamodels"},"elements":[{"from":[5.375,5.025,-4.75],"to":[8.875,7.525,3.25],"faces":{"east":{"uv":[3.3125,7.125,3.8125,7.25],"tintindex":0,"rotation":0,"texture":"#0"},"south":{"uv":[4.5,7.125,4.6875,7.25],"tintindex":0,"rotation":0,"texture":"#0"},"north":{"uv":[3.8125,7.125,4.0,7.25],"tintindex":0,"rotation":0,"texture":"#0"},"west":{"uv":[4.0,7.125,4.5,7.25],"tintindex":0,"rotation":0,"texture":"#0"},"up":{"uv":[4.0,7.125,3.8125,6.625],"tintindex":0,"rotation":0,"texture":"#0"},"down":{"uv":[4.1875,6.625,4.0,7.125],"tintindex":0,"rotation":0,"texture":"#0"}}},{"from":[4.497123,5.0327578,-2.1914902],"to":[10.747123,8.782758,7.80851],"faces":{"east":{"uv":[3.0,5.6875,3.625,5.875],"tintindex":0,"rotation":0,"texture":"#0"},"south":{"uv":[4.625,5.6875,5.0,5.875],"tintindex":0,"rotation":0,"texture":"#0"},"north":{"uv":[3.625,5.6875,4.0,5.875],"tintindex":0,"rotation":0,"texture":"#0"},"west":{"uv":[4.0,5.6875,4.625,5.875],"tintindex":0,"rotation":0,"texture":"#0"},"up":{"uv":[4.0,5.6875,3.625,5.0625],"tintindex":0,"rotation":0,"texture":"#0"},"down":{"uv":[4.375,5.0625,4.0,5.6875],"tintindex":0,"rotation":0,"texture":"#0"}}},{"from":[8.875,5.025,-5.5],"to":[12.875,7.525,2.5],"faces":{"east":{"uv":[5.6875,6.625,6.1875,6.75],"tintindex":0,"rotation":0,"texture":"#0"},"south":{"uv":[6.9375,6.625,7.1875,6.75],"tintindex":0,"rotation":0,"texture":"#0"},"north":{"uv":[6.1875,6.625,6.4375,6.75],"tintindex":0,"rotation":0,"texture":"#0"},"west":{"uv":[6.4375,6.625,6.9375,6.75],"tintindex":0,"rotation":0,"texture":"#0"},"up":{"uv":[6.4375,6.625,6.1875,6.125],"tintindex":0,"rotation":0,"texture":"#0"},"down":{"uv":[6.6875,6.125,6.4375,6.625],"tintindex":0,"rotation":0,"texture":"#0"}},"rotation":{"origin":[7.25,6.275,-3.625],"angle":-22.5,"axis":"y"}},{"from":[5.767263,4.9784513,6.148941],"to":[9.267262,7.4784513,10.398941],"faces":{"east":{"uv":[3.4375,2.5,3.6875,2.625],"tintindex":0,"rotation":0,"texture":"#0"},"south":{"uv":[4.125,2.5,4.3125,2.625],"tintindex":0,"rotation":0,"texture":"#0"},"north":{"uv":[3.6875,2.5,3.875,2.625],"tintindex":0,"rotation":0,"texture":"#0"},"west":{"uv":[3.875,2.5,4.125,2.625],"tintindex":0,"rotation":0,"texture":"#0"},"up":{"uv":[3.875,2.5,3.6875,2.25],"tintindex":0,"rotation":0,"texture":"#0"},"down":{"uv":[4.0625,2.25,3.875,2.5],"tintindex":0,"rotation":0,"texture":"#0"}}},{"from":[1.375,5.025,-5.5],"to":[5.375,7.525,2.5],"faces":{"east":{"uv":[6.25,0.5,6.75,0.625],"tintindex":0,"rotation":0,"texture":"#0"},"south":{"uv":[7.5,0.5,7.75,0.625],"tintindex":0,"rotation":0,"texture":"#0"},"north":{"uv":[6.75,0.5,7.0,0.625],"tintindex":0,"rotation":0,"texture":"#0"},"west":{"uv":[7.0,0.5,7.5,0.625],"tintindex":0,"rotation":0,"texture":"#0"},"up":{"uv":[7.0,0.5,6.75,0.0],"tintindex":0,"rotation":0,"texture":"#0"},"down":{"uv":[7.25,0.0,7.0,0.5],"tintindex":0,"rotation":0,"texture":"#0"}},"rotation":{"origin":[7.25,6.275,-3.625],"angle":22.5,"axis":"y"}}],"display":{"gui":{"rotation":[30,225,0]}}}