{"textures":{"0":"modelengine:entity/wolf_orcs_gamitamodels"},"elements":[{"from":[4.01339,-1.9525452,1.6246266],"to":[9.38839,5.5474544,6.624626],"faces":{"east":{"uv":[6.0625,7.0625,6.375,7.5],"tintindex":0,"rotation":0,"texture":"#0"},"south":{"uv":[7.0,7.0625,7.3125,7.5],"tintindex":0,"rotation":0,"texture":"#0"},"north":{"uv":[6.375,7.0625,6.6875,7.5],"tintindex":0,"rotation":0,"texture":"#0"},"west":{"uv":[6.6875,7.0625,7.0,7.5],"tintindex":0,"rotation":0,"texture":"#0"},"up":{"uv":[6.6875,7.0625,6.375,6.75],"tintindex":0,"rotation":0,"texture":"#0"},"down":{"uv":[7.0,6.75,6.6875,7.0625],"tintindex":0,"rotation":0,"texture":"#0"}}},{"from":[3.63839,0.3966856,0.7695761],"to":[9.88839,7.896686,8.269576],"faces":{"east":{"uv":[5.875,2.375,6.3125,2.8125],"tintindex":0,"rotation":0,"texture":"#0"},"south":{"uv":[7.125,2.375,7.5,2.8125],"tintindex":0,"rotation":0,"texture":"#0"},"north":{"uv":[6.3125,2.375,6.6875,2.8125],"tintindex":0,"rotation":0,"texture":"#0"},"west":{"uv":[6.6875,2.375,7.125,2.8125],"tintindex":0,"rotation":0,"texture":"#0"},"up":{"uv":[6.6875,2.375,6.3125,1.9375],"tintindex":0,"rotation":0,"texture":"#0"},"down":{"uv":[7.0625,1.9375,6.6875,2.375],"tintindex":0,"rotation":0,"texture":"#0"}}}],"display":{"gui":{"rotation":[30,225,0]}}}