{"textures":{"0":"modelengine:entity/wolf_orcs_gamitamodels"},"elements":[{"from":[7.308566,-0.8220587,-0.1442833],"to":[11.808566,2.1779413,6.6057167],"faces":{"east":{"uv":[7.0625,1.9375,7.4375,2.125],"tintindex":0,"rotation":0,"texture":"#0"},"south":{"uv":[8.0625,1.9375,8.3125,2.125],"tintindex":0,"rotation":0,"texture":"#0"},"north":{"uv":[7.4375,1.9375,7.6875,2.125],"tintindex":0,"rotation":0,"texture":"#0"},"west":{"uv":[7.6875,1.9375,8.0625,2.125],"tintindex":0,"rotation":0,"texture":"#0"},"up":{"uv":[7.6875,1.9375,7.4375,1.5625],"tintindex":0,"rotation":0,"texture":"#0"},"down":{"uv":[7.9375,1.5625,7.6875,1.9375],"tintindex":0,"rotation":0,"texture":"#0"}}},{"from":[6.502877,0.7940593,-0.30454922],"to":[12.752877,8.29406,7.19545],"faces":{"east":{"uv":[5.5,3.5,5.9375,3.9375],"tintindex":0,"rotation":0,"texture":"#0"},"south":{"uv":[6.75,3.5,7.125,3.9375],"tintindex":0,"rotation":0,"texture":"#0"},"north":{"uv":[5.9375,3.5,6.3125,3.9375],"tintindex":0,"rotation":0,"texture":"#0"},"west":{"uv":[6.3125,3.5,6.75,3.9375],"tintindex":0,"rotation":0,"texture":"#0"},"up":{"uv":[6.3125,3.5,5.9375,3.0625],"tintindex":0,"rotation":0,"texture":"#0"},"down":{"uv":[6.6875,3.0625,6.3125,3.5],"tintindex":0,"rotation":0,"texture":"#0"}}}],"display":{"gui":{"rotation":[30,225,0]}}}