{"textures":{"0":"modelengine:entity/wolf_orcs_gamitamodels"},"elements":[{"from":[4.75,7.8999996,1.75],"to":[6.25,9.15,7.0],"faces":{"east":{"uv":[3.8125,0.3125,4.125,0.375],"tintindex":0,"rotation":0,"texture":"#0"},"south":{"uv":[4.5,0.3125,4.5625,0.375],"tintindex":0,"rotation":0,"texture":"#0"},"north":{"uv":[4.125,0.3125,4.1875,0.375],"tintindex":0,"rotation":0,"texture":"#0"},"west":{"uv":[4.1875,0.3125,4.5,0.375],"tintindex":0,"rotation":0,"texture":"#0"},"up":{"uv":[4.1875,0.3125,4.125,0.0],"tintindex":0,"rotation":0,"texture":"#0"},"down":{"uv":[4.25,0.0,4.1875,0.3125],"tintindex":0,"rotation":0,"texture":"#0"}}},{"from":[4.75,7.8999996,3.25],"to":[6.25,9.15,3.5],"faces":{"south":{"uv":[0.0625,0.125,0.125,0.1875],"tintindex":0,"rotation":0,"texture":"#0"},"north":{"uv":[0.0,0.125,0.0625,0.1875],"tintindex":0,"rotation":0,"texture":"#0"}}},{"from":[9.375,7.1499996,-1.0],"to":[11.5,9.65,2.0],"faces":{"east":{"uv":[3.9375,4.0,4.125,4.125],"tintindex":0,"rotation":0,"texture":"#0"},"south":{"uv":[4.4375,4.0,4.5625,4.125],"tintindex":0,"rotation":0,"texture":"#0"},"north":{"uv":[4.125,4.0,4.25,4.125],"tintindex":0,"rotation":0,"texture":"#0"},"west":{"uv":[4.25,4.0,4.4375,4.125],"tintindex":0,"rotation":0,"texture":"#0"},"up":{"uv":[4.25,4.0,4.125,3.8125],"tintindex":0,"rotation":0,"texture":"#0"},"down":{"uv":[4.375,3.8125,4.25,4.0],"tintindex":0,"rotation":0,"texture":"#0"}},"rotation":{"origin":[7.9375,8.775,1.25],"angle":22.5,"axis":"x"}},{"from":[4.0,5.3999996,-1.625],"to":[12.0,8.4,8.5],"faces":{"east":{"uv":[2.1875,0.625,2.8125,0.8125],"tintindex":0,"rotation":0,"texture":"#0"},"south":{"uv":[3.9375,0.625,4.4375,0.8125],"tintindex":0,"rotation":0,"texture":"#0"},"north":{"uv":[2.8125,0.625,3.3125,0.8125],"tintindex":0,"rotation":0,"texture":"#0"},"west":{"uv":[3.3125,0.625,3.9375,0.8125],"tintindex":0,"rotation":0,"texture":"#0"},"up":{"uv":[3.3125,0.625,2.8125,0.0],"tintindex":0,"rotation":0,"texture":"#0"},"down":{"uv":[3.8125,0.0,3.3125,0.625],"tintindex":0,"rotation":0,"texture":"#0"}}},{"from":[9.75,7.8999996,1.75],"to":[11.25,9.15,7.0],"faces":{"east":{"uv":[3.5,4.125,3.8125,4.1875],"tintindex":0,"rotation":0,"texture":"#0"},"south":{"uv":[4.1875,4.125,4.25,4.1875],"tintindex":0,"rotation":0,"texture":"#0"},"north":{"uv":[3.8125,4.125,3.875,4.1875],"tintindex":0,"rotation":0,"texture":"#0"},"west":{"uv":[3.875,4.125,4.1875,4.1875],"tintindex":0,"rotation":0,"texture":"#0"},"up":{"uv":[3.875,4.125,3.8125,3.8125],"tintindex":0,"rotation":0,"texture":"#0"},"down":{"uv":[3.9375,3.8125,3.875,4.125],"tintindex":0,"rotation":0,"texture":"#0"}}},{"from":[6.25,7.8999996,-0.625],"to":[9.75,9.15,0.875],"faces":{"east":{"uv":[0.0,0.0625,0.0625,0.125],"tintindex":0,"rotation":0,"texture":"#0"},"south":{"uv":[0.3125,0.0625,0.5,0.125],"tintindex":0,"rotation":0,"texture":"#0"},"north":{"uv":[0.0625,0.0625,0.25,0.125],"tintindex":0,"rotation":0,"texture":"#0"},"west":{"uv":[0.25,0.0625,0.3125,0.125],"tintindex":0,"rotation":0,"texture":"#0"},"up":{"uv":[0.25,0.0625,0.0625,0.0],"tintindex":0,"rotation":0,"texture":"#0"},"down":{"uv":[0.4375,0.0,0.25,0.0625],"tintindex":0,"rotation":0,"texture":"#0"}}},{"from":[4.375,7.1499996,-1.0],"to":[6.5,9.65,2.0],"faces":{"east":{"uv":[2.0625,4.0,2.25,4.125],"tintindex":0,"rotation":0,"texture":"#0"},"south":{"uv":[2.5625,4.0,2.6875,4.125],"tintindex":0,"rotation":0,"texture":"#0"},"north":{"uv":[2.25,4.0,2.375,4.125],"tintindex":0,"rotation":0,"texture":"#0"},"west":{"uv":[2.375,4.0,2.5625,4.125],"tintindex":0,"rotation":0,"texture":"#0"},"up":{"uv":[2.375,4.0,2.25,3.8125],"tintindex":0,"rotation":0,"texture":"#0"},"down":{"uv":[2.5,3.8125,2.375,4.0],"tintindex":0,"rotation":0,"texture":"#0"}},"rotation":{"origin":[7.9375,8.775,1.25],"angle":22.5,"axis":"x"}}],"display":{"gui":{"rotation":[30,225,0]}}}