{"textures":{"0":"modelengine:entity/wolf_orcs_gamitamodels"},"elements":[{"from":[9.15917,4.6664486,0.06931877],"to":[13.15917,7.1664486,8.069319],"faces":{"east":{"uv":[2.3125,7.0,2.8125,7.125],"tintindex":0,"rotation":0,"texture":"#0"},"south":{"uv":[3.5625,7.0,3.8125,7.125],"tintindex":0,"rotation":0,"texture":"#0"},"north":{"uv":[2.8125,7.0,3.0625,7.125],"tintindex":0,"rotation":0,"texture":"#0"},"west":{"uv":[3.0625,7.0,3.5625,7.125],"tintindex":0,"rotation":0,"texture":"#0"},"up":{"uv":[3.0625,7.0,2.8125,6.5],"tintindex":0,"rotation":0,"texture":"#0"},"down":{"uv":[3.3125,6.5,3.0625,7.0],"tintindex":0,"rotation":0,"texture":"#0"}},"rotation":{"origin":[7.5341697,5.9164486,1.9443188],"angle":-22.5,"axis":"y"}},{"from":[1.6591697,4.6664486,0.06931877],"to":[5.6591697,7.1664486,8.069319],"faces":{"east":{"uv":[6.375,5.75,6.875,5.875],"tintindex":0,"rotation":0,"texture":"#0"},"south":{"uv":[7.625,5.75,7.875,5.875],"tintindex":0,"rotation":0,"texture":"#0"},"north":{"uv":[6.875,5.75,7.125,5.875],"tintindex":0,"rotation":0,"texture":"#0"},"west":{"uv":[7.125,5.75,7.625,5.875],"tintindex":0,"rotation":0,"texture":"#0"},"up":{"uv":[7.125,5.75,6.875,5.25],"tintindex":0,"rotation":0,"texture":"#0"},"down":{"uv":[7.375,5.25,7.125,5.75],"tintindex":0,"rotation":0,"texture":"#0"}},"rotation":{"origin":[7.5341697,5.9164486,1.9443188],"angle":22.5,"axis":"y"}},{"from":[3.7841697,4.6664486,3.3193188],"to":[11.28417,8.416449,12.069319],"faces":{"east":{"uv":[5.375,1.75,5.875,1.9375],"tintindex":0,"rotation":0,"texture":"#0"},"south":{"uv":[6.8125,1.75,7.25,1.9375],"tintindex":0,"rotation":0,"texture":"#0"},"north":{"uv":[5.875,1.75,6.3125,1.9375],"tintindex":0,"rotation":0,"texture":"#0"},"west":{"uv":[6.3125,1.75,6.8125,1.9375],"tintindex":0,"rotation":0,"texture":"#0"},"up":{"uv":[6.3125,1.75,5.875,1.25],"tintindex":0,"rotation":0,"texture":"#0"},"down":{"uv":[6.75,1.25,6.3125,1.75],"tintindex":0,"rotation":0,"texture":"#0"}}},{"from":[5.9091697,4.6664486,0.8193188],"to":[9.40917,7.1664486,8.819319],"faces":{"east":{"uv":[6.6875,3.3125,7.1875,3.4375],"tintindex":0,"rotation":0,"texture":"#0"},"south":{"uv":[7.875,3.3125,8.0625,3.4375],"tintindex":0,"rotation":0,"texture":"#0"},"north":{"uv":[7.1875,3.3125,7.375,3.4375],"tintindex":0,"rotation":0,"texture":"#0"},"west":{"uv":[7.375,3.3125,7.875,3.4375],"tintindex":0,"rotation":0,"texture":"#0"},"up":{"uv":[7.375,3.3125,7.1875,2.8125],"tintindex":0,"rotation":0,"texture":"#0"},"down":{"uv":[7.5625,2.8125,7.375,3.3125],"tintindex":0,"rotation":0,"texture":"#0"}}}],"display":{"gui":{"rotation":[30,225,0]}}}