{"textures":{"0":"modelengine:entity/wolf_orcs_gamitamodels"},"elements":[{"from":[5.5,5.3999996,8.0],"to":[10.5,10.9,20.0],"faces":{"east":{"uv":[2.125,4.5625,2.875,4.875],"tintindex":0,"rotation":0,"texture":"#0"},"south":{"uv":[3.9375,4.5625,4.25,4.875],"tintindex":0,"rotation":0,"texture":"#0"},"north":{"uv":[2.875,4.5625,3.1875,4.875],"tintindex":0,"rotation":0,"texture":"#0"},"west":{"uv":[3.1875,4.5625,3.9375,4.875],"tintindex":0,"rotation":0,"texture":"#0"},"up":{"uv":[3.1875,4.5625,2.875,3.8125],"tintindex":0,"rotation":0,"texture":"#0"},"down":{"uv":[3.5,3.8125,3.1875,4.5625],"tintindex":0,"rotation":0,"texture":"#0"}}}],"display":{"gui":{"rotation":[30,225,0]}}}