{"textures":{"0":"modelengine:entity/wolf_orcs_gamitamodels"},"elements":[{"from":[2.919732,3.9114876,1.046299],"to":[6.919732,6.4114876,9.046299],"faces":{"east":{"uv":[6.375,5.0,6.875,5.125],"tintindex":0,"rotation":0,"texture":"#0"},"south":{"uv":[7.625,5.0,7.875,5.125],"tintindex":0,"rotation":0,"texture":"#0"},"north":{"uv":[6.875,5.0,7.125,5.125],"tintindex":0,"rotation":0,"texture":"#0"},"west":{"uv":[7.125,5.0,7.625,5.125],"tintindex":0,"rotation":0,"texture":"#0"},"up":{"uv":[7.125,5.0,6.875,4.5],"tintindex":0,"rotation":0,"texture":"#0"},"down":{"uv":[7.375,4.5,7.125,5.0],"tintindex":0,"rotation":0,"texture":"#0"}},"rotation":{"origin":[8.794733,5.1614876,2.921299],"angle":22.5,"axis":"y"}},{"from":[10.419733,3.9114876,1.046299],"to":[14.419732,6.4114876,9.046299],"faces":{"east":{"uv":[6.25,1.125,6.75,1.25],"tintindex":0,"rotation":0,"texture":"#0"},"south":{"uv":[7.5,1.125,7.75,1.25],"tintindex":0,"rotation":0,"texture":"#0"},"north":{"uv":[6.75,1.125,7.0,1.25],"tintindex":0,"rotation":0,"texture":"#0"},"west":{"uv":[7.0,1.125,7.5,1.25],"tintindex":0,"rotation":0,"texture":"#0"},"up":{"uv":[7.0,1.125,6.75,0.625],"tintindex":0,"rotation":0,"texture":"#0"},"down":{"uv":[7.25,0.625,7.0,1.125],"tintindex":0,"rotation":0,"texture":"#0"}},"rotation":{"origin":[8.794733,5.1614876,2.921299],"angle":-22.5,"axis":"y"}},{"from":[7.1697326,3.9114876,1.796299],"to":[10.669733,6.4114876,9.796299],"faces":{"east":{"uv":[4.6875,7.125,5.1875,7.25],"tintindex":0,"rotation":0,"texture":"#0"},"south":{"uv":[5.875,7.125,6.0625,7.25],"tintindex":0,"rotation":0,"texture":"#0"},"north":{"uv":[5.1875,7.125,5.375,7.25],"tintindex":0,"rotation":0,"texture":"#0"},"west":{"uv":[5.375,7.125,5.875,7.25],"tintindex":0,"rotation":0,"texture":"#0"},"up":{"uv":[5.375,7.125,5.1875,6.625],"tintindex":0,"rotation":0,"texture":"#0"},"down":{"uv":[5.5625,6.625,5.375,7.125],"tintindex":0,"rotation":0,"texture":"#0"}}},{"from":[4.919732,4.4895153,4.1257935],"to":[12.419732,8.239515,12.875793],"faces":{"east":{"uv":[5.0,5.5625,5.5,5.75],"tintindex":0,"rotation":0,"texture":"#0"},"south":{"uv":[6.4375,5.5625,6.875,5.75],"tintindex":0,"rotation":0,"texture":"#0"},"north":{"uv":[5.5,5.5625,5.9375,5.75],"tintindex":0,"rotation":0,"texture":"#0"},"west":{"uv":[5.9375,5.5625,6.4375,5.75],"tintindex":0,"rotation":0,"texture":"#0"},"up":{"uv":[5.9375,5.5625,5.5,5.0625],"tintindex":0,"rotation":0,"texture":"#0"},"down":{"uv":[6.375,5.0625,5.9375,5.5625],"tintindex":0,"rotation":0,"texture":"#0"}}}],"display":{"gui":{"rotation":[30,225,0]}}}