{"textures":{"0":"modelengine:entity/wolf_orcs_gamitamodels"},"elements":[{"from":[6.7327375,4.79133,4.895273],"to":[10.232737,7.29133,9.145273],"faces":{"east":{"uv":[0.0,0.8125,0.25,0.9375],"tintindex":0,"rotation":0,"texture":"#0"},"south":{"uv":[0.6875,0.8125,0.875,0.9375],"tintindex":0,"rotation":0,"texture":"#0"},"north":{"uv":[0.25,0.8125,0.4375,0.9375],"tintindex":0,"rotation":0,"texture":"#0"},"west":{"uv":[0.4375,0.8125,0.6875,0.9375],"tintindex":0,"rotation":0,"texture":"#0"},"up":{"uv":[0.4375,0.8125,0.25,0.5625],"tintindex":0,"rotation":0,"texture":"#0"},"down":{"uv":[0.625,0.5625,0.4375,0.8125],"tintindex":0,"rotation":0,"texture":"#0"}}},{"from":[5.252877,5.063945,-3.4408789],"to":[11.502877,8.813945,6.559122],"faces":{"east":{"uv":[1.625,5.5,2.25,5.6875],"tintindex":0,"rotation":0,"texture":"#0"},"south":{"uv":[3.25,5.5,3.625,5.6875],"tintindex":0,"rotation":0,"texture":"#0"},"north":{"uv":[2.25,5.5,2.625,5.6875],"tintindex":0,"rotation":0,"texture":"#0"},"west":{"uv":[2.625,5.5,3.25,5.6875],"tintindex":0,"rotation":0,"texture":"#0"},"up":{"uv":[2.625,5.5,2.25,4.875],"tintindex":0,"rotation":0,"texture":"#0"},"down":{"uv":[3.0,4.875,2.625,5.5],"tintindex":0,"rotation":0,"texture":"#0"}}},{"from":[6.875,5.025,-6.0],"to":[10.375,7.525,2.0],"faces":{"east":{"uv":[1.0,7.125,1.5,7.25],"tintindex":0,"rotation":0,"texture":"#0"},"south":{"uv":[2.1875,7.125,2.375,7.25],"tintindex":0,"rotation":0,"texture":"#0"},"north":{"uv":[1.5,7.125,1.6875,7.25],"tintindex":0,"rotation":0,"texture":"#0"},"west":{"uv":[1.6875,7.125,2.1875,7.25],"tintindex":0,"rotation":0,"texture":"#0"},"up":{"uv":[1.6875,7.125,1.5,6.625],"tintindex":0,"rotation":0,"texture":"#0"},"down":{"uv":[1.875,6.625,1.6875,7.125],"tintindex":0,"rotation":0,"texture":"#0"}}},{"from":[2.625,5.025,-6.75],"to":[6.625,7.525,1.25],"faces":{"east":{"uv":[0.0,6.5625,0.5,6.6875],"tintindex":0,"rotation":0,"texture":"#0"},"south":{"uv":[1.25,6.5625,1.5,6.6875],"tintindex":0,"rotation":0,"texture":"#0"},"north":{"uv":[0.5,6.5625,0.75,6.6875],"tintindex":0,"rotation":0,"texture":"#0"},"west":{"uv":[0.75,6.5625,1.25,6.6875],"tintindex":0,"rotation":0,"texture":"#0"},"up":{"uv":[0.75,6.5625,0.5,6.0625],"tintindex":0,"rotation":0,"texture":"#0"},"down":{"uv":[1.0,6.0625,0.75,6.5625],"tintindex":0,"rotation":0,"texture":"#0"}},"rotation":{"origin":[8.5,6.275,-4.875],"angle":22.5,"axis":"y"}},{"from":[10.125,5.025,-6.75],"to":[14.125,7.525,1.25],"faces":{"east":{"uv":[2.8125,6.375,3.3125,6.5],"tintindex":0,"rotation":0,"texture":"#0"},"south":{"uv":[4.0625,6.375,4.3125,6.5],"tintindex":0,"rotation":0,"texture":"#0"},"north":{"uv":[3.3125,6.375,3.5625,6.5],"tintindex":0,"rotation":0,"texture":"#0"},"west":{"uv":[3.5625,6.375,4.0625,6.5],"tintindex":0,"rotation":0,"texture":"#0"},"up":{"uv":[3.5625,6.375,3.3125,5.875],"tintindex":0,"rotation":0,"texture":"#0"},"down":{"uv":[3.8125,5.875,3.5625,6.375],"tintindex":0,"rotation":0,"texture":"#0"}},"rotation":{"origin":[8.5,6.275,-4.875],"angle":-22.5,"axis":"y"}}],"display":{"gui":{"rotation":[30,225,0]}}}