{"textures":{"0":"modelengine:entity/wolf_orcs_gamitamodels"},"elements":[{"from":[6.0458117,0.65630245,1.0764875],"to":[12.295812,8.156302,8.576488],"faces":{"east":{"uv":[4.5625,6.1875,5.0,6.625],"tintindex":0,"rotation":0,"texture":"#0"},"south":{"uv":[5.8125,6.1875,6.1875,6.625],"tintindex":0,"rotation":0,"texture":"#0"},"north":{"uv":[5.0,6.1875,5.375,6.625],"tintindex":0,"rotation":0,"texture":"#0"},"west":{"uv":[5.375,6.1875,5.8125,6.625],"tintindex":0,"rotation":0,"texture":"#0"},"up":{"uv":[5.375,6.1875,5.0,5.75],"tintindex":0,"rotation":0,"texture":"#0"},"down":{"uv":[5.75,5.75,5.375,6.1875],"tintindex":0,"rotation":0,"texture":"#0"}}},{"from":[6.4208117,-1.6929293,1.9315376],"to":[11.795812,5.8070707,6.9315376],"faces":{"east":{"uv":[6.6875,6.1875,7.0,6.625],"tintindex":0,"rotation":0,"texture":"#0"},"south":{"uv":[7.625,6.1875,7.9375,6.625],"tintindex":0,"rotation":0,"texture":"#0"},"north":{"uv":[7.0,6.1875,7.3125,6.625],"tintindex":0,"rotation":0,"texture":"#0"},"west":{"uv":[7.3125,6.1875,7.625,6.625],"tintindex":0,"rotation":0,"texture":"#0"},"up":{"uv":[7.3125,6.1875,7.0,5.875],"tintindex":0,"rotation":0,"texture":"#0"},"down":{"uv":[7.625,5.875,7.3125,6.1875],"tintindex":0,"rotation":0,"texture":"#0"}}}],"display":{"gui":{"rotation":[30,225,0]}}}