{"textures":{"0":"modelengine:entity/wolf_orcs_gamitamodels"},"elements":[{"from":[8.0,-3.5166664,4.208334],"to":[14.25,8.983334,12.958334],"faces":{"east":{"uv":[4.25,4.3125,4.75,5.0625],"tintindex":0,"rotation":0,"texture":"#0"},"south":{"uv":[5.625,4.3125,6.0,5.0625],"tintindex":0,"rotation":0,"texture":"#0"},"north":{"uv":[4.75,4.3125,5.125,5.0625],"tintindex":0,"rotation":0,"texture":"#0"},"west":{"uv":[5.125,4.3125,5.625,5.0625],"tintindex":0,"rotation":0,"texture":"#0"},"up":{"uv":[5.125,4.3125,4.75,3.8125],"tintindex":0,"rotation":0,"texture":"#0"},"down":{"uv":[5.5,3.8125,5.125,4.3125],"tintindex":0,"rotation":0,"texture":"#0"}}}],"display":{"gui":{"rotation":[30,225,0]}}}