{"textures":{"0":"modelengine:entity/wolf_orcs_gamitamodels"},"elements":[{"from":[1.75,-3.5166664,4.208334],"to":[8.0,8.983334,12.958334],"faces":{"east":{"uv":[4.125,2.75,4.625,3.5],"tintindex":0,"rotation":0,"texture":"#0"},"south":{"uv":[5.5,2.75,5.875,3.5],"tintindex":0,"rotation":0,"texture":"#0"},"north":{"uv":[4.625,2.75,5.0,3.5],"tintindex":0,"rotation":0,"texture":"#0"},"west":{"uv":[5.0,2.75,5.5,3.5],"tintindex":0,"rotation":0,"texture":"#0"},"up":{"uv":[5.0,2.75,4.625,2.25],"tintindex":0,"rotation":0,"texture":"#0"},"down":{"uv":[5.375,2.25,5.0,2.75],"tintindex":0,"rotation":0,"texture":"#0"}}}],"display":{"gui":{"rotation":[30,225,0]}}}