{"textures":{"0":"modelengine:entity/wolf_orcs_gamitamodels"},"elements":[{"from":[7.375,-3.7250004,2.125],"to":[13.625,10.025,9.625],"faces":{"east":{"uv":[4.625,0.4375,5.0625,1.25],"tintindex":0,"rotation":0,"texture":"#0"},"south":{"uv":[5.875,0.4375,6.25,1.25],"tintindex":0,"rotation":0,"texture":"#0"},"north":{"uv":[5.0625,0.4375,5.4375,1.25],"tintindex":0,"rotation":0,"texture":"#0"},"west":{"uv":[5.4375,0.4375,5.875,1.25],"tintindex":0,"rotation":0,"texture":"#0"},"up":{"uv":[5.4375,0.4375,5.0625,0.0],"tintindex":0,"rotation":0,"texture":"#0"},"down":{"uv":[5.8125,0.0,5.4375,0.4375],"tintindex":0,"rotation":0,"texture":"#0"}}},{"from":[13.230155,-3.7250004,8.752424],"to":[13.230155,10.025,13.752424],"faces":{"east":{"uv":[0.875,7.25,1.1875,8.0625],"tintindex":0,"rotation":0,"texture":"#0"},"west":{"uv":[1.1875,7.25,1.5,8.0625],"tintindex":0,"rotation":0,"texture":"#0"}},"rotation":{"origin":[15.62157,2.1750832,8.199344],"angle":22.5,"axis":"y"}}],"display":{"gui":{"rotation":[30,225,0]}}}