{"textures":{"0":"modelengine:entity/wolf_orcs_gamitamodels"},"elements":[{"from":[2.7564974,-3.7250004,8.663058],"to":[2.7564974,10.025,13.663058],"faces":{"east":{"uv":[0.0,1.75,0.3125,2.5625],"tintindex":0,"rotation":0,"texture":"#0"},"west":{"uv":[0.3125,1.75,0.625,2.5625],"tintindex":0,"rotation":0,"texture":"#0"}},"rotation":{"origin":[0.14774513,2.0940552,8.185071],"angle":-22.5,"axis":"y"}},{"from":[2.375,-3.7250004,2.125],"to":[8.625,10.025,9.625],"faces":{"east":{"uv":[0.0,5.0625,0.4375,5.875],"tintindex":0,"rotation":0,"texture":"#0"},"south":{"uv":[1.25,5.0625,1.625,5.875],"tintindex":0,"rotation":0,"texture":"#0"},"north":{"uv":[0.4375,5.0625,0.8125,5.875],"tintindex":0,"rotation":0,"texture":"#0"},"west":{"uv":[0.8125,5.0625,1.25,5.875],"tintindex":0,"rotation":0,"texture":"#0"},"up":{"uv":[0.8125,5.0625,0.4375,4.625],"tintindex":0,"rotation":0,"texture":"#0"},"down":{"uv":[1.1875,4.625,0.8125,5.0625],"tintindex":0,"rotation":0,"texture":"#0"}}}],"display":{"gui":{"rotation":[30,225,0]}}}