{"textures":{"0":"modelengine:entity/rocky"},"elements":[{"from":[0.125,14.75,5.75],"to":[15.875,15.875,6.875],"faces":{"east":{"uv":[3.5,10.875,3.625,11.0],"tintindex":0,"rotation":0,"texture":"#0"},"south":{"uv":[11.5,11.125,13.25,11.25],"tintindex":0,"rotation":0,"texture":"#0"},"north":{"uv":[11.5,2.75,13.25,2.875],"tintindex":0,"rotation":0,"texture":"#0"},"west":{"uv":[5.375,10.875,5.5,11.0],"tintindex":0,"rotation":0,"texture":"#0"},"up":{"uv":[13.25,11.375,11.5,11.25],"tintindex":0,"rotation":0,"texture":"#0"},"down":{"uv":[13.375,2.25,11.625,2.375],"tintindex":0,"rotation":0,"texture":"#0"}}},{"from":[-1.0,8.0,17.0],"to":[0.125,13.625,18.125],"faces":{"east":{"uv":[10.25,12.25,10.375,12.875],"tintindex":0,"rotation":0,"texture":"#0"},"south":{"uv":[10.375,12.25,10.5,12.875],"tintindex":0,"rotation":0,"texture":"#0"},"north":{"uv":[8.75,12.25,8.875,12.875],"tintindex":0,"rotation":0,"texture":"#0"},"west":{"uv":[10.5,12.25,10.625,12.875],"tintindex":0,"rotation":0,"texture":"#0"},"up":{"uv":[9.0,11.75,8.875,11.625],"tintindex":0,"rotation":0,"texture":"#0"},"down":{"uv":[9.125,11.625,9.0,11.75],"tintindex":0,"rotation":0,"texture":"#0"}}},{"from":[13.0625,16.205252,9.107452],"to":[19.1375,20.255253,13.944952],"faces":{"east":{"uv":[11.625,4.5,12.1875,4.9375],"tintindex":0,"rotation":0,"texture":"#0"},"south":{"uv":[9.875,11.25,10.5625,11.6875],"tintindex":0,"rotation":0,"texture":"#0"},"north":{"uv":[9.125,11.25,9.8125,11.6875],"tintindex":0,"rotation":0,"texture":"#0"},"west":{"uv":[11.625,5.625,12.1875,6.0625],"tintindex":0,"rotation":0,"texture":"#0"},"up":{"uv":[0.6875,11.1875,0.0,10.625],"tintindex":0,"rotation":0,"texture":"#0"},"down":{"uv":[11.3125,0.625,10.625,1.1875],"tintindex":0,"rotation":0,"texture":"#0"}},"rotation":{"origin":[8.0,13.625,8.0],"angle":45.0,"axis":"x"}},{"from":[1.25,5.75,3.5],"to":[14.75,6.875,5.75],"faces":{"east":{"uv":[2.0,6.25,2.25,6.375],"tintindex":0,"rotation":0,"texture":"#0"},"south":{"uv":[8.875,11.875,10.375,12.0],"tintindex":0,"rotation":0,"texture":"#0"},"north":{"uv":[11.875,5.5,13.375,5.625],"tintindex":0,"rotation":0,"texture":"#0"},"west":{"uv":[6.75,1.75,7.0,1.875],"tintindex":0,"rotation":0,"texture":"#0"},"up":{"uv":[12.0,6.5,10.5,6.25],"tintindex":0,"rotation":0,"texture":"#0"},"down":{"uv":[12.0,9.875,10.5,10.125],"tintindex":0,"rotation":0,"texture":"#0"}}},{"from":[22.625,4.625,4.625],"to":[24.875,6.875,6.875],"faces":{"east":{"uv":[8.625,1.625,8.875,1.875],"tintindex":0,"rotation":0,"texture":"#0"},"south":{"uv":[9.125,3.125,9.375,3.375],"tintindex":0,"rotation":0,"texture":"#0"},"north":{"uv":[2.0,3.375,2.25,3.625],"tintindex":0,"rotation":0,"texture":"#0"},"west":{"uv":[10.125,8.625,10.375,8.875],"tintindex":0,"rotation":0,"texture":"#0"},"up":{"uv":[10.5,4.375,10.25,4.125],"tintindex":0,"rotation":0,"texture":"#0"},"down":{"uv":[3.5,10.75,3.25,11.0],"tintindex":0,"rotation":0,"texture":"#0"}},"rotation":{"origin":[8.0,-13.375,8.0],"angle":22.5,"axis":"z"}},{"from":[1.25,14.75,17.0],"to":[14.75,15.875,18.125],"faces":{"east":{"uv":[4.0,12.5,4.125,12.625],"tintindex":0,"rotation":0,"texture":"#0"},"south":{"uv":[8.875,11.75,10.375,11.875],"tintindex":0,"rotation":0,"texture":"#0"},"north":{"uv":[11.75,6.75,13.25,6.875],"tintindex":0,"rotation":0,"texture":"#0"},"west":{"uv":[4.125,12.5,4.25,12.625],"tintindex":0,"rotation":0,"texture":"#0"},"up":{"uv":[12.5,11.875,11.0,11.75],"tintindex":0,"rotation":0,"texture":"#0"},"down":{"uv":[13.25,11.375,11.75,11.5],"tintindex":0,"rotation":0,"texture":"#0"}}},{"from":[-0.2574997,14.615,8.0],"to":[3.9274998,17.405,12.8825],"faces":{"east":{"uv":[9.625,12.0,10.1875,12.3125],"tintindex":0,"rotation":0,"texture":"#0"},"south":{"uv":[3.75,12.125,4.1875,12.4375],"tintindex":0,"rotation":0,"texture":"#0"},"north":{"uv":[3.25,12.125,3.6875,12.4375],"tintindex":0,"rotation":0,"texture":"#0"},"west":{"uv":[12.0,9.875,12.5625,10.1875],"tintindex":0,"rotation":0,"texture":"#0"},"up":{"uv":[12.0625,8.1875,11.625,7.625],"tintindex":0,"rotation":0,"texture":"#0"},"down":{"uv":[8.4375,11.625,8.0,12.1875],"tintindex":0,"rotation":0,"texture":"#0"}},"rotation":{"origin":[5.9075003,4.0625,10.79],"angle":22.5,"axis":"y"}},{"from":[0.125,5.75,5.75],"to":[15.875,6.875,6.875],"faces":{"east":{"uv":[8.125,10.875,8.25,11.0],"tintindex":0,"rotation":0,"texture":"#0"},"south":{"uv":[1.125,11.75,2.875,11.875],"tintindex":0,"rotation":0,"texture":"#0"},"north":{"uv":[11.625,6.125,13.375,6.25],"tintindex":0,"rotation":0,"texture":"#0"},"west":{"uv":[9.375,11.0,9.5,11.125],"tintindex":0,"rotation":0,"texture":"#0"},"up":{"uv":[13.5,3.0,11.75,2.875],"tintindex":0,"rotation":0,"texture":"#0"},"down":{"uv":[13.5,3.0,11.75,3.125],"tintindex":0,"rotation":0,"texture":"#0"}}},{"from":[2.3772497,-6.9977503,13.62725],"to":[13.62275,-1.3772507,16.99775],"faces":{"east":{"uv":[7.25,11.625,7.625,12.25],"tintindex":0,"rotation":0,"texture":"#0"},"south":{"uv":[6.625,7.0,7.875,7.625],"tintindex":0,"rotation":0,"texture":"#0"},"north":{"uv":[5.375,7.0,6.625,7.625],"tintindex":0,"rotation":0,"texture":"#0"},"west":{"uv":[11.625,8.25,12.0,8.875],"tintindex":0,"rotation":0,"texture":"#0"},"up":{"uv":[5.75,1.125,4.5,0.75],"tintindex":0,"rotation":0,"texture":"#0"},"down":{"uv":[11.0,6.5,9.75,6.875],"tintindex":0,"rotation":0,"texture":"#0"}},"rotation":{"origin":[8.0,-13.375,8.0],"angle":-45.0,"axis":"x"}},{"from":[-2.125,5.75,6.875],"to":[18.125,15.875,17.0],"faces":{"east":{"uv":[5.125,2.875,6.25,4.0],"tintindex":0,"rotation":0,"texture":"#0"},"south":{"uv":[0.0,1.125,2.25,2.25],"tintindex":0,"rotation":0,"texture":"#0"},"north":{"uv":[0.0,0.0,2.25,1.125],"tintindex":0,"rotation":0,"texture":"#0"},"west":{"uv":[5.125,4.0,6.25,5.125],"tintindex":0,"rotation":0,"texture":"#0"},"up":{"uv":[2.25,3.375,0.0,2.25],"tintindex":0,"rotation":0,"texture":"#0"},"down":{"uv":[4.5,0.0,2.25,1.125],"tintindex":0,"rotation":0,"texture":"#0"}}},{"from":[17.0,8.0,5.75],"to":[18.125,13.625,6.875],"faces":{"east":{"uv":[7.5,12.25,7.625,12.875],"tintindex":0,"rotation":0,"texture":"#0"},"south":{"uv":[8.0,12.25,8.125,12.875],"tintindex":0,"rotation":0,"texture":"#0"},"north":{"uv":[7.375,12.25,7.5,12.875],"tintindex":0,"rotation":0,"texture":"#0"},"west":{"uv":[8.125,12.25,8.25,12.875],"tintindex":0,"rotation":0,"texture":"#0"},"up":{"uv":[8.125,11.5,8.0,11.375],"tintindex":0,"rotation":0,"texture":"#0"},"down":{"uv":[8.125,11.5,8.0,11.625],"tintindex":0,"rotation":0,"texture":"#0"}}},{"from":[-1.0,0.125,4.625],"to":[0.125,5.75,13.625],"faces":{"east":{"uv":[8.375,7.125,9.375,7.75],"tintindex":0,"rotation":0,"texture":"#0"},"south":{"uv":[10.75,12.25,10.875,12.875],"tintindex":0,"rotation":0,"texture":"#0"},"north":{"uv":[10.625,12.25,10.75,12.875],"tintindex":0,"rotation":0,"texture":"#0"},"west":{"uv":[8.375,7.75,9.375,8.375],"tintindex":0,"rotation":0,"texture":"#0"},"up":{"uv":[7.75,7.0,7.625,6.0],"tintindex":0,"rotation":0,"texture":"#0"},"down":{"uv":[7.875,6.0,7.75,7.0],"tintindex":0,"rotation":0,"texture":"#0"}}},{"from":[19.25225,8.002249,4.6272497],"to":[21.49775,10.247751,6.8727503],"faces":{"east":{"uv":[12.375,5.875,12.625,6.125],"tintindex":0,"rotation":0,"texture":"#0"},"south":{"uv":[12.375,6.875,12.625,7.125],"tintindex":0,"rotation":0,"texture":"#0"},"north":{"uv":[12.375,5.625,12.625,5.875],"tintindex":0,"rotation":0,"texture":"#0"},"west":{"uv":[12.375,7.125,12.625,7.375],"tintindex":0,"rotation":0,"texture":"#0"},"up":{"uv":[12.625,8.5,12.375,8.25],"tintindex":0,"rotation":0,"texture":"#0"},"down":{"uv":[12.625,8.5,12.375,8.75],"tintindex":0,"rotation":0,"texture":"#0"}},"rotation":{"origin":[8.0,-13.375,8.0],"angle":45.0,"axis":"z"}},{"from":[0.125,-1.0,3.5],"to":[15.875,5.75,14.75],"faces":{"east":{"uv":[6.25,0.0,7.5,0.75],"tintindex":0,"rotation":0,"texture":"#0"},"south":{"uv":[2.25,4.5,4.0,5.25],"tintindex":0,"rotation":0,"texture":"#0"},"north":{"uv":[4.5,0.0,6.25,0.75],"tintindex":0,"rotation":0,"texture":"#0"},"west":{"uv":[6.25,4.625,7.5,5.375],"tintindex":0,"rotation":0,"texture":"#0"},"up":{"uv":[4.0,2.375,2.25,1.125],"tintindex":0,"rotation":0,"texture":"#0"},"down":{"uv":[4.0,2.375,2.25,3.625],"tintindex":0,"rotation":0,"texture":"#0"}}},{"from":[4.304528,9.272795,10.25],"to":[11.054528,14.897795,15.875],"faces":{"east":{"uv":[10.25,0.0,10.875,0.625],"tintindex":0,"rotation":0,"texture":"#0"},"south":{"uv":[5.5,9.75,6.25,10.375],"tintindex":0,"rotation":0,"texture":"#0"},"north":{"uv":[4.125,9.75,4.875,10.375],"tintindex":0,"rotation":0,"texture":"#0"},"west":{"uv":[10.25,2.875,10.875,3.5],"tintindex":0,"rotation":0,"texture":"#0"},"up":{"uv":[10.5,6.5,9.75,5.875],"tintindex":0,"rotation":0,"texture":"#0"},"down":{"uv":[7.0,9.75,6.25,10.375],"tintindex":0,"rotation":0,"texture":"#0"}},"rotation":{"origin":[8.0,18.125,8.0],"angle":45.0,"axis":"z"}},{"from":[0.125,6.875,17.0],"to":[15.875,14.75,18.125],"faces":{"east":{"uv":[7.125,12.0,7.25,12.875],"tintindex":0,"rotation":0,"texture":"#0"},"south":{"uv":[4.0,2.0,5.75,2.875],"tintindex":0,"rotation":0,"texture":"#0"},"north":{"uv":[4.0,1.125,5.75,2.0],"tintindex":0,"rotation":0,"texture":"#0"},"west":{"uv":[10.875,12.0,11.0,12.875],"tintindex":0,"rotation":0,"texture":"#0"},"up":{"uv":[13.5,3.25,11.75,3.125],"tintindex":0,"rotation":0,"texture":"#0"},"down":{"uv":[13.5,3.25,11.75,3.375],"tintindex":0,"rotation":0,"texture":"#0"}}},{"from":[2.375,1.25,14.75],"to":[13.625,5.75,17.0],"faces":{"east":{"uv":[2.0,5.75,2.25,6.25],"tintindex":0,"rotation":0,"texture":"#0"},"south":{"uv":[8.5,6.5,9.75,7.0],"tintindex":0,"rotation":0,"texture":"#0"},"north":{"uv":[8.5,6.0,9.75,6.5],"tintindex":0,"rotation":0,"texture":"#0"},"west":{"uv":[0.75,8.25,1.0,8.75],"tintindex":0,"rotation":0,"texture":"#0"},"up":{"uv":[11.875,5.625,10.625,5.375],"tintindex":0,"rotation":0,"texture":"#0"},"down":{"uv":[12.0,7.375,10.75,7.625],"tintindex":0,"rotation":0,"texture":"#0"}}},{"from":[-2.125,8.0,5.75],"to":[-1.0,13.625,6.875],"faces":{"east":{"uv":[3.125,12.25,3.25,12.875],"tintindex":0,"rotation":0,"texture":"#0"},"south":{"uv":[12.25,4.5,12.375,5.125],"tintindex":0,"rotation":0,"texture":"#0"},"north":{"uv":[3.0,12.25,3.125,12.875],"tintindex":0,"rotation":0,"texture":"#0"},"west":{"uv":[7.25,12.25,7.375,12.875],"tintindex":0,"rotation":0,"texture":"#0"},"up":{"uv":[9.5,11.25,9.375,11.125],"tintindex":0,"rotation":0,"texture":"#0"},"down":{"uv":[5.375,11.375,5.25,11.5],"tintindex":0,"rotation":0,"texture":"#0"}}},{"from":[15.875,0.125,4.625],"to":[17.0,5.75,13.625],"faces":{"east":{"uv":[8.375,8.375,9.375,9.0],"tintindex":0,"rotation":0,"texture":"#0"},"south":{"uv":[11.375,12.25,11.5,12.875],"tintindex":0,"rotation":0,"texture":"#0"},"north":{"uv":[11.25,12.25,11.375,12.875],"tintindex":0,"rotation":0,"texture":"#0"},"west":{"uv":[8.5,0.0,9.5,0.625],"tintindex":0,"rotation":0,"texture":"#0"},"up":{"uv":[5.125,9.125,5.0,8.125],"tintindex":0,"rotation":0,"texture":"#0"},"down":{"uv":[5.25,8.125,5.125,9.125],"tintindex":0,"rotation":0,"texture":"#0"}}},{"from":[20.375,9.125,4.625],"to":[22.625,11.375,6.875],"faces":{"east":{"uv":[10.375,11.75,10.625,12.0],"tintindex":0,"rotation":0,"texture":"#0"},"south":{"uv":[12.375,0.75,12.625,1.0],"tintindex":0,"rotation":0,"texture":"#0"},"north":{"uv":[9.125,11.0,9.375,11.25],"tintindex":0,"rotation":0,"texture":"#0"},"west":{"uv":[12.375,1.0,12.625,1.25],"tintindex":0,"rotation":0,"texture":"#0"},"up":{"uv":[12.625,4.75,12.375,4.5],"tintindex":0,"rotation":0,"texture":"#0"},"down":{"uv":[12.625,4.75,12.375,5.0],"tintindex":0,"rotation":0,"texture":"#0"}},"rotation":{"origin":[8.0,-13.375,8.0],"angle":45.0,"axis":"z"}},{"from":[15.875,8.0,17.0],"to":[17.0,13.625,18.125],"faces":{"east":{"uv":[8.375,12.25,8.5,12.875],"tintindex":0,"rotation":0,"texture":"#0"},"south":{"uv":[8.5,12.25,8.625,12.875],"tintindex":0,"rotation":0,"texture":"#0"},"north":{"uv":[8.25,12.25,8.375,12.875],"tintindex":0,"rotation":0,"texture":"#0"},"west":{"uv":[8.625,12.25,8.75,12.875],"tintindex":0,"rotation":0,"texture":"#0"},"up":{"uv":[1.25,11.75,1.125,11.625],"tintindex":0,"rotation":0,"texture":"#0"},"down":{"uv":[1.375,11.625,1.25,11.75],"tintindex":0,"rotation":0,"texture":"#0"}}},{"from":[2.375,-5.5,6.875],"to":[13.625,-1.0,14.75],"faces":{"east":{"uv":[10.125,7.625,11.0,8.125],"tintindex":0,"rotation":0,"texture":"#0"},"south":{"uv":[8.625,1.125,9.875,1.625],"tintindex":0,"rotation":0,"texture":"#0"},"north":{"uv":[8.625,0.625,9.875,1.125],"tintindex":0,"rotation":0,"texture":"#0"},"west":{"uv":[10.125,8.125,11.0,8.625],"tintindex":0,"rotation":0,"texture":"#0"},"up":{"uv":[7.0,2.75,5.75,1.875],"tintindex":0,"rotation":0,"texture":"#0"},"down":{"uv":[7.5,2.75,6.25,3.625],"tintindex":0,"rotation":0,"texture":"#0"}}},{"from":[3.5,6.125,-3.625],"to":[12.5,12.875,-0.25],"faces":{"east":{"uv":[7.625,0.75,8.0,1.5],"tintindex":0,"rotation":0,"texture":"#0"},"south":{"uv":[7.5,0.0,8.5,0.75],"tintindex":0,"rotation":0,"texture":"#0"},"north":{"uv":[0.0,7.5,1.0,8.25],"tintindex":0,"rotation":0,"texture":"#0"},"west":{"uv":[3.125,7.75,3.5,8.5],"tintindex":0,"rotation":0,"texture":"#0"},"up":{"uv":[11.5,2.875,10.5,2.5],"tintindex":0,"rotation":0,"texture":"#0"},"down":{"uv":[11.625,4.625,10.625,5.0],"tintindex":0,"rotation":0,"texture":"#0"}},"rotation":{"origin":[8.0,-13.375,8.0],"angle":45.0,"axis":"x"}},{"from":[-1.0,6.875,5.75],"to":[17.0,14.75,6.875],"faces":{"east":{"uv":[2.75,11.875,2.875,12.75],"tintindex":0,"rotation":0,"texture":"#0"},"south":{"uv":[2.0,3.625,4.0,4.5],"tintindex":0,"rotation":0,"texture":"#0"},"north":{"uv":[0.0,3.375,2.0,4.25],"tintindex":0,"rotation":0,"texture":"#0"},"west":{"uv":[4.625,12.0,4.75,12.875],"tintindex":0,"rotation":0,"texture":"#0"},"up":{"uv":[13.375,1.75,11.375,1.625],"tintindex":0,"rotation":0,"texture":"#0"},"down":{"uv":[13.375,4.375,11.375,4.5],"tintindex":0,"rotation":0,"texture":"#0"}}},{"from":[1.25,5.75,17.0],"to":[14.75,6.875,18.125],"faces":{"east":{"uv":[12.5,4.125,12.625,4.25],"tintindex":0,"rotation":0,"texture":"#0"},"south":{"uv":[11.75,11.625,13.25,11.75],"tintindex":0,"rotation":0,"texture":"#0"},"north":{"uv":[11.75,11.5,13.25,11.625],"tintindex":0,"rotation":0,"texture":"#0"},"west":{"uv":[4.25,12.5,4.375,12.625],"tintindex":0,"rotation":0,"texture":"#0"},"up":{"uv":[2.625,12.0,1.125,11.875],"tintindex":0,"rotation":0,"texture":"#0"},"down":{"uv":[13.375,5.375,11.875,5.5],"tintindex":0,"rotation":0,"texture":"#0"}}},{"from":[3.5,-2.125,14.75],"to":[12.5,1.25,15.875],"faces":{"east":{"uv":[1.0,12.5,1.125,12.875],"tintindex":0,"rotation":0,"texture":"#0"},"south":{"uv":[0.75,10.75,1.75,11.125],"tintindex":0,"rotation":0,"texture":"#0"},"north":{"uv":[10.625,5.0,11.625,5.375],"tintindex":0,"rotation":0,"texture":"#0"},"west":{"uv":[12.5,1.25,12.625,1.625],"tintindex":0,"rotation":0,"texture":"#0"},"up":{"uv":[13.0,11.125,12.0,11.0],"tintindex":0,"rotation":0,"texture":"#0"},"down":{"uv":[13.125,0.375,12.125,0.5],"tintindex":0,"rotation":0,"texture":"#0"}}}]}