{"textures":{"0":"modelengine:entity/rocky"},"elements":[{"from":[-1.0,10.25,-5.5],"to":[4.625,20.375,0.125],"faces":{"east":{"uv":[7.75,7.625,8.375,8.75],"tintindex":0,"rotation":0,"texture":"#0"},"south":{"uv":[7.875,6.0,8.5,7.125],"tintindex":0,"rotation":0,"texture":"#0"},"north":{"uv":[2.5,7.75,3.125,8.875],"tintindex":0,"rotation":0,"texture":"#0"},"west":{"uv":[8.0,0.75,8.625,1.875],"tintindex":0,"rotation":0,"texture":"#0"},"up":{"uv":[10.875,4.125,10.25,3.5],"tintindex":0,"rotation":0,"texture":"#0"},"down":{"uv":[4.25,10.375,3.625,11.0],"tintindex":0,"rotation":0,"texture":"#0"}}},{"from":[0.125,19.25,-4.375],"to":[3.5,24.875,-1.0],"faces":{"east":{"uv":[9.125,2.25,9.75,3.125],"tintindex":0,"rotation":0,"texture":"#0"},"south":{"uv":[3.0,9.125,3.625,10.0],"tintindex":0,"rotation":0,"texture":"#0"},"north":{"uv":[1.5,9.125,2.125,10.0],"tintindex":0,"rotation":0,"texture":"#0"},"west":{"uv":[4.875,9.125,5.5,10.0],"tintindex":0,"rotation":0,"texture":"#0"},"up":{"uv":[4.875,11.0,4.25,10.375],"tintindex":0,"rotation":0,"texture":"#0"},"down":{"uv":[6.125,10.375,5.5,11.0],"tintindex":0,"rotation":0,"texture":"#0"}}}]}