{"textures":{"0":"modelengine:entity/wolf_orcs_gamitamodels3"},"elements":[{"from":[2.919732,3.9114876,1.046299],"to":[6.919732,6.4114876,9.046299],"faces":{"east":{"uv":[5.1875,7.3125,5.6875,7.4375],"tintindex":0,"rotation":0,"texture":"#0"},"south":{"uv":[6.4375,7.3125,6.6875,7.4375],"tintindex":0,"rotation":0,"texture":"#0"},"north":{"uv":[5.6875,7.3125,5.9375,7.4375],"tintindex":0,"rotation":0,"texture":"#0"},"west":{"uv":[5.9375,7.3125,6.4375,7.4375],"tintindex":0,"rotation":0,"texture":"#0"},"up":{"uv":[5.9375,7.3125,5.6875,6.8125],"tintindex":0,"rotation":0,"texture":"#0"},"down":{"uv":[6.1875,6.8125,5.9375,7.3125],"tintindex":0,"rotation":0,"texture":"#0"}},"rotation":{"origin":[8.794733,5.1614876,2.921299],"angle":22.5,"axis":"y"}},{"from":[10.419733,3.9114876,1.046299],"to":[14.419732,6.4114876,9.046299],"faces":{"east":{"uv":[6.75,2.5625,7.25,2.6875],"tintindex":0,"rotation":0,"texture":"#0"},"south":{"uv":[8.0,2.5625,8.25,2.6875],"tintindex":0,"rotation":0,"texture":"#0"},"north":{"uv":[7.25,2.5625,7.5,2.6875],"tintindex":0,"rotation":0,"texture":"#0"},"west":{"uv":[7.5,2.5625,8.0,2.6875],"tintindex":0,"rotation":0,"texture":"#0"},"up":{"uv":[7.5,2.5625,7.25,2.0625],"tintindex":0,"rotation":0,"texture":"#0"},"down":{"uv":[7.75,2.0625,7.5,2.5625],"tintindex":0,"rotation":0,"texture":"#0"}},"rotation":{"origin":[8.794733,5.1614876,2.921299],"angle":-22.5,"axis":"y"}},{"from":[7.1697326,3.9114876,1.796299],"to":[10.669733,6.4114876,9.796299],"faces":{"east":{"uv":[0.0,7.625,0.5,7.75],"tintindex":0,"rotation":0,"texture":"#0"},"south":{"uv":[1.1875,7.625,1.375,7.75],"tintindex":0,"rotation":0,"texture":"#0"},"north":{"uv":[0.5,7.625,0.6875,7.75],"tintindex":0,"rotation":0,"texture":"#0"},"west":{"uv":[0.6875,7.625,1.1875,7.75],"tintindex":0,"rotation":0,"texture":"#0"},"up":{"uv":[0.6875,7.625,0.5,7.125],"tintindex":0,"rotation":0,"texture":"#0"},"down":{"uv":[0.875,7.125,0.6875,7.625],"tintindex":0,"rotation":0,"texture":"#0"}}},{"from":[4.919732,4.4895153,4.1257935],"to":[12.419732,8.239515,12.875793],"faces":{"east":{"uv":[5.5,1.8125,6.0,2.0],"tintindex":0,"rotation":0,"texture":"#0"},"south":{"uv":[6.9375,1.8125,7.375,2.0],"tintindex":0,"rotation":0,"texture":"#0"},"north":{"uv":[6.0,1.8125,6.4375,2.0],"tintindex":0,"rotation":0,"texture":"#0"},"west":{"uv":[6.4375,1.8125,6.9375,2.0],"tintindex":0,"rotation":0,"texture":"#0"},"up":{"uv":[6.4375,1.8125,6.0,1.3125],"tintindex":0,"rotation":0,"texture":"#0"},"down":{"uv":[6.875,1.3125,6.4375,1.8125],"tintindex":0,"rotation":0,"texture":"#0"}}}],"display":{"gui":{"rotation":[30,225,0]}}}