{"textures":{"0":"modelengine:entity/wolf_orcs_gamitamodels3"},"elements":[{"from":[4.01339,-1.9525452,1.6246266],"to":[9.38839,5.5474544,6.624626],"faces":{"east":{"uv":[3.9375,7.625,4.25,8.0625],"tintindex":0,"rotation":0,"texture":"#0"},"south":{"uv":[4.875,7.625,5.1875,8.0625],"tintindex":0,"rotation":0,"texture":"#0"},"north":{"uv":[4.25,7.625,4.5625,8.0625],"tintindex":0,"rotation":0,"texture":"#0"},"west":{"uv":[4.5625,7.625,4.875,8.0625],"tintindex":0,"rotation":0,"texture":"#0"},"up":{"uv":[4.5625,7.625,4.25,7.3125],"tintindex":0,"rotation":0,"texture":"#0"},"down":{"uv":[4.875,7.3125,4.5625,7.625],"tintindex":0,"rotation":0,"texture":"#0"}}},{"from":[3.63839,0.3966856,0.7695761],"to":[9.88839,7.896686,8.269576],"faces":{"east":{"uv":[2.9375,6.625,3.375,7.0625],"tintindex":0,"rotation":0,"texture":"#0"},"south":{"uv":[4.1875,6.625,4.5625,7.0625],"tintindex":0,"rotation":0,"texture":"#0"},"north":{"uv":[3.375,6.625,3.75,7.0625],"tintindex":0,"rotation":0,"texture":"#0"},"west":{"uv":[3.75,6.625,4.1875,7.0625],"tintindex":0,"rotation":0,"texture":"#0"},"up":{"uv":[3.75,6.625,3.375,6.1875],"tintindex":0,"rotation":0,"texture":"#0"},"down":{"uv":[4.125,6.1875,3.75,6.625],"tintindex":0,"rotation":0,"texture":"#0"}}}],"display":{"gui":{"rotation":[30,225,0]}}}