{"textures":{"0":"modelengine:entity/wolf_orcs_gamitamodels3"},"elements":[{"from":[4.75,7.8999996,1.75],"to":[6.25,9.15,7.0],"faces":{"east":{"uv":[2.0625,4.3125,2.375,4.375],"tintindex":0,"rotation":0,"texture":"#0"},"south":{"uv":[2.75,4.3125,2.8125,4.375],"tintindex":0,"rotation":0,"texture":"#0"},"north":{"uv":[2.375,4.3125,2.4375,4.375],"tintindex":0,"rotation":0,"texture":"#0"},"west":{"uv":[2.4375,4.3125,2.75,4.375],"tintindex":0,"rotation":0,"texture":"#0"},"up":{"uv":[2.4375,4.3125,2.375,4.0],"tintindex":0,"rotation":0,"texture":"#0"},"down":{"uv":[2.5,4.0,2.4375,4.3125],"tintindex":0,"rotation":0,"texture":"#0"}}},{"from":[4.75,7.8999996,3.25],"to":[6.25,9.15,3.5],"faces":{"south":{"uv":[0.0625,0.8125,0.125,0.875],"tintindex":0,"rotation":0,"texture":"#0"},"north":{"uv":[0.0,0.8125,0.0625,0.875],"tintindex":0,"rotation":0,"texture":"#0"}}},{"from":[9.375,7.1499996,-1.0],"to":[11.5,9.65,2.0],"faces":{"east":{"uv":[3.125,5.3125,3.3125,5.4375],"tintindex":0,"rotation":0,"texture":"#0"},"south":{"uv":[3.625,5.3125,3.75,5.4375],"tintindex":0,"rotation":0,"texture":"#0"},"north":{"uv":[3.3125,5.3125,3.4375,5.4375],"tintindex":0,"rotation":0,"texture":"#0"},"west":{"uv":[3.4375,5.3125,3.625,5.4375],"tintindex":0,"rotation":0,"texture":"#0"},"up":{"uv":[3.4375,5.3125,3.3125,5.125],"tintindex":0,"rotation":0,"texture":"#0"},"down":{"uv":[3.5625,5.125,3.4375,5.3125],"tintindex":0,"rotation":0,"texture":"#0"}},"rotation":{"origin":[7.9375,8.775,1.25],"angle":22.5,"axis":"x"}},{"from":[4.0,5.3999996,-1.625],"to":[12.0,8.4,8.5],"faces":{"east":{"uv":[2.25,0.625,2.875,0.8125],"tintindex":0,"rotation":0,"texture":"#0"},"south":{"uv":[4.0,0.625,4.5,0.8125],"tintindex":0,"rotation":0,"texture":"#0"},"north":{"uv":[2.875,0.625,3.375,0.8125],"tintindex":0,"rotation":0,"texture":"#0"},"west":{"uv":[3.375,0.625,4.0,0.8125],"tintindex":0,"rotation":0,"texture":"#0"},"up":{"uv":[3.375,0.625,2.875,0.0],"tintindex":0,"rotation":0,"texture":"#0"},"down":{"uv":[3.875,0.0,3.375,0.625],"tintindex":0,"rotation":0,"texture":"#0"}}},{"from":[9.75,7.8999996,1.75],"to":[11.25,9.15,7.0],"faces":{"east":{"uv":[3.625,4.3125,3.9375,4.375],"tintindex":0,"rotation":0,"texture":"#0"},"south":{"uv":[4.3125,4.3125,4.375,4.375],"tintindex":0,"rotation":0,"texture":"#0"},"north":{"uv":[3.9375,4.3125,4.0,4.375],"tintindex":0,"rotation":0,"texture":"#0"},"west":{"uv":[4.0,4.3125,4.3125,4.375],"tintindex":0,"rotation":0,"texture":"#0"},"up":{"uv":[4.0,4.3125,3.9375,4.0],"tintindex":0,"rotation":0,"texture":"#0"},"down":{"uv":[4.0625,4.0,4.0,4.3125],"tintindex":0,"rotation":0,"texture":"#0"}}},{"from":[6.25,7.8999996,-0.625],"to":[9.75,9.15,0.875],"faces":{"east":{"uv":[2.25,0.0625,2.3125,0.125],"tintindex":0,"rotation":0,"texture":"#0"},"south":{"uv":[2.5625,0.0625,2.75,0.125],"tintindex":0,"rotation":0,"texture":"#0"},"north":{"uv":[2.3125,0.0625,2.5,0.125],"tintindex":0,"rotation":0,"texture":"#0"},"west":{"uv":[2.5,0.0625,2.5625,0.125],"tintindex":0,"rotation":0,"texture":"#0"},"up":{"uv":[2.5,0.0625,2.3125,0.0],"tintindex":0,"rotation":0,"texture":"#0"},"down":{"uv":[2.6875,0.0,2.5,0.0625],"tintindex":0,"rotation":0,"texture":"#0"}}},{"from":[4.375,7.1499996,-1.0],"to":[6.5,9.65,2.0],"faces":{"east":{"uv":[1.25,5.0,1.4375,5.125],"tintindex":0,"rotation":0,"texture":"#0"},"south":{"uv":[1.75,5.0,1.875,5.125],"tintindex":0,"rotation":0,"texture":"#0"},"north":{"uv":[1.4375,5.0,1.5625,5.125],"tintindex":0,"rotation":0,"texture":"#0"},"west":{"uv":[1.5625,5.0,1.75,5.125],"tintindex":0,"rotation":0,"texture":"#0"},"up":{"uv":[1.5625,5.0,1.4375,4.8125],"tintindex":0,"rotation":0,"texture":"#0"},"down":{"uv":[1.6875,4.8125,1.5625,5.0],"tintindex":0,"rotation":0,"texture":"#0"}},"rotation":{"origin":[7.9375,8.775,1.25],"angle":22.5,"axis":"x"}}],"display":{"gui":{"rotation":[30,225,0]}}}