{"textures":{"0":"modelengine:entity/wolf_orcs_gamitamodels3"},"elements":[{"from":[3.941434,-0.8528786,-0.13946915],"to":[8.441434,2.147122,6.610531],"faces":{"east":{"uv":[1.0625,8.0,1.4375,8.1875],"tintindex":0,"rotation":0,"texture":"#0"},"south":{"uv":[2.0625,8.0,2.3125,8.1875],"tintindex":0,"rotation":0,"texture":"#0"},"north":{"uv":[1.4375,8.0,1.6875,8.1875],"tintindex":0,"rotation":0,"texture":"#0"},"west":{"uv":[1.6875,8.0,2.0625,8.1875],"tintindex":0,"rotation":0,"texture":"#0"},"up":{"uv":[1.6875,8.0,1.4375,7.625],"tintindex":0,"rotation":0,"texture":"#0"},"down":{"uv":[1.9375,7.625,1.6875,8.0],"tintindex":0,"rotation":0,"texture":"#0"}}},{"from":[3.2471228,0.76324034,-0.29973602],"to":[9.497123,8.263241,7.200264],"faces":{"east":{"uv":[5.375,6.25,5.8125,6.6875],"tintindex":0,"rotation":0,"texture":"#0"},"south":{"uv":[6.625,6.25,7.0,6.6875],"tintindex":0,"rotation":0,"texture":"#0"},"north":{"uv":[5.8125,6.25,6.1875,6.6875],"tintindex":0,"rotation":0,"texture":"#0"},"west":{"uv":[6.1875,6.25,6.625,6.6875],"tintindex":0,"rotation":0,"texture":"#0"},"up":{"uv":[6.1875,6.25,5.8125,5.8125],"tintindex":0,"rotation":0,"texture":"#0"},"down":{"uv":[6.5625,5.8125,6.1875,6.25],"tintindex":0,"rotation":0,"texture":"#0"}}}],"display":{"gui":{"rotation":[30,225,0]}}}