{"textures":{"0":"modelengine:entity/wolf_orcs_gamitamodels3"},"elements":[{"from":[5.5,5.3999996,7.875],"to":[10.5,10.9,19.875],"faces":{"east":{"uv":[0.0,4.4375,0.75,4.75],"tintindex":0,"rotation":0,"texture":"#0"},"south":{"uv":[1.8125,4.4375,2.125,4.75],"tintindex":0,"rotation":0,"texture":"#0"},"north":{"uv":[0.75,4.4375,1.0625,4.75],"tintindex":0,"rotation":0,"texture":"#0"},"west":{"uv":[1.0625,4.4375,1.8125,4.75],"tintindex":0,"rotation":0,"texture":"#0"},"up":{"uv":[1.0625,4.4375,0.75,3.6875],"tintindex":0,"rotation":0,"texture":"#0"},"down":{"uv":[1.375,3.6875,1.0625,4.4375],"tintindex":0,"rotation":0,"texture":"#0"}}}],"display":{"gui":{"rotation":[30,225,0]}}}