{"textures":{"0":"modelengine:entity/wolf_orcs_gamitamodels3"},"elements":[{"from":[6.7327375,4.79133,4.895273],"to":[10.232737,7.29133,9.145273],"faces":{"east":{"uv":[1.4375,4.0,1.6875,4.125],"tintindex":0,"rotation":0,"texture":"#0"},"south":{"uv":[2.125,4.0,2.3125,4.125],"tintindex":0,"rotation":0,"texture":"#0"},"north":{"uv":[1.6875,4.0,1.875,4.125],"tintindex":0,"rotation":0,"texture":"#0"},"west":{"uv":[1.875,4.0,2.125,4.125],"tintindex":0,"rotation":0,"texture":"#0"},"up":{"uv":[1.875,4.0,1.6875,3.75],"tintindex":0,"rotation":0,"texture":"#0"},"down":{"uv":[2.0625,3.75,1.875,4.0],"tintindex":0,"rotation":0,"texture":"#0"}}},{"from":[5.252877,5.063945,-3.4408789],"to":[11.502877,8.813945,6.559122],"faces":{"east":{"uv":[1.6875,5.75,2.3125,5.9375],"tintindex":0,"rotation":0,"texture":"#0"},"south":{"uv":[3.3125,5.75,3.6875,5.9375],"tintindex":0,"rotation":0,"texture":"#0"},"north":{"uv":[2.3125,5.75,2.6875,5.9375],"tintindex":0,"rotation":0,"texture":"#0"},"west":{"uv":[2.6875,5.75,3.3125,5.9375],"tintindex":0,"rotation":0,"texture":"#0"},"up":{"uv":[2.6875,5.75,2.3125,5.125],"tintindex":0,"rotation":0,"texture":"#0"},"down":{"uv":[3.0625,5.125,2.6875,5.75],"tintindex":0,"rotation":0,"texture":"#0"}}},{"from":[6.875,5.025,-6.0],"to":[10.375,7.525,2.0],"faces":{"east":{"uv":[6.9375,5.8125,7.4375,5.9375],"tintindex":0,"rotation":0,"texture":"#0"},"south":{"uv":[8.125,5.8125,8.3125,5.9375],"tintindex":0,"rotation":0,"texture":"#0"},"north":{"uv":[7.4375,5.8125,7.625,5.9375],"tintindex":0,"rotation":0,"texture":"#0"},"west":{"uv":[7.625,5.8125,8.125,5.9375],"tintindex":0,"rotation":0,"texture":"#0"},"up":{"uv":[7.625,5.8125,7.4375,5.3125],"tintindex":0,"rotation":0,"texture":"#0"},"down":{"uv":[7.8125,5.3125,7.625,5.8125],"tintindex":0,"rotation":0,"texture":"#0"}}},{"from":[2.625,5.025,-6.75],"to":[6.625,7.525,1.25],"faces":{"east":{"uv":[6.5625,0.875,7.0625,1.0],"tintindex":0,"rotation":0,"texture":"#0"},"south":{"uv":[7.8125,0.875,8.0625,1.0],"tintindex":0,"rotation":0,"texture":"#0"},"north":{"uv":[7.0625,0.875,7.3125,1.0],"tintindex":0,"rotation":0,"texture":"#0"},"west":{"uv":[7.3125,0.875,7.8125,1.0],"tintindex":0,"rotation":0,"texture":"#0"},"up":{"uv":[7.3125,0.875,7.0625,0.375],"tintindex":0,"rotation":0,"texture":"#0"},"down":{"uv":[7.5625,0.375,7.3125,0.875],"tintindex":0,"rotation":0,"texture":"#0"}},"rotation":{"origin":[8.5,6.275,-4.875],"angle":22.5,"axis":"y"}},{"from":[10.125,5.025,-6.75],"to":[14.125,7.525,1.25],"faces":{"east":{"uv":[0.0,6.9375,0.5,7.0625],"tintindex":0,"rotation":0,"texture":"#0"},"south":{"uv":[1.25,6.9375,1.5,7.0625],"tintindex":0,"rotation":0,"texture":"#0"},"north":{"uv":[0.5,6.9375,0.75,7.0625],"tintindex":0,"rotation":0,"texture":"#0"},"west":{"uv":[0.75,6.9375,1.25,7.0625],"tintindex":0,"rotation":0,"texture":"#0"},"up":{"uv":[0.75,6.9375,0.5,6.4375],"tintindex":0,"rotation":0,"texture":"#0"},"down":{"uv":[1.0,6.4375,0.75,6.9375],"tintindex":0,"rotation":0,"texture":"#0"}},"rotation":{"origin":[8.5,6.275,-4.875],"angle":-22.5,"axis":"y"}}],"display":{"gui":{"rotation":[30,225,0]}}}