{"textures":{"0":"modelengine:entity/wolf_orcs_gamitamodels3"},"elements":[{"from":[5.375,5.025,-4.75],"to":[8.875,7.525,3.25],"faces":{"east":{"uv":[6.75,7.4375,7.25,7.5625],"tintindex":0,"rotation":0,"texture":"#0"},"south":{"uv":[7.9375,7.4375,8.125,7.5625],"tintindex":0,"rotation":0,"texture":"#0"},"north":{"uv":[7.25,7.4375,7.4375,7.5625],"tintindex":0,"rotation":0,"texture":"#0"},"west":{"uv":[7.4375,7.4375,7.9375,7.5625],"tintindex":0,"rotation":0,"texture":"#0"},"up":{"uv":[7.4375,7.4375,7.25,6.9375],"tintindex":0,"rotation":0,"texture":"#0"},"down":{"uv":[7.625,6.9375,7.4375,7.4375],"tintindex":0,"rotation":0,"texture":"#0"}}},{"from":[4.497123,5.0327578,-2.1914902],"to":[10.747123,8.782758,7.80851],"faces":{"east":{"uv":[3.75,5.9375,4.375,6.125],"tintindex":0,"rotation":0,"texture":"#0"},"south":{"uv":[5.375,5.9375,5.75,6.125],"tintindex":0,"rotation":0,"texture":"#0"},"north":{"uv":[4.375,5.9375,4.75,6.125],"tintindex":0,"rotation":0,"texture":"#0"},"west":{"uv":[4.75,5.9375,5.375,6.125],"tintindex":0,"rotation":0,"texture":"#0"},"up":{"uv":[4.75,5.9375,4.375,5.3125],"tintindex":0,"rotation":0,"texture":"#0"},"down":{"uv":[5.125,5.3125,4.75,5.9375],"tintindex":0,"rotation":0,"texture":"#0"}}},{"from":[8.875,5.025,-5.5],"to":[12.875,7.525,2.5],"faces":{"east":{"uv":[6.5625,6.75,7.0625,6.875],"tintindex":0,"rotation":0,"texture":"#0"},"south":{"uv":[7.8125,6.75,8.0625,6.875],"tintindex":0,"rotation":0,"texture":"#0"},"north":{"uv":[7.0625,6.75,7.3125,6.875],"tintindex":0,"rotation":0,"texture":"#0"},"west":{"uv":[7.3125,6.75,7.8125,6.875],"tintindex":0,"rotation":0,"texture":"#0"},"up":{"uv":[7.3125,6.75,7.0625,6.25],"tintindex":0,"rotation":0,"texture":"#0"},"down":{"uv":[7.5625,6.25,7.3125,6.75],"tintindex":0,"rotation":0,"texture":"#0"}},"rotation":{"origin":[7.25,6.275,-3.625],"angle":-22.5,"axis":"y"}},{"from":[5.767263,4.9784513,6.148941],"to":[9.267262,7.4784513,10.398941],"faces":{"east":{"uv":[3.9375,0.25,4.1875,0.375],"tintindex":0,"rotation":0,"texture":"#0"},"south":{"uv":[4.625,0.25,4.8125,0.375],"tintindex":0,"rotation":0,"texture":"#0"},"north":{"uv":[4.1875,0.25,4.375,0.375],"tintindex":0,"rotation":0,"texture":"#0"},"west":{"uv":[4.375,0.25,4.625,0.375],"tintindex":0,"rotation":0,"texture":"#0"},"up":{"uv":[4.375,0.25,4.1875,0.0],"tintindex":0,"rotation":0,"texture":"#0"},"down":{"uv":[4.5625,0.0,4.375,0.25],"tintindex":0,"rotation":0,"texture":"#0"}}},{"from":[1.375,5.025,-5.5],"to":[5.375,7.525,2.5],"faces":{"east":{"uv":[4.125,7.125,4.625,7.25],"tintindex":0,"rotation":0,"texture":"#0"},"south":{"uv":[5.375,7.125,5.625,7.25],"tintindex":0,"rotation":0,"texture":"#0"},"north":{"uv":[4.625,7.125,4.875,7.25],"tintindex":0,"rotation":0,"texture":"#0"},"west":{"uv":[4.875,7.125,5.375,7.25],"tintindex":0,"rotation":0,"texture":"#0"},"up":{"uv":[4.875,7.125,4.625,6.625],"tintindex":0,"rotation":0,"texture":"#0"},"down":{"uv":[5.125,6.625,4.875,7.125],"tintindex":0,"rotation":0,"texture":"#0"}},"rotation":{"origin":[7.25,6.275,-3.625],"angle":22.5,"axis":"y"}}],"display":{"gui":{"rotation":[30,225,0]}}}