{"textures":{"0":"modelengine:entity/wolf_orcs_gamitamodels3"},"elements":[{"from":[6.0458117,0.65630245,1.0764875],"to":[12.295812,8.156302,8.576488],"faces":{"east":{"uv":[1.25,6.4375,1.6875,6.875],"tintindex":0,"rotation":0,"texture":"#0"},"south":{"uv":[2.5,6.4375,2.875,6.875],"tintindex":0,"rotation":0,"texture":"#0"},"north":{"uv":[1.6875,6.4375,2.0625,6.875],"tintindex":0,"rotation":0,"texture":"#0"},"west":{"uv":[2.0625,6.4375,2.5,6.875],"tintindex":0,"rotation":0,"texture":"#0"},"up":{"uv":[2.0625,6.4375,1.6875,6.0],"tintindex":0,"rotation":0,"texture":"#0"},"down":{"uv":[2.4375,6.0,2.0625,6.4375],"tintindex":0,"rotation":0,"texture":"#0"}}},{"from":[6.4208117,-1.6929293,1.9315376],"to":[11.795812,5.8070707,6.9315376],"faces":{"east":{"uv":[2.625,7.4375,2.9375,7.875],"tintindex":0,"rotation":0,"texture":"#0"},"south":{"uv":[3.5625,7.4375,3.875,7.875],"tintindex":0,"rotation":0,"texture":"#0"},"north":{"uv":[2.9375,7.4375,3.25,7.875],"tintindex":0,"rotation":0,"texture":"#0"},"west":{"uv":[3.25,7.4375,3.5625,7.875],"tintindex":0,"rotation":0,"texture":"#0"},"up":{"uv":[3.25,7.4375,2.9375,7.125],"tintindex":0,"rotation":0,"texture":"#0"},"down":{"uv":[3.5625,7.125,3.25,7.4375],"tintindex":0,"rotation":0,"texture":"#0"}}}],"display":{"gui":{"rotation":[30,225,0]}}}