{"textures":{"0":"modelengine:entity/wolf_orcs_gamitamodels3"},"elements":[{"from":[5.125,3.2641764,-7.249998],"to":[11.0,4.3891764,-5.749998],"faces":{"east":{"uv":[0.0,0.6875,0.0625,0.75],"tintindex":0,"rotation":0,"texture":"#0"},"south":{"uv":[0.4375,0.6875,0.75,0.75],"tintindex":0,"rotation":0,"texture":"#0"},"north":{"uv":[0.0625,0.6875,0.375,0.75],"tintindex":0,"rotation":0,"texture":"#0"},"west":{"uv":[0.375,0.6875,0.4375,0.75],"tintindex":0,"rotation":0,"texture":"#0"},"up":{"uv":[0.375,0.6875,0.0625,0.625],"tintindex":0,"rotation":0,"texture":"#0"},"down":{"uv":[0.6875,0.625,0.375,0.6875],"tintindex":0,"rotation":0,"texture":"#0"}}},{"from":[16.294945,2.7641773,-1.8312454],"to":[16.294945,13.264178,3.9187546],"faces":{"east":{"uv":[7.5625,7.9375,7.875,8.5625],"tintindex":0,"rotation":0,"texture":"#0"},"west":{"uv":[7.875,7.9375,8.1875,8.5625],"tintindex":0,"rotation":0,"texture":"#0"}},"rotation":{"origin":[16.294945,8.014177,4.1687546],"angle":22.5,"axis":"y"}},{"from":[-0.29610062,2.7641773,-1.8317232],"to":[-0.29610062,13.264178,5.168277],"faces":{"east":{"uv":[5.25,7.9375,5.6875,8.5625],"tintindex":0,"rotation":0,"texture":"#0"},"west":{"uv":[5.6875,7.9375,6.125,8.5625],"tintindex":0,"rotation":0,"texture":"#0"}},"rotation":{"origin":[-0.29610062,8.014177,4.168277],"angle":-22.5,"axis":"y"}},{"from":[4.75,3.2641764,-4.375],"to":[6.25,4.1391764,5.5],"faces":{"up":{"uv":[8.1875,4.75,8.125,4.1875],"tintindex":0,"rotation":0,"texture":"#0"},"down":{"uv":[8.25,4.1875,8.1875,4.75],"tintindex":0,"rotation":0,"texture":"#0"}}},{"from":[2.0,3.9891768,-3.5],"to":[14.0,12.489177,8.5],"faces":{"east":{"uv":[2.4375,1.8125,3.1875,2.3125],"tintindex":0,"rotation":0,"texture":"#0"},"south":{"uv":[4.6875,1.8125,5.4375,2.3125],"tintindex":0,"rotation":0,"texture":"#0"},"north":{"uv":[3.1875,1.8125,3.9375,2.3125],"tintindex":0,"rotation":0,"texture":"#0"},"west":{"uv":[3.9375,1.8125,4.6875,2.3125],"tintindex":0,"rotation":0,"texture":"#0"},"up":{"uv":[3.9375,1.8125,3.1875,1.0625],"tintindex":0,"rotation":0,"texture":"#0"},"down":{"uv":[4.6875,1.0625,3.9375,1.8125],"tintindex":0,"rotation":0,"texture":"#0"}}},{"from":[9.75,3.2641764,-4.375],"to":[11.25,6.6391764,5.5],"faces":{"east":{"uv":[4.25,3.375,4.8125,3.5625],"tintindex":0,"rotation":0,"texture":"#0"},"south":{"uv":[5.4375,3.375,5.5,3.5625],"tintindex":0,"rotation":0,"texture":"#0"},"north":{"uv":[4.8125,3.375,4.875,3.5625],"tintindex":0,"rotation":0,"texture":"#0"},"west":{"uv":[4.875,3.375,5.4375,3.5625],"tintindex":0,"rotation":0,"texture":"#0"},"up":{"uv":[4.875,3.375,4.8125,2.8125],"tintindex":0,"rotation":0,"texture":"#0"},"down":{"uv":[4.9375,2.8125,4.875,3.375],"tintindex":0,"rotation":0,"texture":"#0"}}},{"from":[1.5500002,10.638938,1.0109053],"to":[5.7,16.888939,2.5109053],"faces":{"east":{"uv":[0.0,0.0625,0.0625,0.4375],"tintindex":0,"rotation":0,"texture":"#0"},"south":{"uv":[0.375,0.0625,0.625,0.4375],"tintindex":0,"rotation":0,"texture":"#0"},"north":{"uv":[0.0625,0.0625,0.3125,0.4375],"tintindex":0,"rotation":0,"texture":"#0"},"west":{"uv":[0.3125,0.0625,0.375,0.4375],"tintindex":0,"rotation":0,"texture":"#0"},"up":{"uv":[0.3125,0.0625,0.0625,0.0],"tintindex":0,"rotation":0,"texture":"#0"},"down":{"uv":[0.5625,0.0,0.3125,0.0625],"tintindex":0,"rotation":0,"texture":"#0"}}},{"from":[10.3,10.638938,1.0109053],"to":[14.45,16.888939,2.5109053],"faces":{"east":{"uv":[0.0,1.875,0.0625,2.25],"tintindex":0,"rotation":0,"texture":"#0"},"south":{"uv":[0.375,1.875,0.625,2.25],"tintindex":0,"rotation":0,"texture":"#0"},"north":{"uv":[0.0625,1.875,0.3125,2.25],"tintindex":0,"rotation":0,"texture":"#0"},"west":{"uv":[0.3125,1.875,0.375,2.25],"tintindex":0,"rotation":0,"texture":"#0"},"up":{"uv":[0.3125,1.875,0.0625,1.8125],"tintindex":0,"rotation":0,"texture":"#0"},"down":{"uv":[0.5625,1.8125,0.3125,1.875],"tintindex":0,"rotation":0,"texture":"#0"}}},{"from":[3.5,0.88917637,2.5],"to":[12.5,3.8891764,8.5],"faces":{"east":{"uv":[6.1875,4.5,6.5625,4.6875],"tintindex":0,"rotation":0,"texture":"#0"},"south":{"uv":[7.5,4.5,8.0625,4.6875],"tintindex":0,"rotation":0,"texture":"#0"},"north":{"uv":[6.5625,4.5,7.125,4.6875],"tintindex":0,"rotation":0,"texture":"#0"},"west":{"uv":[7.125,4.5,7.5,4.6875],"tintindex":0,"rotation":0,"texture":"#0"},"up":{"uv":[7.125,4.5,6.5625,4.125],"tintindex":0,"rotation":0,"texture":"#0"},"down":{"uv":[7.6875,4.125,7.125,4.5],"tintindex":0,"rotation":0,"texture":"#0"}}},{"from":[3.5,3.8891764,-9.625],"to":[12.5,8.389176,5.5],"faces":{"east":{"uv":[2.125,3.6875,3.0625,3.9375],"tintindex":0,"rotation":0,"texture":"#0"},"south":{"uv":[4.5625,3.6875,5.125,3.9375],"tintindex":0,"rotation":0,"texture":"#0"},"north":{"uv":[3.0625,3.6875,3.625,3.9375],"tintindex":0,"rotation":0,"texture":"#0"},"west":{"uv":[3.625,3.6875,4.5625,3.9375],"tintindex":0,"rotation":0,"texture":"#0"},"up":{"uv":[3.625,3.6875,3.0625,2.75],"tintindex":0,"rotation":0,"texture":"#0"},"down":{"uv":[4.1875,2.75,3.625,3.6875],"tintindex":0,"rotation":0,"texture":"#0"}}},{"from":[10.5,3.3891764,-7.5],"to":[12.0,6.3891764,-2.75],"faces":{"east":{"uv":[4.75,1.5625,5.0,1.75],"tintindex":0,"rotation":0,"texture":"#0"},"south":{"uv":[5.3125,1.5625,5.375,1.75],"tintindex":0,"rotation":0,"texture":"#0"},"north":{"uv":[5.0,1.5625,5.0625,1.75],"tintindex":0,"rotation":0,"texture":"#0"},"west":{"uv":[5.0625,1.5625,5.3125,1.75],"tintindex":0,"rotation":0,"texture":"#0"},"up":{"uv":[5.0625,1.5625,5.0,1.3125],"tintindex":0,"rotation":0,"texture":"#0"},"down":{"uv":[5.125,1.3125,5.0625,1.5625],"tintindex":0,"rotation":0,"texture":"#0"}},"rotation":{"origin":[8.0,3.0766764,-3.1875],"angle":-22.5,"axis":"x"}},{"from":[4.0,3.3891764,-7.5],"to":[5.5,6.3891764,-2.75],"faces":{"east":{"uv":[0.0,3.9375,0.25,4.125],"tintindex":0,"rotation":0,"texture":"#0"},"south":{"uv":[0.5625,3.9375,0.625,4.125],"tintindex":0,"rotation":0,"texture":"#0"},"north":{"uv":[0.25,3.9375,0.3125,4.125],"tintindex":0,"rotation":0,"texture":"#0"},"west":{"uv":[0.3125,3.9375,0.5625,4.125],"tintindex":0,"rotation":0,"texture":"#0"},"up":{"uv":[0.3125,3.9375,0.25,3.6875],"tintindex":0,"rotation":0,"texture":"#0"},"down":{"uv":[0.375,3.6875,0.3125,3.9375],"tintindex":0,"rotation":0,"texture":"#0"}},"rotation":{"origin":[8.0,3.0766764,-3.1875],"angle":-22.5,"axis":"x"}}],"display":{"gui":{"rotation":[30,225,0]}}}