{"textures":{"0":"modelengine:entity/wolf_orcs_gamitamodels3"},"elements":[{"from":[8.0,-3.5166664,4.208334],"to":[14.25,8.983334,12.958334],"faces":{"east":{"uv":[4.75,0.5,5.25,1.25],"tintindex":0,"rotation":0,"texture":"#0"},"south":{"uv":[6.125,0.5,6.5,1.25],"tintindex":0,"rotation":0,"texture":"#0"},"north":{"uv":[5.25,0.5,5.625,1.25],"tintindex":0,"rotation":0,"texture":"#0"},"west":{"uv":[5.625,0.5,6.125,1.25],"tintindex":0,"rotation":0,"texture":"#0"},"up":{"uv":[5.625,0.5,5.25,0.0],"tintindex":0,"rotation":0,"texture":"#0"},"down":{"uv":[6.0,0.0,5.625,0.5],"tintindex":0,"rotation":0,"texture":"#0"}}}],"display":{"gui":{"rotation":[30,225,0]}}}