{"textures":{"0":"modelengine:entity/wolf_orcs_gamitamodels3"},"elements":[{"from":[1.75,-3.5166664,4.208334],"to":[8.0,8.983334,12.958334],"faces":{"east":{"uv":[4.375,4.5,4.875,5.25],"tintindex":0,"rotation":0,"texture":"#0"},"south":{"uv":[5.75,4.5,6.125,5.25],"tintindex":0,"rotation":0,"texture":"#0"},"north":{"uv":[4.875,4.5,5.25,5.25],"tintindex":0,"rotation":0,"texture":"#0"},"west":{"uv":[5.25,4.5,5.75,5.25],"tintindex":0,"rotation":0,"texture":"#0"},"up":{"uv":[5.25,4.5,4.875,4.0],"tintindex":0,"rotation":0,"texture":"#0"},"down":{"uv":[5.625,4.0,5.25,4.5],"tintindex":0,"rotation":0,"texture":"#0"}}}],"display":{"gui":{"rotation":[30,225,0]}}}