{"textures":{"0":"modelengine:entity/wolf_orcs_gamitamodels3"},"elements":[{"from":[2.7916665,-0.7113209,-6.038492],"to":[14.041666,15.538678,7.7115073],"faces":{"east":{"uv":[0.0,2.625,0.8125,3.625],"tintindex":0,"rotation":0,"texture":"#0"},"south":{"uv":[2.3125,2.625,3.0,3.625],"tintindex":0,"rotation":0,"texture":"#0"},"north":{"uv":[0.8125,2.625,1.5,3.625],"tintindex":0,"rotation":0,"texture":"#0"},"west":{"uv":[1.5,2.625,2.3125,3.625],"tintindex":0,"rotation":0,"texture":"#0"},"up":{"uv":[1.5,2.625,0.8125,1.8125],"tintindex":0,"rotation":0,"texture":"#0"},"down":{"uv":[2.1875,1.8125,1.5,2.625],"tintindex":0,"rotation":0,"texture":"#0"}}},{"from":[3.4166665,10.663873,-5.0542984],"to":[13.416666,10.663873,0.6957021],"faces":{"up":{"uv":[7.0,0.3125,6.375,0.0],"tintindex":0,"rotation":0,"texture":"#0"},"down":{"uv":[7.625,0.0,7.0,0.3125],"tintindex":0,"rotation":0,"texture":"#0"}},"rotation":{"origin":[5.666667,11.913873,-11.429298],"angle":-45.0,"axis":"x"}}],"display":{"gui":{"rotation":[30,225,0]}}}