{"textures":{"0":"modelengine:entity/pa_endergrade"},"elements":[{"from":[3.0,8.0,2.0],"to":[6.0,15.0,6.0],"faces":{"east":{"uv":[0.0,10.25,1.0,12.0],"tintindex":0,"rotation":0,"texture":"#0"},"south":{"uv":[2.75,10.25,3.5,12.0],"tintindex":0,"rotation":0,"texture":"#0"},"north":{"uv":[1.0,10.25,1.75,12.0],"tintindex":0,"rotation":0,"texture":"#0"},"west":{"uv":[1.75,10.25,2.75,12.0],"tintindex":0,"rotation":0,"texture":"#0"},"up":{"uv":[1.75,10.25,1.0,9.25],"tintindex":0,"rotation":0,"texture":"#0"},"down":{"uv":[2.5,9.25,1.75,10.25],"tintindex":0,"rotation":0,"texture":"#0"}}},{"from":[11.0,8.0,8.0],"to":[14.0,15.0,12.0],"faces":{"east":{"uv":[0.0,10.25,1.0,12.0],"tintindex":0,"rotation":0,"texture":"#0"},"south":{"uv":[2.75,10.25,3.5,12.0],"tintindex":0,"rotation":0,"texture":"#0"},"north":{"uv":[1.0,10.25,1.75,12.0],"tintindex":0,"rotation":0,"texture":"#0"},"west":{"uv":[1.75,10.25,2.75,12.0],"tintindex":0,"rotation":0,"texture":"#0"},"up":{"uv":[1.75,10.25,1.0,9.25],"tintindex":0,"rotation":0,"texture":"#0"},"down":{"uv":[2.5,9.25,1.75,10.25],"tintindex":0,"rotation":0,"texture":"#0"}}},{"from":[11.0,8.0,14.0],"to":[14.0,15.0,18.0],"faces":{"east":{"uv":[2.75,12.25,3.75,14.0],"tintindex":0,"rotation":0,"texture":"#0"},"south":{"uv":[5.5,12.25,6.25,14.0],"tintindex":0,"rotation":0,"texture":"#0"},"north":{"uv":[3.75,12.25,4.5,14.0],"tintindex":0,"rotation":0,"texture":"#0"},"west":{"uv":[4.5,12.25,5.5,14.0],"tintindex":0,"rotation":0,"texture":"#0"},"up":{"uv":[4.5,12.25,3.75,11.25],"tintindex":0,"rotation":0,"texture":"#0"},"down":{"uv":[5.25,11.25,4.5,12.25],"tintindex":0,"rotation":0,"texture":"#0"}}},{"from":[3.0,8.0,8.0],"to":[6.0,15.0,12.0],"faces":{"east":{"uv":[2.75,12.25,3.75,14.0],"tintindex":0,"rotation":0,"texture":"#0"},"south":{"uv":[5.5,12.25,6.25,14.0],"tintindex":0,"rotation":0,"texture":"#0"},"north":{"uv":[3.75,12.25,4.5,14.0],"tintindex":0,"rotation":0,"texture":"#0"},"west":{"uv":[4.5,12.25,5.5,14.0],"tintindex":0,"rotation":0,"texture":"#0"},"up":{"uv":[4.5,12.25,3.75,11.25],"tintindex":0,"rotation":0,"texture":"#0"},"down":{"uv":[5.25,11.25,4.5,12.25],"tintindex":0,"rotation":0,"texture":"#0"}}},{"from":[5.5,14.0,-4.0],"to":[11.5,20.0,0.0],"faces":{"east":{"uv":[8.75,5.0,9.75,6.5],"tintindex":0,"rotation":0,"texture":"#0"},"south":{"uv":[12.25,5.0,13.75,6.5],"tintindex":0,"rotation":0,"texture":"#0"},"north":{"uv":[9.75,5.0,11.25,6.5],"tintindex":0,"rotation":0,"texture":"#0"},"west":{"uv":[11.25,5.0,12.25,6.5],"tintindex":0,"rotation":0,"texture":"#0"},"up":{"uv":[11.25,5.0,9.75,4.0],"tintindex":0,"rotation":0,"texture":"#0"},"down":{"uv":[12.75,4.0,11.25,5.0],"tintindex":0,"rotation":0,"texture":"#0"}}},{"from":[11.0,8.0,2.0],"to":[14.0,15.0,6.0],"faces":{"east":{"uv":[9.75,1.0,10.75,2.75],"tintindex":0,"rotation":0,"texture":"#0"},"south":{"uv":[12.5,1.0,13.25,2.75],"tintindex":0,"rotation":0,"texture":"#0"},"north":{"uv":[10.75,1.0,11.5,2.75],"tintindex":0,"rotation":0,"texture":"#0"},"west":{"uv":[11.5,1.0,12.5,2.75],"tintindex":0,"rotation":0,"texture":"#0"},"up":{"uv":[11.5,1.0,10.75,0.0],"tintindex":0,"rotation":0,"texture":"#0"},"down":{"uv":[12.25,0.0,11.5,1.0],"tintindex":0,"rotation":0,"texture":"#0"}}},{"from":[7.0,15.0,-5.0],"to":[10.0,18.0,-2.0],"faces":{"east":{"uv":[6.5,12.25,7.25,13.0],"tintindex":0,"rotation":0,"texture":"#0"},"south":{"uv":[8.75,12.25,9.5,13.0],"tintindex":0,"rotation":0,"texture":"#0"},"north":{"uv":[7.25,12.25,8.0,13.0],"tintindex":0,"rotation":0,"texture":"#0"},"west":{"uv":[8.0,12.25,8.75,13.0],"tintindex":0,"rotation":0,"texture":"#0"},"up":{"uv":[8.0,12.25,7.25,11.5],"tintindex":0,"rotation":0,"texture":"#0"},"down":{"uv":[8.75,11.5,8.0,12.25],"tintindex":0,"rotation":0,"texture":"#0"}}},{"from":[3.0,8.0,14.0],"to":[6.0,15.0,18.0],"faces":{"east":{"uv":[9.75,1.0,10.75,2.75],"tintindex":0,"rotation":0,"texture":"#0"},"south":{"uv":[12.5,1.0,13.25,2.75],"tintindex":0,"rotation":0,"texture":"#0"},"north":{"uv":[10.75,1.0,11.5,2.75],"tintindex":0,"rotation":0,"texture":"#0"},"west":{"uv":[11.5,1.0,12.5,2.75],"tintindex":0,"rotation":0,"texture":"#0"},"up":{"uv":[11.5,1.0,10.75,0.0],"tintindex":0,"rotation":0,"texture":"#0"},"down":{"uv":[12.25,0.0,11.5,1.0],"tintindex":0,"rotation":0,"texture":"#0"}}},{"from":[4.5,14.5,15.0],"to":[11.5,21.5,24.0],"faces":{"east":{"uv":[0.0,7.25,2.25,9.0],"tintindex":0,"rotation":0,"texture":"#0"},"south":{"uv":[6.25,7.25,8.0,9.0],"tintindex":0,"rotation":0,"texture":"#0"},"north":{"uv":[2.25,7.25,4.0,9.0],"tintindex":0,"rotation":0,"texture":"#0"},"west":{"uv":[4.0,7.25,6.25,9.0],"tintindex":0,"rotation":0,"texture":"#0"},"up":{"uv":[4.0,7.25,2.25,5.0],"tintindex":0,"rotation":0,"texture":"#0"},"down":{"uv":[5.75,5.0,4.0,7.25],"tintindex":0,"rotation":0,"texture":"#0"}},"rotation":{"origin":[8.0,8.0,8.0],"angle":0.0,"axis":"x"}},{"from":[4.5,13.5,0.0],"to":[12.5,21.5,8.0],"faces":{"east":{"uv":[6.25,9.25,8.25,11.25],"tintindex":0,"rotation":0,"texture":"#0"},"south":{"uv":[12.25,9.25,14.25,11.25],"tintindex":0,"rotation":0,"texture":"#0"},"north":{"uv":[8.25,9.25,10.25,11.25],"tintindex":0,"rotation":0,"texture":"#0"},"west":{"uv":[10.25,9.25,12.25,11.25],"tintindex":0,"rotation":0,"texture":"#0"},"up":{"uv":[10.25,9.25,8.25,7.25],"tintindex":0,"rotation":0,"texture":"#0"},"down":{"uv":[12.25,7.25,10.25,9.25],"tintindex":0,"rotation":0,"texture":"#0"}}},{"from":[4.0,13.0,8.0],"to":[13.0,22.0,18.0],"faces":{"east":{"uv":[0.0,2.5,2.5,4.75],"tintindex":0,"rotation":0,"texture":"#0"},"south":{"uv":[7.25,2.5,9.5,4.75],"tintindex":0,"rotation":0,"texture":"#0"},"north":{"uv":[2.5,2.5,4.75,4.75],"tintindex":0,"rotation":0,"texture":"#0"},"west":{"uv":[4.75,2.5,7.25,4.75],"tintindex":0,"rotation":0,"texture":"#0"},"up":{"uv":[4.75,2.5,2.5,0.0],"tintindex":0,"rotation":0,"texture":"#0"},"down":{"uv":[7.0,0.0,4.75,2.5],"tintindex":0,"rotation":0,"texture":"#0"}}}]}