{"textures":{"0":"modelengine:entity/pa_bison"},"elements":[{"from":[10.5,4.5,-3.0],"to":[12.5,11.5,-1.0],"faces":{"east":{"uv":[0.0,0.25,0.25,1.125],"tintindex":0,"rotation":0,"texture":"#0"},"south":{"uv":[0.75,0.25,1.0,1.125],"tintindex":0,"rotation":0,"texture":"#0"},"north":{"uv":[0.25,0.25,0.5,1.125],"tintindex":0,"rotation":0,"texture":"#0"},"west":{"uv":[0.5,0.25,0.75,1.125],"tintindex":0,"rotation":0,"texture":"#0"},"up":{"uv":[0.5,0.25,0.25,0.0],"tintindex":0,"rotation":0,"texture":"#0"},"down":{"uv":[0.75,0.0,0.5,0.25],"tintindex":0,"rotation":0,"texture":"#0"}}},{"from":[-3.5,4.5,-3.0],"to":[-1.5,11.5,-1.0],"faces":{"east":{"uv":[0.75,0.25,0.5,1.125],"tintindex":0,"rotation":0,"texture":"#0"},"south":{"uv":[1.0,0.25,0.75,1.125],"tintindex":0,"rotation":0,"texture":"#0"},"north":{"uv":[0.5,0.25,0.25,1.125],"tintindex":0,"rotation":0,"texture":"#0"},"west":{"uv":[0.25,0.25,0.0,1.125],"tintindex":0,"rotation":0,"texture":"#0"},"up":{"uv":[0.25,0.25,0.5,0.0],"tintindex":0,"rotation":0,"texture":"#0"},"down":{"uv":[0.5,0.0,0.75,0.25],"tintindex":0,"rotation":0,"texture":"#0"}}}]}