{"textures":{"0":"modelengine:entity/orc_samurai_gamitamodels"},"elements":[{"from":[5.7142,7.5952005,6.4952],"to":[10.2858,11.3264,9.5048],"faces":{"east":{"uv":[0.0,10.125,0.625,10.875],"tintindex":0,"rotation":0,"texture":"#0"},"south":{"uv":[2.25,10.125,3.25,10.875],"tintindex":0,"rotation":0,"texture":"#0"},"north":{"uv":[0.625,10.125,1.625,10.875],"tintindex":0,"rotation":0,"texture":"#0"},"west":{"uv":[1.625,10.125,2.25,10.875],"tintindex":0,"rotation":0,"texture":"#0"},"up":{"uv":[1.625,10.125,0.625,9.5],"tintindex":0,"rotation":0,"texture":"#0"},"down":{"uv":[2.625,9.5,1.625,10.125],"tintindex":0,"rotation":0,"texture":"#0"}}},{"from":[6.6239,6.19424,4.8441],"to":[9.376101,8.45144,6.8714],"faces":{"east":{"uv":[10.875,0.375,11.25,0.875],"tintindex":0,"rotation":0,"texture":"#0"},"south":{"uv":[12.25,0.375,12.875,0.875],"tintindex":0,"rotation":0,"texture":"#0"},"north":{"uv":[11.25,0.375,11.875,0.875],"tintindex":0,"rotation":0,"texture":"#0"},"west":{"uv":[11.875,0.375,12.25,0.875],"tintindex":0,"rotation":0,"texture":"#0"},"up":{"uv":[11.875,0.375,11.25,0.0],"tintindex":0,"rotation":0,"texture":"#0"},"down":{"uv":[12.5,0.0,11.875,0.375],"tintindex":0,"rotation":0,"texture":"#0"}}},{"from":[9.6489,26.54424,9.7390995],"to":[11.3011,27.70144,10.8314],"faces":{"east":{"uv":[3.125,0.125,3.25,0.375],"tintindex":0,"rotation":0,"texture":"#0"},"south":{"uv":[3.75,0.125,4.125,0.375],"tintindex":0,"rotation":0,"texture":"#0"},"north":{"uv":[3.25,0.125,3.625,0.375],"tintindex":0,"rotation":0,"texture":"#0"},"west":{"uv":[3.625,0.125,3.75,0.375],"tintindex":0,"rotation":0,"texture":"#0"},"up":{"uv":[3.625,0.125,3.25,0.0],"tintindex":0,"rotation":0,"texture":"#0"},"down":{"uv":[4.0,0.0,3.625,0.125],"tintindex":0,"rotation":0,"texture":"#0"}}},{"from":[4.0642,6.4952,3.1952],"to":[5.8858,9.1264,16.6548],"faces":{"east":{"uv":[4.375,3.0,7.375,3.5],"tintindex":0,"rotation":0,"texture":"#0"},"south":{"uv":[10.75,3.0,11.125,3.5],"tintindex":0,"rotation":0,"texture":"#0"},"north":{"uv":[7.375,3.0,7.75,3.5],"tintindex":0,"rotation":0,"texture":"#0"},"west":{"uv":[7.75,3.0,10.75,3.5],"tintindex":0,"rotation":0,"texture":"#0"},"up":{"uv":[7.75,3.0,7.375,0.0],"tintindex":0,"rotation":0,"texture":"#0"},"down":{"uv":[8.125,0.0,7.75,3.0],"tintindex":0,"rotation":0,"texture":"#0"}},"rotation":{"origin":[4.975,7.8108006,9.375],"angle":22.5,"axis":"x"}},{"from":[7.1739,5.09424,5.1191],"to":[8.826099,6.25144,6.2114],"faces":{"east":{"uv":[3.125,0.125,3.25,0.375],"tintindex":0,"rotation":0,"texture":"#0"},"south":{"uv":[3.75,0.125,4.125,0.375],"tintindex":0,"rotation":0,"texture":"#0"},"north":{"uv":[3.25,0.125,3.625,0.375],"tintindex":0,"rotation":0,"texture":"#0"},"west":{"uv":[3.625,0.125,3.75,0.375],"tintindex":0,"rotation":0,"texture":"#0"},"up":{"uv":[3.625,0.125,3.25,0.0],"tintindex":0,"rotation":0,"texture":"#0"},"down":{"uv":[4.0,0.0,3.625,0.125],"tintindex":0,"rotation":0,"texture":"#0"}}},{"from":[9.69026,10.51152,9.668039],"to":[11.25974,14.6264,11.38052],"faces":{"east":{"uv":[5.25,8.5,5.5,9.375],"tintindex":0,"rotation":0,"texture":"#0"},"south":{"uv":[6.0,8.5,6.25,9.375],"tintindex":0,"rotation":0,"texture":"#0"},"north":{"uv":[5.5,8.5,5.75,9.375],"tintindex":0,"rotation":0,"texture":"#0"},"west":{"uv":[5.75,8.5,6.0,9.375],"tintindex":0,"rotation":0,"texture":"#0"},"up":{"uv":[5.75,8.5,5.5,8.25],"tintindex":0,"rotation":0,"texture":"#0"},"down":{"uv":[6.0,8.25,5.75,8.5],"tintindex":0,"rotation":0,"texture":"#0"}}},{"from":[4.725212,10.496471,5.426792],"to":[11.274788,14.641449,6.359768],"faces":{"east":{"uv":[3.25,5.0,3.375,5.875],"tintindex":0,"rotation":0,"texture":"#0"},"south":{"uv":[4.875,5.0,6.25,5.875],"tintindex":0,"rotation":0,"texture":"#0"},"north":{"uv":[3.375,5.0,4.75,5.875],"tintindex":0,"rotation":0,"texture":"#0"},"west":{"uv":[4.75,5.0,4.875,5.875],"tintindex":0,"rotation":0,"texture":"#0"},"up":{"uv":[4.75,5.0,3.375,4.875],"tintindex":0,"rotation":0,"texture":"#0"},"down":{"uv":[6.125,4.875,4.75,5.0],"tintindex":0,"rotation":0,"texture":"#0"}}},{"from":[4.8441,3.4103603,9.8810005],"to":[11.1559,7.92476,9.8810005],"faces":{"south":{"uv":[5.75,0.0,7.125,1.0],"tintindex":0,"rotation":0,"texture":"#0"},"north":{"uv":[4.375,0.0,5.75,1.0],"tintindex":0,"rotation":0,"texture":"#0"}}},{"from":[4.53896,6.34472,6.0437603],"to":[11.4610405,8.0,9.95624],"faces":{"east":{"uv":[0.0,9.0,0.75,9.25],"tintindex":0,"rotation":0,"texture":"#0"},"south":{"uv":[3.0,9.0,4.5,9.25],"tintindex":0,"rotation":0,"texture":"#0"},"north":{"uv":[0.75,9.0,2.25,9.25],"tintindex":0,"rotation":0,"texture":"#0"},"west":{"uv":[2.25,9.0,3.0,9.25],"tintindex":0,"rotation":0,"texture":"#0"},"up":{"uv":[2.25,9.0,0.75,8.25],"tintindex":0,"rotation":0,"texture":"#0"},"down":{"uv":[3.75,8.25,2.25,9.0],"tintindex":0,"rotation":0,"texture":"#0"}}},{"from":[4.8441,3.4103603,6.19424],"to":[11.1559,7.92476,6.19424],"faces":{"south":{"uv":[5.75,1.125,7.125,2.125],"tintindex":0,"rotation":0,"texture":"#0"},"north":{"uv":[4.375,1.125,5.75,2.125],"tintindex":0,"rotation":0,"texture":"#0"}}},{"from":[4.74026,10.51152,5.81804],"to":[11.25974,14.6264,9.73052],"faces":{"east":{"uv":[7.875,4.875,8.625,5.75],"tintindex":0,"rotation":0,"texture":"#0"},"south":{"uv":[10.75,4.875,12.125,5.75],"tintindex":0,"rotation":0,"texture":"#0"},"north":{"uv":[8.625,4.875,10.0,5.75],"tintindex":0,"rotation":0,"texture":"#0"},"west":{"uv":[10.0,4.875,10.75,5.75],"tintindex":0,"rotation":0,"texture":"#0"},"up":{"uv":[10.0,4.875,8.625,4.125],"tintindex":0,"rotation":0,"texture":"#0"},"down":{"uv":[11.375,4.125,10.0,4.875],"tintindex":0,"rotation":0,"texture":"#0"}}},{"from":[10.1302595,14.36152,10.32804],"to":[10.81974,28.9264,11.05052],"faces":{"east":{"uv":[6.75,9.0,6.875,12.25],"tintindex":0,"rotation":0,"texture":"#0"},"south":{"uv":[7.125,9.0,7.25,12.25],"tintindex":0,"rotation":0,"texture":"#0"},"north":{"uv":[6.875,9.0,7.0,12.25],"tintindex":0,"rotation":0,"texture":"#0"},"west":{"uv":[7.0,9.0,7.125,12.25],"tintindex":0,"rotation":0,"texture":"#0"},"up":{"uv":[7.0,9.0,6.875,8.875],"tintindex":0,"rotation":0,"texture":"#0"},"down":{"uv":[7.125,8.875,7.0,9.0],"tintindex":0,"rotation":0,"texture":"#0"}}},{"from":[9.0989,27.64424,9.4641],"to":[11.8511,29.90144,11.4914],"faces":{"east":{"uv":[10.875,0.375,11.25,0.875],"tintindex":0,"rotation":0,"texture":"#0"},"south":{"uv":[12.25,0.375,12.875,0.875],"tintindex":0,"rotation":0,"texture":"#0"},"north":{"uv":[11.25,0.375,11.875,0.875],"tintindex":0,"rotation":0,"texture":"#0"},"west":{"uv":[11.875,0.375,12.25,0.875],"tintindex":0,"rotation":0,"texture":"#0"},"up":{"uv":[11.875,0.375,11.25,0.0],"tintindex":0,"rotation":0,"texture":"#0"},"down":{"uv":[12.5,0.0,11.875,0.375],"tintindex":0,"rotation":0,"texture":"#0"}}}],"display":{"gui":{"rotation":[30,225,0]}}}