{"textures":{"0":"modelengine:entity/orc_samurai_gamitamodels"},"elements":[{"from":[5.4502,0.2251995,5.2412004],"to":[11.9578,8.250799,10.7588],"faces":{"east":{"uv":[9.625,8.125,10.125,8.875],"tintindex":0,"rotation":0,"texture":"#0"},"south":{"uv":[11.25,8.125,11.875,8.875],"tintindex":0,"rotation":0,"texture":"#0"},"north":{"uv":[10.125,8.125,10.75,8.875],"tintindex":0,"rotation":0,"texture":"#0"},"west":{"uv":[10.75,8.125,11.25,8.875],"tintindex":0,"rotation":0,"texture":"#0"},"up":{"uv":[10.75,8.125,10.125,7.625],"tintindex":0,"rotation":0,"texture":"#0"},"down":{"uv":[11.375,7.625,10.75,8.125],"tintindex":0,"rotation":0,"texture":"#0"}}},{"from":[4.1962004,1.3009994,4.6142],"to":[8.2508,8.501599,11.3858],"faces":{"east":{"uv":[0.0,11.625,0.625,12.375],"tintindex":0,"rotation":0,"texture":"#0"},"south":{"uv":[1.625,11.625,2.0,12.375],"tintindex":0,"rotation":0,"texture":"#0"},"north":{"uv":[0.625,11.625,1.0,12.375],"tintindex":0,"rotation":0,"texture":"#0"},"west":{"uv":[1.0,11.625,1.625,12.375],"tintindex":0,"rotation":0,"texture":"#0"},"up":{"uv":[1.0,11.625,0.625,11.0],"tintindex":0,"rotation":0,"texture":"#0"},"down":{"uv":[1.375,11.0,1.0,11.625],"tintindex":0,"rotation":0,"texture":"#0"}}}],"display":{"gui":{"rotation":[30,225,0]}}}