{"textures":{"0":"modelengine:entity/orc_samurai_gamitamodels"},"elements":[{"from":[3.9872,0.2251995,5.2412004],"to":[10.5498,8.250799,10.7588],"faces":{"east":{"uv":[9.625,9.5,10.125,10.25],"tintindex":0,"rotation":0,"texture":"#0"},"south":{"uv":[11.25,9.5,11.875,10.25],"tintindex":0,"rotation":0,"texture":"#0"},"north":{"uv":[10.125,9.5,10.75,10.25],"tintindex":0,"rotation":0,"texture":"#0"},"west":{"uv":[10.75,9.5,11.25,10.25],"tintindex":0,"rotation":0,"texture":"#0"},"up":{"uv":[10.75,9.5,10.125,9.0],"tintindex":0,"rotation":0,"texture":"#0"},"down":{"uv":[11.375,9.0,10.75,9.5],"tintindex":0,"rotation":0,"texture":"#0"}}},{"from":[7.7492003,1.3009994,4.6142],"to":[11.8038,8.501599,11.3858],"faces":{"east":{"uv":[4.25,11.75,4.875,12.5],"tintindex":0,"rotation":0,"texture":"#0"},"south":{"uv":[5.875,11.75,6.25,12.5],"tintindex":0,"rotation":0,"texture":"#0"},"north":{"uv":[4.875,11.75,5.25,12.5],"tintindex":0,"rotation":0,"texture":"#0"},"west":{"uv":[5.25,11.75,5.875,12.5],"tintindex":0,"rotation":0,"texture":"#0"},"up":{"uv":[5.25,11.75,4.875,11.125],"tintindex":0,"rotation":0,"texture":"#0"},"down":{"uv":[5.625,11.125,5.25,11.75],"tintindex":0,"rotation":0,"texture":"#0"}}}],"display":{"gui":{"rotation":[30,225,0]}}}