{"textures":{"0":"modelengine:entity/orc_samurai_gamitamodels"},"elements":[{"from":[4.9332,0.47599983,4.68944],"to":[9.8524,7.0803986,10.70864],"faces":{"east":{"uv":[0.0,7.125,0.625,7.875],"tintindex":0,"rotation":0,"texture":"#0"},"south":{"uv":[1.75,7.125,2.25,7.875],"tintindex":0,"rotation":0,"texture":"#0"},"north":{"uv":[0.625,7.125,1.125,7.875],"tintindex":0,"rotation":0,"texture":"#0"},"west":{"uv":[1.125,7.125,1.75,7.875],"tintindex":0,"rotation":0,"texture":"#0"},"up":{"uv":[1.125,7.125,0.625,6.5],"tintindex":0,"rotation":0,"texture":"#0"},"down":{"uv":[1.625,6.5,1.125,7.125],"tintindex":0,"rotation":0,"texture":"#0"}}},{"from":[2.9861994,3.4855995,2.4406],"to":[10.037199,12.0546,12.0546],"faces":{"east":{"uv":[8.25,1.0,9.25,1.875],"tintindex":0,"rotation":0,"texture":"#0"},"south":{"uv":[11.0,1.0,11.75,1.875],"tintindex":0,"rotation":0,"texture":"#0"},"north":{"uv":[9.25,1.0,10.0,1.875],"tintindex":0,"rotation":0,"texture":"#0"},"west":{"uv":[10.0,1.0,11.0,1.875],"tintindex":0,"rotation":0,"texture":"#0"},"up":{"uv":[10.0,1.0,9.25,0.0],"tintindex":0,"rotation":0,"texture":"#0"},"down":{"uv":[10.75,0.0,10.0,1.0],"tintindex":0,"rotation":0,"texture":"#0"}}}],"display":{"gui":{"rotation":[30,225,0]}}}