{"textures":{"0":"modelengine:entity/orc_samurai_gamitamodels"},"elements":[{"from":[5.8682003,3.4855995,2.4406],"to":[12.9192,12.0546,12.0546],"faces":{"east":{"uv":[0.0,3.125,1.0,4.0],"tintindex":0,"rotation":0,"texture":"#0"},"south":{"uv":[2.75,3.125,3.5,4.0],"tintindex":0,"rotation":0,"texture":"#0"},"north":{"uv":[1.0,3.125,1.75,4.0],"tintindex":0,"rotation":0,"texture":"#0"},"west":{"uv":[1.75,3.125,2.75,4.0],"tintindex":0,"rotation":0,"texture":"#0"},"up":{"uv":[1.75,3.125,1.0,2.125],"tintindex":0,"rotation":0,"texture":"#0"},"down":{"uv":[2.5,2.125,1.75,3.125],"tintindex":0,"rotation":0,"texture":"#0"}}},{"from":[6.1476,0.47599983,3.6444402],"to":[11.0668,4.9904003,10.70864],"faces":{"east":{"uv":[3.25,6.75,4.0,7.25],"tintindex":0,"rotation":0,"texture":"#0"},"south":{"uv":[5.25,6.75,5.75,7.25],"tintindex":0,"rotation":0,"texture":"#0"},"north":{"uv":[4.0,6.75,4.5,7.25],"tintindex":0,"rotation":0,"texture":"#0"},"west":{"uv":[4.5,6.75,5.25,7.25],"tintindex":0,"rotation":0,"texture":"#0"},"up":{"uv":[4.5,6.75,4.0,6.0],"tintindex":0,"rotation":0,"texture":"#0"},"down":{"uv":[5.0,6.0,4.5,6.75],"tintindex":0,"rotation":0,"texture":"#0"}}}],"display":{"gui":{"rotation":[30,225,0]}}}