{"textures":{"0":"modelengine:entity/orc_samurai_gamitamodels"},"elements":[{"from":[6.174,0.70982265,3.3453512],"to":[13.643,8.233822,11.969352],"faces":{"east":{"uv":[8.5,6.75,9.375,7.5],"tintindex":0,"rotation":0,"texture":"#0"},"south":{"uv":[11.0,6.75,11.75,7.5],"tintindex":0,"rotation":0,"texture":"#0"},"north":{"uv":[9.375,6.75,10.125,7.5],"tintindex":0,"rotation":0,"texture":"#0"},"west":{"uv":[10.125,6.75,11.0,7.5],"tintindex":0,"rotation":0,"texture":"#0"},"up":{"uv":[10.125,6.75,9.375,5.875],"tintindex":0,"rotation":0,"texture":"#0"},"down":{"uv":[10.875,5.875,10.125,6.75],"tintindex":0,"rotation":0,"texture":"#0"}}},{"from":[6.8714,-2.299778,4.647752],"to":[12.8906,0.70982265,10.666952],"faces":{"east":{"uv":[3.375,10.75,4.0,11.0],"tintindex":0,"rotation":0,"texture":"#0"},"south":{"uv":[5.25,10.75,5.875,11.0],"tintindex":0,"rotation":0,"texture":"#0"},"north":{"uv":[4.0,10.75,4.625,11.0],"tintindex":0,"rotation":0,"texture":"#0"},"west":{"uv":[4.625,10.75,5.25,11.0],"tintindex":0,"rotation":0,"texture":"#0"},"up":{"uv":[4.625,10.75,4.0,10.125],"tintindex":0,"rotation":0,"texture":"#0"},"down":{"uv":[5.25,10.125,4.625,10.75],"tintindex":0,"rotation":0,"texture":"#0"}}}],"display":{"gui":{"rotation":[30,225,0]}}}