{"textures":{"0":"modelengine:entity/orc_samurai_gamitamodels"},"elements":[{"from":[3.1093998,-2.4042778,4.647752],"to":[9.1286,0.60532284,10.666952],"faces":{"east":{"uv":[8.25,2.625,8.875,2.875],"tintindex":0,"rotation":0,"texture":"#0"},"south":{"uv":[10.125,2.625,10.75,2.875],"tintindex":0,"rotation":0,"texture":"#0"},"north":{"uv":[8.875,2.625,9.5,2.875],"tintindex":0,"rotation":0,"texture":"#0"},"west":{"uv":[9.5,2.625,10.125,2.875],"tintindex":0,"rotation":0,"texture":"#0"},"up":{"uv":[9.5,2.625,8.875,2.0],"tintindex":0,"rotation":0,"texture":"#0"},"down":{"uv":[10.125,2.0,9.5,2.625],"tintindex":0,"rotation":0,"texture":"#0"}}},{"from":[2.3569999,0.60532284,2.8503513],"to":[9.881,8.129322,11.419352],"faces":{"east":{"uv":[8.5,6.75,9.375,7.5],"tintindex":0,"rotation":0,"texture":"#0"},"south":{"uv":[11.0,6.75,11.75,7.5],"tintindex":0,"rotation":0,"texture":"#0"},"north":{"uv":[9.375,6.75,10.125,7.5],"tintindex":0,"rotation":0,"texture":"#0"},"west":{"uv":[10.125,6.75,11.0,7.5],"tintindex":0,"rotation":0,"texture":"#0"},"up":{"uv":[10.125,6.75,9.375,5.875],"tintindex":0,"rotation":0,"texture":"#0"},"down":{"uv":[10.875,5.875,10.125,6.75],"tintindex":0,"rotation":0,"texture":"#0"}}}],"display":{"gui":{"rotation":[30,225,0]}}}