{"textures":{"0":"modelengine:entity/orc_samurai_gamitamodels"},"elements":[{"from":[4.7770004,0.6431999,6.537],"to":[10.123,8.8272,11.5529995],"faces":{"east":{"uv":[9.625,10.875,10.125,11.75],"tintindex":0,"rotation":0,"texture":"#0"},"south":{"uv":[11.125,10.875,11.625,11.75],"tintindex":0,"rotation":0,"texture":"#0"},"north":{"uv":[10.125,10.875,10.625,11.75],"tintindex":0,"rotation":0,"texture":"#0"},"west":{"uv":[10.625,10.875,11.125,11.75],"tintindex":0,"rotation":0,"texture":"#0"},"up":{"uv":[10.625,10.875,10.125,10.375],"tintindex":0,"rotation":0,"texture":"#0"},"down":{"uv":[11.125,10.375,10.625,10.875],"tintindex":0,"rotation":0,"texture":"#0"}}},{"from":[4.7770004,0.6431999,5.283],"to":[10.1779995,3.1511998,6.537],"faces":{"east":{"uv":[4.375,3.75,4.5,4.0],"tintindex":0,"rotation":0,"texture":"#0"},"south":{"uv":[5.125,3.75,5.625,4.0],"tintindex":0,"rotation":0,"texture":"#0"},"north":{"uv":[4.5,3.75,5.0,4.0],"tintindex":0,"rotation":0,"texture":"#0"},"west":{"uv":[5.0,3.75,5.125,4.0],"tintindex":0,"rotation":0,"texture":"#0"},"up":{"uv":[5.0,3.75,4.5,3.625],"tintindex":0,"rotation":0,"texture":"#0"},"down":{"uv":[5.5,3.625,5.0,3.75],"tintindex":0,"rotation":0,"texture":"#0"}}}],"display":{"gui":{"rotation":[30,225,0]}}}