{"textures":{"0":"modelengine:entity/orc_samurai_gamitamodels"},"elements":[{"from":[5.822,0.6431999,6.537],"to":[11.223,8.8272,11.5529995],"faces":{"east":{"uv":[2.125,11.625,2.625,12.5],"tintindex":0,"rotation":0,"texture":"#0"},"south":{"uv":[3.625,11.625,4.125,12.5],"tintindex":0,"rotation":0,"texture":"#0"},"north":{"uv":[2.625,11.625,3.125,12.5],"tintindex":0,"rotation":0,"texture":"#0"},"west":{"uv":[3.125,11.625,3.625,12.5],"tintindex":0,"rotation":0,"texture":"#0"},"up":{"uv":[3.125,11.625,2.625,11.125],"tintindex":0,"rotation":0,"texture":"#0"},"down":{"uv":[3.625,11.125,3.125,11.625],"tintindex":0,"rotation":0,"texture":"#0"}}},{"from":[5.822,0.6431999,5.283],"to":[11.223,3.1511998,6.537],"faces":{"east":{"uv":[5.75,3.75,5.875,4.0],"tintindex":0,"rotation":0,"texture":"#0"},"south":{"uv":[6.5,3.75,7.0,4.0],"tintindex":0,"rotation":0,"texture":"#0"},"north":{"uv":[5.875,3.75,6.375,4.0],"tintindex":0,"rotation":0,"texture":"#0"},"west":{"uv":[6.375,3.75,6.5,4.0],"tintindex":0,"rotation":0,"texture":"#0"},"up":{"uv":[6.375,3.75,5.875,3.625],"tintindex":0,"rotation":0,"texture":"#0"},"down":{"uv":[6.875,3.625,6.375,3.75],"tintindex":0,"rotation":0,"texture":"#0"}}}],"display":{"gui":{"rotation":[30,225,0]}}}