{"textures":{"0":"modelengine:entity/orc_samurai_gamitamodels"},"elements":[{"from":[10.7588005,9.912767,2.1145601],"to":[12.598,12.579607,3.9537601],"faces":{"east":{"uv":[0.0,2.75,0.125,3.0],"tintindex":0,"rotation":0,"texture":"#0"},"south":{"uv":[0.375,2.75,0.5,3.0],"tintindex":0,"rotation":0,"texture":"#0"},"north":{"uv":[0.125,2.75,0.25,3.0],"tintindex":0,"rotation":0,"texture":"#0"},"west":{"uv":[0.25,2.75,0.375,3.0],"tintindex":0,"rotation":0,"texture":"#0"},"up":{"uv":[0.25,2.75,0.125,2.625],"tintindex":0,"rotation":0,"texture":"#0"},"down":{"uv":[0.375,2.625,0.25,2.75],"tintindex":0,"rotation":0,"texture":"#0"}},"rotation":{"origin":[8.0,11.751966,2.57436],"angle":-22.5,"axis":"x"}},{"from":[3.5859199,8.0,2.4824],"to":[12.41408,11.31056,3.5859203],"faces":{"east":{"uv":[4.375,2.375,4.5,2.75],"tintindex":0,"rotation":0,"texture":"#0"},"south":{"uv":[5.625,2.375,6.625,2.75],"tintindex":0,"rotation":0,"texture":"#0"},"north":{"uv":[4.5,2.375,5.5,2.75],"tintindex":0,"rotation":0,"texture":"#0"},"west":{"uv":[5.5,2.375,5.625,2.75],"tintindex":0,"rotation":0,"texture":"#0"},"up":{"uv":[5.5,2.375,4.5,2.25],"tintindex":0,"rotation":0,"texture":"#0"},"down":{"uv":[6.5,2.25,5.5,2.375],"tintindex":0,"rotation":0,"texture":"#0"}}},{"from":[6.89648,11.384127,2.2249126],"to":[9.10352,14.694689,4.2480316],"faces":{"east":{"uv":[0.0,0.125,0.125,0.5],"tintindex":0,"rotation":0,"texture":"#0"},"south":{"uv":[0.5,0.125,0.75,0.5],"tintindex":0,"rotation":0,"texture":"#0"},"north":{"uv":[0.125,0.125,0.375,0.5],"tintindex":0,"rotation":0,"texture":"#0"},"west":{"uv":[0.375,0.125,0.5,0.5],"tintindex":0,"rotation":0,"texture":"#0"},"up":{"uv":[0.375,0.125,0.125,0.0],"tintindex":0,"rotation":0,"texture":"#0"},"down":{"uv":[0.625,0.0,0.375,0.125],"tintindex":0,"rotation":0,"texture":"#0"}}},{"from":[3.5859199,8.0,3.5859203],"to":[12.41408,16.828161,12.41408],"faces":{"east":{"uv":[0.0,1.0,1.0,2.0],"tintindex":0,"rotation":0,"texture":"#0"},"south":{"uv":[3.0,1.0,4.0,2.0],"tintindex":0,"rotation":0,"texture":"#0"},"north":{"uv":[1.0,1.0,2.0,2.0],"tintindex":0,"rotation":0,"texture":"#0"},"west":{"uv":[1.0,1.0,0.0625,2.0],"tintindex":0,"rotation":0,"texture":"#0"},"up":{"uv":[2.0,1.0,1.0,0.0],"tintindex":0,"rotation":0,"texture":"#0"},"down":{"uv":[3.0,0.0,2.0,1.0],"tintindex":0,"rotation":0,"texture":"#0"}}},{"from":[2.7025619,11.200209,6.4002132],"to":[2.7025619,15.614286,10.814293],"faces":{"east":{"uv":[11.25,11.875,11.75,12.375],"tintindex":0,"rotation":0,"texture":"#0"},"west":{"uv":[11.75,11.875,12.25,12.375],"tintindex":0,"rotation":0,"texture":"#0"}},"rotation":{"origin":[2.7025619,13.407248,8.607254],"angle":-22.5,"axis":"y"}},{"from":[6.3544,5.792959,2.8134565],"to":[9.6456,9.103519,2.8134565],"faces":{"south":{"uv":[3.375,0.5,3.625,0.875],"tintindex":0,"rotation":0,"texture":"#0"},"north":{"uv":[3.125,0.5,3.375,0.875],"tintindex":0,"rotation":0,"texture":"#0"}}},{"from":[6.89472,17.926401,6.82432],"to":[9.10528,20.136961,11.99168],"faces":{"east":{"uv":[2.625,2.625,3.125,2.875],"tintindex":0,"rotation":0,"texture":"#0"},"south":{"uv":[3.875,2.625,4.125,2.875],"tintindex":0,"rotation":0,"texture":"#0"},"north":{"uv":[3.125,2.625,3.375,2.875],"tintindex":0,"rotation":0,"texture":"#0"},"west":{"uv":[3.375,2.625,3.875,2.875],"tintindex":0,"rotation":0,"texture":"#0"},"up":{"uv":[3.375,2.625,3.125,2.125],"tintindex":0,"rotation":0,"texture":"#0"},"down":{"uv":[3.625,2.125,3.375,2.625],"tintindex":0,"rotation":0,"texture":"#0"}},"rotation":{"origin":[8.0,17.93168,11.6784],"angle":-45.0,"axis":"x"}},{"from":[7.44472,18.4764,11.66432],"to":[8.55528,19.586962,13.53168],"faces":{"east":{"uv":[0.0,0.75,0.125,0.875],"tintindex":0,"rotation":0,"texture":"#0"},"south":{"uv":[0.375,0.75,0.5,0.875],"tintindex":0,"rotation":0,"texture":"#0"},"north":{"uv":[0.125,0.75,0.25,0.875],"tintindex":0,"rotation":0,"texture":"#0"},"west":{"uv":[0.25,0.75,0.375,0.875],"tintindex":0,"rotation":0,"texture":"#0"},"up":{"uv":[0.25,0.75,0.125,0.625],"tintindex":0,"rotation":0,"texture":"#0"},"down":{"uv":[0.375,0.625,0.25,0.75],"tintindex":0,"rotation":0,"texture":"#0"}},"rotation":{"origin":[8.0,17.93168,11.6784],"angle":-45.0,"axis":"x"}},{"from":[8.698896,14.569288,3.1445122],"to":[14.032576,16.812407,4.2480316],"faces":{"east":{"uv":[7.125,3.75,7.25,4.0],"tintindex":0,"rotation":0,"texture":"#0"},"south":{"uv":[7.875,3.75,8.375,4.0],"tintindex":0,"rotation":0,"texture":"#0"},"north":{"uv":[7.25,3.75,7.75,4.0],"tintindex":0,"rotation":0,"texture":"#0"},"west":{"uv":[7.75,3.75,7.875,4.0],"tintindex":0,"rotation":0,"texture":"#0"},"up":{"uv":[7.75,3.75,7.25,3.625],"tintindex":0,"rotation":0,"texture":"#0"},"down":{"uv":[8.25,3.625,7.75,3.75],"tintindex":0,"rotation":0,"texture":"#0"}}},{"from":[13.297438,11.200209,6.4002132],"to":[13.297438,15.614286,10.814293],"faces":{"east":{"uv":[11.25,2.5,11.75,3.0],"tintindex":0,"rotation":0,"texture":"#0"},"west":{"uv":[11.75,2.5,12.25,3.0],"tintindex":0,"rotation":0,"texture":"#0"}},"rotation":{"origin":[13.297438,13.407248,8.607254],"angle":22.5,"axis":"y"}},{"from":[1.9674239,14.569288,3.1445122],"to":[7.301104,16.812407,4.2480316],"faces":{"east":{"uv":[1.75,6.625,1.875,6.875],"tintindex":0,"rotation":0,"texture":"#0"},"south":{"uv":[2.5,6.625,3.0,6.875],"tintindex":0,"rotation":0,"texture":"#0"},"north":{"uv":[1.875,6.625,2.375,6.875],"tintindex":0,"rotation":0,"texture":"#0"},"west":{"uv":[2.375,6.625,2.5,6.875],"tintindex":0,"rotation":0,"texture":"#0"},"up":{"uv":[2.375,6.625,1.875,6.5],"tintindex":0,"rotation":0,"texture":"#0"},"down":{"uv":[2.875,6.5,2.375,6.625],"tintindex":0,"rotation":0,"texture":"#0"}}},{"from":[6.33592,16.800001,7.43592],"to":[9.66408,17.92816,12.41408],"faces":{"east":{"uv":[10.75,3.625,11.25,3.75],"tintindex":0,"rotation":0,"texture":"#0"},"south":{"uv":[12.125,3.625,12.5,3.75],"tintindex":0,"rotation":0,"texture":"#0"},"north":{"uv":[11.25,3.625,11.625,3.75],"tintindex":0,"rotation":0,"texture":"#0"},"west":{"uv":[11.625,3.625,12.125,3.75],"tintindex":0,"rotation":0,"texture":"#0"},"up":{"uv":[11.625,3.625,11.25,3.125],"tintindex":0,"rotation":0,"texture":"#0"},"down":{"uv":[12.0,3.125,11.625,3.625],"tintindex":0,"rotation":0,"texture":"#0"}}},{"from":[3.402,9.912767,2.1145601],"to":[5.2412,12.579607,3.9537601],"faces":{"east":{"uv":[0.0,2.25,0.125,2.5],"tintindex":0,"rotation":0,"texture":"#0"},"south":{"uv":[0.375,2.25,0.5,2.5],"tintindex":0,"rotation":0,"texture":"#0"},"north":{"uv":[0.125,2.25,0.25,2.5],"tintindex":0,"rotation":0,"texture":"#0"},"west":{"uv":[0.25,2.25,0.375,2.5],"tintindex":0,"rotation":0,"texture":"#0"},"up":{"uv":[0.25,2.25,0.125,2.125],"tintindex":0,"rotation":0,"texture":"#0"},"down":{"uv":[0.375,2.125,0.25,2.25],"tintindex":0,"rotation":0,"texture":"#0"}},"rotation":{"origin":[8.0,11.751966,2.57436],"angle":-22.5,"axis":"x"}},{"from":[6.34472,17.376402,12.76432],"to":[9.65528,20.68696,15.73168],"faces":{"east":{"uv":[11.0,6.125,11.25,6.5],"tintindex":0,"rotation":0,"texture":"#0"},"south":{"uv":[11.875,6.125,12.25,6.5],"tintindex":0,"rotation":0,"texture":"#0"},"north":{"uv":[11.25,6.125,11.625,6.5],"tintindex":0,"rotation":0,"texture":"#0"},"west":{"uv":[11.625,6.125,11.875,6.5],"tintindex":0,"rotation":0,"texture":"#0"},"up":{"uv":[11.625,6.125,11.25,5.875],"tintindex":0,"rotation":0,"texture":"#0"},"down":{"uv":[12.0,5.875,11.625,6.125],"tintindex":0,"rotation":0,"texture":"#0"}},"rotation":{"origin":[8.0,17.93168,11.6784],"angle":-45.0,"axis":"x"}}],"display":{"gui":{"rotation":[30,225,0]}}}