{"textures":{"0":"modelengine:entity/orc_samurai_gamitamodels"},"elements":[{"from":[7.5776005,8.106976,-8.078199],"to":[8.2574005,8.979275,5.9182],"faces":{"east":{"uv":[0.625,15.625,3.75,15.75],"tintindex":0,"rotation":0,"texture":"#0"},"south":{"uv":[7.0,15.625,7.125,15.75],"tintindex":0,"rotation":0,"texture":"#0"},"north":{"uv":[3.75,15.625,3.875,15.75],"tintindex":0,"rotation":0,"texture":"#0"},"west":{"uv":[3.875,15.625,7.0,15.75],"tintindex":0,"rotation":0,"texture":"#0"},"up":{"uv":[3.875,15.625,3.75,12.5],"tintindex":0,"rotation":0,"texture":"#0"},"down":{"uv":[4.0,12.5,3.875,15.625],"tintindex":0,"rotation":0,"texture":"#0"}}},{"from":[7.2751,5.961975,4.5718],"to":[8.7799,9.666775,6.0557],"faces":{"east":{"uv":[11.75,10.375,12.0,11.125],"tintindex":0,"rotation":0,"texture":"#0"},"south":{"uv":[12.5,10.375,12.75,11.125],"tintindex":0,"rotation":0,"texture":"#0"},"north":{"uv":[12.0,10.375,12.25,11.125],"tintindex":0,"rotation":0,"texture":"#0"},"west":{"uv":[12.25,10.375,12.5,11.125],"tintindex":0,"rotation":0,"texture":"#0"},"up":{"uv":[12.25,10.375,12.0,10.125],"tintindex":0,"rotation":0,"texture":"#0"},"down":{"uv":[12.5,10.125,12.25,10.375],"tintindex":0,"rotation":0,"texture":"#0"}}},{"from":[7.4126,7.3094754,5.3417997],"to":[8.642401,8.539275,12.0507],"faces":{"east":{"uv":[3.125,9.75,4.625,10.0],"tintindex":0,"rotation":0,"texture":"#0"},"south":{"uv":[6.375,9.75,6.625,10.0],"tintindex":0,"rotation":0,"texture":"#0"},"north":{"uv":[4.625,9.75,4.875,10.0],"tintindex":0,"rotation":0,"texture":"#0"},"west":{"uv":[4.875,9.75,6.375,10.0],"tintindex":0,"rotation":0,"texture":"#0"},"up":{"uv":[4.875,9.75,4.625,8.25],"tintindex":0,"rotation":0,"texture":"#0"},"down":{"uv":[5.125,8.25,4.875,9.75],"tintindex":0,"rotation":0,"texture":"#0"}}},{"from":[8.0275,6.4569755,-14.4032],"to":[8.0275,8.979275,4.5431995],"faces":{"east":{"uv":[0.0,4.25,4.25,4.75],"tintindex":0,"rotation":0,"texture":"#0"},"west":{"uv":[4.25,4.25,8.5,4.75],"tintindex":0,"rotation":0,"texture":"#0"}}}],"display":{"gui":{"rotation":[30,225,0]}}}