{"textures":{"0":"modelengine:entity/yagorath_boss_gm_retexturedforsmooth"},"elements":[{"from":[2.5,1.0,4.0],"to":[14.5,8.0,12.0],"faces":{"east":{"uv":[6.0,4.5625,5.5,5.0],"tintindex":0,"rotation":0,"texture":"#0"},"south":{"uv":[3.0,0.0,3.75,0.4375],"tintindex":0,"rotation":0,"texture":"#0"},"north":{"uv":[2.8125,2.6875,3.5625,3.125],"tintindex":0,"rotation":0,"texture":"#0"},"west":{"uv":[5.5,4.5625,6.0,5.0],"tintindex":0,"rotation":0,"texture":"#0"},"up":{"uv":[1.5,0.5,0.75,0.0],"tintindex":0,"rotation":0,"texture":"#0"},"down":{"uv":[1.5,0.5,0.75,1.0],"tintindex":0,"rotation":0,"texture":"#0"}}},{"from":[3.5,-6.0,4.0],"to":[13.5,1.0,12.0],"faces":{"east":{"uv":[1.9375,5.53125,1.4375,5.96875],"tintindex":0,"rotation":0,"texture":"#0"},"south":{"uv":[3.75,4.53125,4.375,4.96875],"tintindex":0,"rotation":0,"texture":"#0"},"north":{"uv":[3.125,4.53125,3.75,4.96875],"tintindex":0,"rotation":0,"texture":"#0"},"west":{"uv":[1.4375,5.53125,1.9375,5.96875],"tintindex":0,"rotation":0,"texture":"#0"},"up":{"uv":[3.53125,4.0625,2.90625,3.5625],"tintindex":0,"rotation":0,"texture":"#0"},"down":{"uv":[4.15625,3.5625,3.53125,4.0625],"tintindex":0,"rotation":0,"texture":"#0"}}},{"from":[5.0,-0.020924568,15.995838],"to":[11.5,8.979075,22.995838],"faces":{"east":{"uv":[2.5625,5.0,3.0,5.5625],"tintindex":0,"rotation":0,"texture":"#0"},"south":{"uv":[5.46875,0.0,5.875,0.5625],"tintindex":0,"rotation":0,"texture":"#0"},"north":{"uv":[5.875,0.0,5.46875,0.5625],"tintindex":0,"rotation":0,"texture":"#0"},"west":{"uv":[3.0,5.0,2.5625,5.5625],"tintindex":0,"rotation":0,"texture":"#0"},"up":{"uv":[7.03125,3.3125,6.625,2.875],"tintindex":0,"rotation":0,"texture":"#0"},"down":{"uv":[7.03125,2.4375,6.625,2.875],"tintindex":0,"rotation":0,"texture":"#0"}},"rotation":{"origin":[9.25,24.979074,3.9958377],"angle":22.5,"axis":"x"}},{"from":[6.75,3.9790754,19.995838],"to":[9.75,10.479075,24.495838],"faces":{"east":{"uv":[7.40625,4.34375,7.6875,4.75],"tintindex":0,"rotation":0,"texture":"#0"},"south":{"uv":[1.1875,7.71875,1.375,8.125],"tintindex":0,"rotation":0,"texture":"#0"},"north":{"uv":[6.21875,7.6875,6.40625,8.09375],"tintindex":0,"rotation":0,"texture":"#0"},"west":{"uv":[7.6875,4.34375,7.40625,4.75],"tintindex":0,"rotation":0,"texture":"#0"},"up":{"uv":[7.34375,8.1875,7.15625,7.90625],"tintindex":0,"rotation":0,"texture":"#0"},"down":{"uv":[7.53125,7.90625,7.34375,8.1875],"tintindex":0,"rotation":0,"texture":"#0"}},"rotation":{"origin":[9.25,24.979074,3.9958377],"angle":22.5,"axis":"x"}}],"display":{"gui":{"rotation":[30,225,0]}}}