{"textures":{"0":"modelengine:entity/yagorath_boss_gm_retexturedforsmooth"},"elements":[{"from":[2.0,1.0,4.0],"to":[14.0,8.0,12.0],"faces":{"east":{"uv":[6.0,4.5625,5.5,5.0],"tintindex":0,"rotation":0,"texture":"#0"},"south":{"uv":[3.0,0.0,3.75,0.4375],"tintindex":0,"rotation":0,"texture":"#0"},"north":{"uv":[3.5625,2.6875,2.8125,3.125],"tintindex":0,"rotation":0,"texture":"#0"},"west":{"uv":[5.5,4.5625,6.0,5.0],"tintindex":0,"rotation":0,"texture":"#0"},"up":{"uv":[1.5,1.5,0.75,1.0],"tintindex":0,"rotation":0,"texture":"#0"},"down":{"uv":[1.5,0.5,0.75,1.0],"tintindex":0,"rotation":0,"texture":"#0"}}},{"from":[6.3999996,5.481142,23.971777],"to":[9.4,11.981142,28.471777],"faces":{"east":{"uv":[7.40625,4.34375,7.6875,4.75],"tintindex":0,"rotation":0,"texture":"#0"},"south":{"uv":[1.1875,7.71875,1.375,8.125],"tintindex":0,"rotation":0,"texture":"#0"},"north":{"uv":[1.375,7.71875,1.1875,8.125],"tintindex":0,"rotation":0,"texture":"#0"},"west":{"uv":[7.6875,4.34375,7.40625,4.75],"tintindex":0,"rotation":0,"texture":"#0"},"up":{"uv":[7.71875,8.1875,7.53125,7.90625],"tintindex":0,"rotation":0,"texture":"#0"},"down":{"uv":[7.53125,8.1875,7.71875,7.90625],"tintindex":0,"rotation":0,"texture":"#0"}},"rotation":{"origin":[9.15,36.48114,4.971777],"angle":22.5,"axis":"x"}},{"from":[3.0,-6.0,4.0],"to":[13.0,1.0,12.0],"faces":{"east":{"uv":[1.9375,5.53125,1.4375,5.96875],"tintindex":0,"rotation":0,"texture":"#0"},"south":{"uv":[3.75,4.53125,4.375,4.96875],"tintindex":0,"rotation":0,"texture":"#0"},"north":{"uv":[3.125,4.53125,3.75,4.96875],"tintindex":0,"rotation":0,"texture":"#0"},"west":{"uv":[1.4375,5.53125,1.9375,5.96875],"tintindex":0,"rotation":0,"texture":"#0"},"up":{"uv":[4.375,0.5,3.75,0.0],"tintindex":0,"rotation":0,"texture":"#0"},"down":{"uv":[4.15625,3.5625,3.53125,4.0625],"tintindex":0,"rotation":0,"texture":"#0"}}},{"from":[4.6499996,1.481142,19.971777],"to":[11.15,10.481142,26.971777],"faces":{"east":{"uv":[2.5625,5.0,3.0,5.5625],"tintindex":0,"rotation":0,"texture":"#0"},"south":{"uv":[5.46875,0.0,5.875,0.5625],"tintindex":0,"rotation":0,"texture":"#0"},"north":{"uv":[5.875,0.0,5.46875,0.5625],"tintindex":0,"rotation":0,"texture":"#0"},"west":{"uv":[3.0,5.0,2.5625,5.5625],"tintindex":0,"rotation":0,"texture":"#0"},"up":{"uv":[4.28125,7.0625,3.875,6.625],"tintindex":0,"rotation":0,"texture":"#0"},"down":{"uv":[7.03125,2.4375,6.625,2.875],"tintindex":0,"rotation":0,"texture":"#0"}},"rotation":{"origin":[9.15,36.48114,4.971777],"angle":22.5,"axis":"x"}}],"display":{"gui":{"rotation":[30,225,0]}}}