{"textures":{"0":"modelengine:entity/yagorath_boss_gm_retexturedforsmooth"},"elements":[{"from":[6.7783575,10.0881195,-5.9348364],"to":[7.3533573,14.41312,-1.7598372],"faces":{"east":{"uv":[5.03125,2.875,5.28125,3.15625],"tintindex":0,"rotation":0,"texture":"#0"},"south":{"uv":[3.0625,4.5625,3.09375,4.84375],"tintindex":0,"rotation":0,"texture":"#0"},"north":{"uv":[4.34375,3.65625,4.375,3.9375],"tintindex":0,"rotation":0,"texture":"#0"},"west":{"uv":[5.03125,2.875,5.28125,3.15625],"tintindex":0,"rotation":0,"texture":"#0"},"up":{"uv":[2.9375,6.25,2.90625,6.0],"tintindex":0,"rotation":0,"texture":"#0"},"down":{"uv":[6.3125,1.90625,6.28125,2.15625],"tintindex":0,"rotation":0,"texture":"#0"}},"rotation":{"origin":[7.6408567,11.25062,-4.347337],"angle":0.0,"axis":"z"}},{"from":[3.3298225,13.471174,-5.7219152],"to":[9.354823,18.221174,2.4780836],"faces":{"east":{"uv":[4.15625,1.40625,4.65625,1.71875],"tintindex":0,"rotation":0,"texture":"#0"},"south":{"uv":[5.71875,7.3125,6.09375,7.625],"tintindex":0,"rotation":0,"texture":"#0"},"north":{"uv":[7.3125,4.03125,7.6875,4.34375],"tintindex":0,"rotation":0,"texture":"#0"},"west":{"uv":[4.65625,1.40625,4.15625,1.71875],"tintindex":0,"rotation":0,"texture":"#0"},"up":{"uv":[6.6875,0.5,6.3125,0.0],"tintindex":0,"rotation":0,"texture":"#0"},"down":{"uv":[2.5,6.375,2.125,6.875],"tintindex":0,"rotation":0,"texture":"#0"}},"rotation":{"origin":[-12.6929,13.505226,-0.45071316],"angle":45.0,"axis":"x"}},{"from":[6.178357,11.611111,-6.7386637],"to":[7.9033575,17.93611,-1.5636644],"faces":{"east":{"uv":[5.53125,1.90625,5.84375,2.3125],"tintindex":0,"rotation":0,"texture":"#0"},"south":{"uv":[1.375,8.0625,1.46875,8.46875],"tintindex":0,"rotation":0,"texture":"#0"},"north":{"uv":[0.375,8.0625,0.46875,8.46875],"tintindex":0,"rotation":0,"texture":"#0"},"west":{"uv":[5.84375,1.90625,5.53125,2.3125],"tintindex":0,"rotation":0,"texture":"#0"},"up":{"uv":[2.25,2.8125,2.15625,2.5],"tintindex":0,"rotation":0,"texture":"#0"},"down":{"uv":[2.84375,7.03125,2.75,7.34375],"tintindex":0,"rotation":0,"texture":"#0"}},"rotation":{"origin":[6.9568825,13.505228,0.20657635],"angle":22.5,"axis":"x"}},{"from":[3.8297458,8.538425,-0.22659397],"to":[7.854746,14.288425,8.973407],"faces":{"east":{"uv":[6.0,4.625,6.5625,5.0],"tintindex":0,"rotation":0,"texture":"#0"},"south":{"uv":[7.59375,6.5,7.84375,6.875],"tintindex":0,"rotation":0,"texture":"#0"},"north":{"uv":[1.25,3.625,1.5,4.0],"tintindex":0,"rotation":0,"texture":"#0"},"west":{"uv":[6.5625,4.625,6.0,5.0],"tintindex":0,"rotation":0,"texture":"#0"},"up":{"uv":[7.28125,6.4375,7.03125,5.875],"tintindex":0,"rotation":0,"texture":"#0"},"down":{"uv":[7.28125,6.4375,7.03125,7.0],"tintindex":0,"rotation":0,"texture":"#0"}},"rotation":{"origin":[-2.4077158,10.263426,2.648406],"angle":22.5,"axis":"x"}},{"from":[6.8283567,7.2265816,-4.266185],"to":[7.253357,11.051582,-1.0911856],"faces":{"east":{"uv":[4.3125,7.96875,4.5,8.21875],"tintindex":0,"rotation":0,"texture":"#0"},"south":{"uv":[6.28125,2.84375,6.3125,3.09375],"tintindex":0,"rotation":0,"texture":"#0"},"north":{"uv":[3.0,5.5625,2.96875,5.8125],"tintindex":0,"rotation":0,"texture":"#0"},"west":{"uv":[4.5,7.96875,4.3125,8.21875],"tintindex":0,"rotation":0,"texture":"#0"},"up":{"uv":[7.03125,6.0625,7.0,5.875],"tintindex":0,"rotation":0,"texture":"#0"},"down":{"uv":[2.875,7.03125,2.84375,7.21875],"tintindex":0,"rotation":0,"texture":"#0"}},"rotation":{"origin":[7.065857,8.889082,-3.1786852],"angle":-22.5,"axis":"x"}}],"display":{"gui":{"rotation":[30,225,0]}}}