{"textures":{"0":"modelengine:entity/yagorath_boss_gm_retexturedforsmooth"},"elements":[{"from":[8.633619,-3.6712723,0.6398244],"to":[17.63362,11.328728,16.639824],"faces":{"east":{"uv":[4.96875,0.0,5.46875,0.46875],"tintindex":0,"rotation":0,"texture":"#0"},"south":{"uv":[0.0,7.21875,0.28125,7.6875],"tintindex":0,"rotation":0,"texture":"#0"},"north":{"uv":[7.0625,4.90625,7.34375,5.375],"tintindex":0,"rotation":0,"texture":"#0"},"west":{"uv":[5.46875,0.0,4.96875,0.46875],"tintindex":0,"rotation":0,"texture":"#0"},"up":{"uv":[3.84375,7.5,3.5625,7.0],"tintindex":0,"rotation":0,"texture":"#0"},"down":{"uv":[7.3125,2.25,7.03125,2.75],"tintindex":0,"rotation":0,"texture":"#0"}},"rotation":{"origin":[13.324961,8.828728,-2.3703117],"angle":-22.5,"axis":"y"}}],"display":{"gui":{"rotation":[30,225,0]}}}