{"textures":{"0":"modelengine:entity/yagorath_boss_gm_retexturedforsmooth"},"elements":[{"from":[7.0886126,1.5277004,-0.67196655],"to":[12.263613,11.3027,8.528032],"faces":{"east":{"uv":[2.25,1.0,2.8125,1.625],"tintindex":0,"rotation":0,"texture":"#0"},"south":{"uv":[6.3125,3.46875,6.625,4.09375],"tintindex":0,"rotation":0,"texture":"#0"},"north":{"uv":[6.3125,2.84375,6.625,3.46875],"tintindex":0,"rotation":0,"texture":"#0"},"west":{"uv":[2.8125,1.0,2.25,1.625],"tintindex":0,"rotation":0,"texture":"#0"},"up":{"uv":[0.3125,7.21875,0.0,6.65625],"tintindex":0,"rotation":0,"texture":"#0"},"down":{"uv":[5.0625,6.71875,4.75,7.28125],"tintindex":0,"rotation":0,"texture":"#0"}},"rotation":{"origin":[9.676113,6.9902,3.9280329],"angle":-22.5,"axis":"y"}},{"from":[8.151073,3.2527008,-7.7068815],"to":[13.326075,9.002701,1.4931188],"faces":{"east":{"uv":[2.0,6.0,2.5625,6.375],"tintindex":0,"rotation":0,"texture":"#0"},"south":{"uv":[7.3125,3.65625,7.625,4.03125],"tintindex":0,"rotation":0,"texture":"#0"},"north":{"uv":[7.3125,2.59375,7.625,2.96875],"tintindex":0,"rotation":0,"texture":"#0"},"west":{"uv":[2.5625,6.0,2.0,6.375],"tintindex":0,"rotation":0,"texture":"#0"},"up":{"uv":[7.03125,6.75,6.71875,6.1875],"tintindex":0,"rotation":0,"texture":"#0"},"down":{"uv":[6.71875,6.1875,7.03125,6.75],"tintindex":0,"rotation":0,"texture":"#0"}}}],"display":{"gui":{"rotation":[30,225,0]}}}