{"textures":{"0":"modelengine:entity/yagorath_boss_gm_retexturedforsmooth"},"elements":[{"from":[-0.8289995,6.2062073,-1.5893393],"to":[3.2210002,11.876205,12.51066],"faces":{"east":{"uv":[7.65625,3.09375,8.09375,3.28125],"tintindex":0,"rotation":0,"texture":"#0"},"south":{"uv":[6.84375,5.5625,6.96875,5.75],"tintindex":0,"rotation":0,"texture":"#0"},"north":{"uv":[4.28125,6.625,4.40625,6.8125],"tintindex":0,"rotation":0,"texture":"#0"},"west":{"uv":[7.65625,5.5625,8.09375,5.75],"tintindex":0,"rotation":0,"texture":"#0"},"up":{"uv":[4.71875,7.25,4.59375,6.8125],"tintindex":0,"rotation":0,"texture":"#0"},"down":{"uv":[1.125,7.28125,1.0,7.71875],"tintindex":0,"rotation":0,"texture":"#0"}},"rotation":{"origin":[1.1959996,7.82621,3.2706594],"angle":45.0,"axis":"z"}},{"from":[12.941,6.2062073,-1.5893393],"to":[16.991001,11.876205,12.51066],"faces":{"east":{"uv":[0.5625,7.6875,1.0,7.875],"tintindex":0,"rotation":0,"texture":"#0"},"south":{"uv":[7.875,6.3125,8.0,6.5],"tintindex":0,"rotation":0,"texture":"#0"},"north":{"uv":[4.40625,6.625,4.28125,6.8125],"tintindex":0,"rotation":0,"texture":"#0"},"west":{"uv":[8.09375,3.09375,7.65625,3.28125],"tintindex":0,"rotation":0,"texture":"#0"},"up":{"uv":[4.59375,7.25,4.71875,6.8125],"tintindex":0,"rotation":0,"texture":"#0"},"down":{"uv":[8.0,4.34375,7.875,4.78125],"tintindex":0,"rotation":0,"texture":"#0"}},"rotation":{"origin":[14.966,7.82621,3.2706594],"angle":-45.0,"axis":"z"}},{"from":[-0.8289995,3.776207,0.030659676],"to":[16.991001,9.446205,12.51066],"faces":{"east":{"uv":[6.65625,2.25,7.03125,2.4375],"tintindex":0,"rotation":0,"texture":"#0"},"south":{"uv":[0.0,3.0,0.5625,3.1875],"tintindex":0,"rotation":0,"texture":"#0"},"north":{"uv":[2.15625,2.875,2.71875,3.0625],"tintindex":0,"rotation":0,"texture":"#0"},"west":{"uv":[7.03125,2.25,6.65625,2.4375],"tintindex":0,"rotation":0,"texture":"#0"},"up":{"uv":[3.5,6.34375,2.9375,5.96875],"tintindex":0,"rotation":0,"texture":"#0"},"down":{"uv":[2.0,6.0,1.4375,6.375],"tintindex":0,"rotation":0,"texture":"#0"}}},{"from":[4.4309998,3.776207,-7.66434],"to":[11.721,11.876205,-1.99434],"faces":{"east":{"uv":[2.3125,7.9375,2.5,8.1875],"tintindex":0,"rotation":0,"texture":"#0"},"south":{"uv":[7.875,4.09375,8.09375,4.34375],"tintindex":0,"rotation":0,"texture":"#0"},"north":{"uv":[7.875,3.84375,8.09375,4.09375],"tintindex":0,"rotation":0,"texture":"#0"},"west":{"uv":[7.9375,3.28125,8.125,3.53125],"tintindex":0,"rotation":0,"texture":"#0"},"up":{"uv":[5.0,5.21875,4.78125,5.03125],"tintindex":0,"rotation":0,"texture":"#0"},"down":{"uv":[4.71875,5.59375,4.5,5.78125],"tintindex":0,"rotation":0,"texture":"#0"}},"rotation":{"origin":[7.676,8.231209,-8.879341],"angle":-22.5,"axis":"x"}},{"from":[0.7909999,3.776207,-6.44934],"to":[15.371,9.446205,0.030659676],"faces":{"east":{"uv":[3.875,6.40625,4.0625,6.59375],"tintindex":0,"rotation":0,"texture":"#0"},"south":{"uv":[7.625,0.75,8.09375,0.9375],"tintindex":0,"rotation":0,"texture":"#0"},"north":{"uv":[7.59375,7.25,8.0625,7.4375],"tintindex":0,"rotation":0,"texture":"#0"},"west":{"uv":[4.0625,6.40625,3.875,6.59375],"tintindex":0,"rotation":0,"texture":"#0"},"up":{"uv":[8.09375,1.125,7.625,0.9375],"tintindex":0,"rotation":0,"texture":"#0"},"down":{"uv":[8.09375,1.125,7.625,1.3125],"tintindex":0,"rotation":0,"texture":"#0"}}}],"display":{"gui":{"rotation":[30,225,0]}}}