{"textures":{"0":"modelengine:entity/yagorath_boss_gm_retexturedforsmooth"},"elements":[{"from":[7.3214474,3.006052,-11.27651],"to":[10.771446,15.656052,-0.92650986],"faces":{"east":{"uv":[5.53125,1.90625,5.84375,2.3125],"tintindex":0,"rotation":0,"texture":"#0"},"south":{"uv":[3.0625,8.0625,3.15625,8.46875],"tintindex":0,"rotation":0,"texture":"#0"},"north":{"uv":[1.59375,7.71875,1.6875,8.125],"tintindex":0,"rotation":0,"texture":"#0"},"west":{"uv":[5.84375,1.90625,5.53125,2.3125],"tintindex":0,"rotation":0,"texture":"#0"},"up":{"uv":[2.25,2.8125,2.15625,2.5],"tintindex":0,"rotation":0,"texture":"#0"},"down":{"uv":[5.375,2.875,5.28125,3.1875],"tintindex":0,"rotation":0,"texture":"#0"}},"rotation":{"origin":[8.878498,6.7942867,2.6139708],"angle":22.5,"axis":"x"}},{"from":[8.521446,-0.039928436,-9.668854],"to":[9.671448,8.610071,-1.3188543],"faces":{"east":{"uv":[5.03125,2.875,5.28125,3.15625],"tintindex":0,"rotation":0,"texture":"#0"},"south":{"uv":[2.9375,5.5625,2.96875,5.84375],"tintindex":0,"rotation":0,"texture":"#0"},"north":{"uv":[1.5,3.1875,1.53125,3.46875],"tintindex":0,"rotation":0,"texture":"#0"},"west":{"uv":[5.03125,2.875,5.28125,3.15625],"tintindex":0,"rotation":0,"texture":"#0"},"up":{"uv":[0.6875,7.1875,0.65625,6.9375],"tintindex":0,"rotation":0,"texture":"#0"},"down":{"uv":[5.75,6.9375,5.71875,7.1875],"tintindex":0,"rotation":0,"texture":"#0"}},"rotation":{"origin":[10.246447,2.2850723,-6.4938545],"angle":0.0,"axis":"z"}},{"from":[8.621447,-5.7630033,-6.3315506],"to":[9.471447,1.8869953,0.01844883],"faces":{"east":{"uv":[4.3125,7.96875,4.5,8.21875],"tintindex":0,"rotation":0,"texture":"#0"},"south":{"uv":[6.96875,5.875,7.0,6.125],"tintindex":0,"rotation":0,"texture":"#0"},"north":{"uv":[2.96875,5.5625,3.0,5.8125],"tintindex":0,"rotation":0,"texture":"#0"},"west":{"uv":[4.5,7.96875,4.3125,8.21875],"tintindex":0,"rotation":0,"texture":"#0"},"up":{"uv":[7.03125,7.5,7.0,7.3125],"tintindex":0,"rotation":0,"texture":"#0"},"down":{"uv":[7.375,2.96875,7.34375,3.15625],"tintindex":0,"rotation":0,"texture":"#0"}},"rotation":{"origin":[9.096447,-2.4380035,-4.1565514],"angle":-22.5,"axis":"x"}},{"from":[4.1828165,0.64170647,-0.93644524],"to":[12.582817,13.841705,9.863555],"faces":{"east":{"uv":[7.0625,1.78125,7.40625,2.1875],"tintindex":0,"rotation":0,"texture":"#0"},"south":{"uv":[7.53125,7.5,7.78125,7.90625],"tintindex":0,"rotation":0,"texture":"#0"},"north":{"uv":[2.34375,7.53125,2.59375,7.9375],"tintindex":0,"rotation":0,"texture":"#0"},"west":{"uv":[7.0625,4.5,7.40625,4.90625],"tintindex":0,"rotation":0,"texture":"#0"},"up":{"uv":[7.90625,5.5625,7.65625,5.21875],"tintindex":0,"rotation":0,"texture":"#0"},"down":{"uv":[0.25,7.6875,0.0,8.03125],"tintindex":0,"rotation":0,"texture":"#0"}},"rotation":{"origin":[8.382816,8.441708,-2.136445],"angle":-22.5,"axis":"y"}}],"display":{"gui":{"rotation":[30,225,0]}}}