{"textures":{"0":"modelengine:entity/yagorath_boss_gm_retexturedforsmooth"},"elements":[{"from":[2.5652122,-3.6712723,1.7285042],"to":[11.565212,11.328728,17.728504],"faces":{"east":{"uv":[5.46875,0.0,4.96875,0.46875],"tintindex":0,"rotation":0,"texture":"#0"},"south":{"uv":[0.28125,7.21875,0.0,7.6875],"tintindex":0,"rotation":0,"texture":"#0"},"north":{"uv":[7.34375,4.90625,7.0625,5.375],"tintindex":0,"rotation":0,"texture":"#0"},"west":{"uv":[5.46875,0.0,4.96875,0.46875],"tintindex":0,"rotation":0,"texture":"#0"},"up":{"uv":[3.5625,7.5,3.84375,7.0],"tintindex":0,"rotation":0,"texture":"#0"},"down":{"uv":[7.03125,2.25,7.3125,2.75],"tintindex":0,"rotation":0,"texture":"#0"}},"rotation":{"origin":[7.0652122,3.8287277,9.728504],"angle":22.5,"axis":"y"}}],"display":{"gui":{"rotation":[30,225,0]}}}