{"textures":{"0":"modelengine:entity/yagorath_boss_gm_retexturedforsmooth"},"elements":[{"from":[6.61137,-0.48163605,-10.532408],"to":[7.7613716,8.168364,-2.1824093],"faces":{"east":{"uv":[5.28125,2.875,5.03125,3.15625],"tintindex":0,"rotation":0,"texture":"#0"},"south":{"uv":[3.0,5.0,3.03125,5.28125],"tintindex":0,"rotation":0,"texture":"#0"},"north":{"uv":[1.53125,3.1875,1.5,3.46875],"tintindex":0,"rotation":0,"texture":"#0"},"west":{"uv":[5.28125,2.875,5.03125,3.15625],"tintindex":0,"rotation":0,"texture":"#0"},"up":{"uv":[6.5625,1.375,6.53125,1.125],"tintindex":0,"rotation":0,"texture":"#0"},"down":{"uv":[6.59375,1.125,6.5625,1.375],"tintindex":0,"rotation":0,"texture":"#0"}},"rotation":{"origin":[8.33637,1.8433647,-7.3574085],"angle":0.0,"axis":"z"}},{"from":[3.8000011,0.19999886,-1.7999992],"to":[12.200001,13.399998,9.0],"faces":{"east":{"uv":[7.40625,4.5,7.0625,4.90625],"tintindex":0,"rotation":0,"texture":"#0"},"south":{"uv":[7.78125,7.5,7.53125,7.90625],"tintindex":0,"rotation":0,"texture":"#0"},"north":{"uv":[2.59375,7.53125,2.34375,7.9375],"tintindex":0,"rotation":0,"texture":"#0"},"west":{"uv":[7.40625,1.78125,7.0625,2.1875],"tintindex":0,"rotation":0,"texture":"#0"},"up":{"uv":[7.65625,5.5625,7.90625,5.21875],"tintindex":0,"rotation":0,"texture":"#0"},"down":{"uv":[0.0,7.6875,0.25,8.03125],"tintindex":0,"rotation":0,"texture":"#0"}},"rotation":{"origin":[8.0,8.0,-3.0],"angle":22.5,"axis":"y"}},{"from":[5.61137,2.5643444,-12.140064],"to":[9.061371,15.214344,-1.7900658],"faces":{"east":{"uv":[5.53125,1.90625,5.84375,2.3125],"tintindex":0,"rotation":0,"texture":"#0"},"south":{"uv":[2.0625,8.0625,2.15625,8.46875],"tintindex":0,"rotation":0,"texture":"#0"},"north":{"uv":[1.6875,7.71875,1.59375,8.125],"tintindex":0,"rotation":0,"texture":"#0"},"west":{"uv":[5.84375,1.90625,5.53125,2.3125],"tintindex":0,"rotation":0,"texture":"#0"},"up":{"uv":[2.15625,2.8125,2.25,2.5],"tintindex":0,"rotation":0,"texture":"#0"},"down":{"uv":[5.28125,2.875,5.375,3.1875],"tintindex":0,"rotation":0,"texture":"#0"}},"rotation":{"origin":[7.168421,6.352579,1.7504163],"angle":22.5,"axis":"x"}},{"from":[6.7113705,-6.204711,-7.1951046],"to":[7.561371,1.4452877,-0.8451061],"faces":{"east":{"uv":[4.3125,7.96875,4.5,8.21875],"tintindex":0,"rotation":0,"texture":"#0"},"south":{"uv":[4.71875,6.8125,4.75,7.0625],"tintindex":0,"rotation":0,"texture":"#0"},"north":{"uv":[3.0,5.5625,2.96875,5.8125],"tintindex":0,"rotation":0,"texture":"#0"},"west":{"uv":[4.5,7.96875,4.3125,8.21875],"tintindex":0,"rotation":0,"texture":"#0"},"up":{"uv":[1.0,7.46875,0.96875,7.28125],"tintindex":0,"rotation":0,"texture":"#0"},"down":{"uv":[7.34375,2.96875,7.3125,3.15625],"tintindex":0,"rotation":0,"texture":"#0"}},"rotation":{"origin":[7.186371,-2.8797112,-5.0201054],"angle":-22.5,"axis":"x"}}],"display":{"gui":{"rotation":[30,225,0]}}}