{"textures":{"0":"modelengine:entity/yagorath_boss_gm_retexturedforsmooth"},"elements":[{"from":[6.9399548,1.58844,-9.04141],"to":[10.389954,14.238441,1.308589],"faces":{"east":{"uv":[5.53125,1.90625,5.84375,2.3125],"tintindex":0,"rotation":0,"texture":"#0"},"south":{"uv":[8.03125,7.4375,8.125,7.84375],"tintindex":0,"rotation":0,"texture":"#0"},"north":{"uv":[1.59375,7.71875,1.6875,8.125],"tintindex":0,"rotation":0,"texture":"#0"},"west":{"uv":[5.84375,1.90625,5.53125,2.3125],"tintindex":0,"rotation":0,"texture":"#0"},"up":{"uv":[2.25,2.8125,2.15625,2.5],"tintindex":0,"rotation":0,"texture":"#0"},"down":{"uv":[5.375,2.875,5.28125,3.1875],"tintindex":0,"rotation":0,"texture":"#0"}},"rotation":{"origin":[8.497004,5.376671,4.8490705],"angle":22.5,"axis":"x"}},{"from":[8.239954,-7.1806183,-4.0964527],"to":[9.089954,0.46938324,2.2535477],"faces":{"east":{"uv":[4.3125,7.96875,4.5,8.21875],"tintindex":0,"rotation":0,"texture":"#0"},"south":{"uv":[5.71875,0.5625,5.75,0.8125],"tintindex":0,"rotation":0,"texture":"#0"},"north":{"uv":[2.96875,5.5625,3.0,5.8125],"tintindex":0,"rotation":0,"texture":"#0"},"west":{"uv":[4.5,7.96875,4.3125,8.21875],"tintindex":0,"rotation":0,"texture":"#0"},"up":{"uv":[5.40625,3.625,5.375,3.4375],"tintindex":0,"rotation":0,"texture":"#0"},"down":{"uv":[5.4375,4.0,5.40625,4.1875],"tintindex":0,"rotation":0,"texture":"#0"}},"rotation":{"origin":[8.714954,-3.8556213,-1.9214516],"angle":-22.5,"axis":"x"}},{"from":[8.139954,-1.4575424,-7.433756],"to":[9.289953,7.192459,0.9162445],"faces":{"east":{"uv":[5.03125,2.875,5.28125,3.15625],"tintindex":0,"rotation":0,"texture":"#0"},"south":{"uv":[1.53125,3.1875,1.5625,3.46875],"tintindex":0,"rotation":0,"texture":"#0"},"north":{"uv":[1.5,3.1875,1.53125,3.46875],"tintindex":0,"rotation":0,"texture":"#0"},"west":{"uv":[5.03125,2.875,5.28125,3.15625],"tintindex":0,"rotation":0,"texture":"#0"},"up":{"uv":[3.03125,5.53125,3.0,5.28125],"tintindex":0,"rotation":0,"texture":"#0"},"down":{"uv":[3.0625,5.28125,3.03125,5.53125],"tintindex":0,"rotation":0,"texture":"#0"}},"rotation":{"origin":[9.864954,0.8674545,-4.2587547],"angle":0.0,"axis":"z"}},{"from":[4.3086586,2.5,0.010135651],"to":[11.308659,13.5,9.010136],"faces":{"east":{"uv":[5.4375,0.5625,5.71875,0.90625],"tintindex":0,"rotation":0,"texture":"#0"},"south":{"uv":[5.53125,1.46875,5.3125,1.8125],"tintindex":0,"rotation":0,"texture":"#0"},"north":{"uv":[5.3125,1.46875,5.53125,1.8125],"tintindex":0,"rotation":0,"texture":"#0"},"west":{"uv":[5.71875,0.5625,5.4375,0.90625],"tintindex":0,"rotation":0,"texture":"#0"},"up":{"uv":[8.0625,7.125,7.84375,6.84375],"tintindex":0,"rotation":0,"texture":"#0"},"down":{"uv":[8.09375,0.375,7.875,0.65625],"tintindex":0,"rotation":0,"texture":"#0"}},"rotation":{"origin":[8.0,8.0,4.0],"angle":-22.5,"axis":"y"}}],"display":{"gui":{"rotation":[30,225,0]}}}