{"textures":{"0":"modelengine:entity/yagorath_boss_gm_retexturedforsmooth"},"elements":[{"from":[4.5375,-0.0030212402,19.143877],"to":[11.0375,8.996979,26.143877],"faces":{"east":{"uv":[2.5625,5.0,3.0,5.5625],"tintindex":0,"rotation":0,"texture":"#0"},"south":{"uv":[5.46875,0.0,5.875,0.5625],"tintindex":0,"rotation":0,"texture":"#0"},"north":{"uv":[5.875,0.0,5.46875,0.5625],"tintindex":0,"rotation":0,"texture":"#0"},"west":{"uv":[3.0,5.0,2.5625,5.5625],"tintindex":0,"rotation":0,"texture":"#0"},"up":{"uv":[4.28125,7.0625,3.875,6.625],"tintindex":0,"rotation":0,"texture":"#0"},"down":{"uv":[7.03125,2.4375,6.625,2.875],"tintindex":0,"rotation":0,"texture":"#0"}},"rotation":{"origin":[8.6875,34.99698,4.143877],"angle":22.5,"axis":"x"}},{"from":[1.9375,1.0549088,3.4483304],"to":[13.9375,8.054909,11.44833],"faces":{"east":{"uv":[6.0,4.5625,5.5,5.0],"tintindex":0,"rotation":0,"texture":"#0"},"south":{"uv":[3.0,0.0,3.75,0.4375],"tintindex":0,"rotation":0,"texture":"#0"},"north":{"uv":[3.5625,2.6875,2.8125,3.125],"tintindex":0,"rotation":0,"texture":"#0"},"west":{"uv":[5.5,4.5625,6.0,5.0],"tintindex":0,"rotation":0,"texture":"#0"},"up":{"uv":[1.5,1.5,0.75,1.0],"tintindex":0,"rotation":0,"texture":"#0"},"down":{"uv":[1.5,0.5,0.75,1.0],"tintindex":0,"rotation":0,"texture":"#0"}}},{"from":[2.9375,-5.9450912,3.4483304],"to":[12.9375,1.0549088,11.44833],"faces":{"east":{"uv":[1.9375,5.53125,1.4375,5.96875],"tintindex":0,"rotation":0,"texture":"#0"},"south":{"uv":[3.75,4.53125,4.375,4.96875],"tintindex":0,"rotation":0,"texture":"#0"},"north":{"uv":[3.125,4.53125,3.75,4.96875],"tintindex":0,"rotation":0,"texture":"#0"},"west":{"uv":[1.4375,5.53125,1.9375,5.96875],"tintindex":0,"rotation":0,"texture":"#0"},"up":{"uv":[1.875,4.5,1.25,4.0],"tintindex":0,"rotation":0,"texture":"#0"},"down":{"uv":[2.5,4.0,1.875,4.5],"tintindex":0,"rotation":0,"texture":"#0"}}},{"from":[6.2875,3.9969788,23.143877],"to":[9.2875,10.496979,27.643877],"faces":{"east":{"uv":[7.40625,4.34375,7.6875,4.75],"tintindex":0,"rotation":0,"texture":"#0"},"south":{"uv":[1.1875,7.71875,1.375,8.125],"tintindex":0,"rotation":0,"texture":"#0"},"north":{"uv":[1.375,7.71875,1.1875,8.125],"tintindex":0,"rotation":0,"texture":"#0"},"west":{"uv":[7.6875,4.34375,7.40625,4.75],"tintindex":0,"rotation":0,"texture":"#0"},"up":{"uv":[7.71875,8.1875,7.53125,7.90625],"tintindex":0,"rotation":0,"texture":"#0"},"down":{"uv":[7.53125,8.1875,7.71875,7.90625],"tintindex":0,"rotation":0,"texture":"#0"}},"rotation":{"origin":[8.6875,34.99698,4.143877],"angle":22.5,"axis":"x"}}],"display":{"gui":{"rotation":[30,225,0]}}}