{"textures":{"0":"modelengine:entity/yagorath_boss_gm_retexturedforsmooth"},"elements":[{"from":[2.8824134,2.667366,-7.632394],"to":[8.057413,8.417366,1.5676064],"faces":{"east":{"uv":[2.0,6.0,2.5625,6.375],"tintindex":0,"rotation":0,"texture":"#0"},"south":{"uv":[6.40625,7.3125,6.71875,7.6875],"tintindex":0,"rotation":0,"texture":"#0"},"north":{"uv":[7.625,2.59375,7.3125,2.96875],"tintindex":0,"rotation":0,"texture":"#0"},"west":{"uv":[2.5625,6.0,2.0,6.375],"tintindex":0,"rotation":0,"texture":"#0"},"up":{"uv":[6.71875,6.75,7.03125,6.1875],"tintindex":0,"rotation":0,"texture":"#0"},"down":{"uv":[7.03125,6.1875,6.71875,6.75],"tintindex":0,"rotation":0,"texture":"#0"}}},{"from":[3.9448752,0.94236565,-0.59747887],"to":[9.119875,10.717365,8.60252],"faces":{"east":{"uv":[2.8125,1.0,2.25,1.625],"tintindex":0,"rotation":0,"texture":"#0"},"south":{"uv":[6.625,3.46875,6.3125,4.09375],"tintindex":0,"rotation":0,"texture":"#0"},"north":{"uv":[6.625,2.84375,6.3125,3.46875],"tintindex":0,"rotation":0,"texture":"#0"},"west":{"uv":[2.8125,1.0,2.25,1.625],"tintindex":0,"rotation":0,"texture":"#0"},"up":{"uv":[0.0,7.21875,0.3125,6.65625],"tintindex":0,"rotation":0,"texture":"#0"},"down":{"uv":[4.75,6.71875,5.0625,7.28125],"tintindex":0,"rotation":0,"texture":"#0"}},"rotation":{"origin":[6.532375,6.4048653,4.0025206],"angle":22.5,"axis":"y"}}],"display":{"gui":{"rotation":[30,225,0]}}}