{"textures":{"0":"modelengine:entity/yagorath_boss_gm_retexturedforsmooth"},"elements":[{"from":[10.568208,2.4889498,15.318579],"to":[15.968207,11.48895,24.91858],"faces":{"east":{"uv":[2.8125,1.5625,3.40625,2.125],"tintindex":0,"rotation":0,"texture":"#0"},"south":{"uv":[0.34375,6.375,0.6875,6.9375],"tintindex":0,"rotation":0,"texture":"#0"},"north":{"uv":[1.78125,6.375,1.4375,6.9375],"tintindex":0,"rotation":0,"texture":"#0"},"west":{"uv":[3.40625,1.5625,2.8125,2.125],"tintindex":0,"rotation":0,"texture":"#0"},"up":{"uv":[0.0,6.65625,0.34375,6.0625],"tintindex":0,"rotation":0,"texture":"#0"},"down":{"uv":[4.40625,6.21875,4.75,6.8125],"tintindex":0,"rotation":0,"texture":"#0"}},"rotation":{"origin":[13.268208,6.98895,20.11858],"angle":22.5,"axis":"y"}}],"display":{"gui":{"rotation":[30,225,0]}}}