{"textures":{"0":"modelengine:entity/yagorath_boss_gm_retexturedforsmooth"},"elements":[{"from":[7.2032623,-3.908638,-4.526005],"to":[8.053263,3.7413635,1.8239961],"faces":{"east":{"uv":[4.3125,7.96875,4.5,8.21875],"tintindex":0,"rotation":0,"texture":"#0"},"south":{"uv":[5.8125,3.75,5.84375,4.0],"tintindex":0,"rotation":0,"texture":"#0"},"north":{"uv":[3.0,5.5625,2.96875,5.8125],"tintindex":0,"rotation":0,"texture":"#0"},"west":{"uv":[4.5,7.96875,4.3125,8.21875],"tintindex":0,"rotation":0,"texture":"#0"},"up":{"uv":[6.3125,3.28125,6.28125,3.09375],"tintindex":0,"rotation":0,"texture":"#0"},"down":{"uv":[5.40625,4.0,5.4375,4.1875],"tintindex":0,"rotation":0,"texture":"#0"}},"rotation":{"origin":[7.6782627,-0.58364105,-2.3510036],"angle":-22.5,"axis":"x"}},{"from":[7.103262,1.8144379,-7.863306],"to":[8.253262,10.464439,0.48669386],"faces":{"east":{"uv":[5.28125,2.875,5.03125,3.15625],"tintindex":0,"rotation":0,"texture":"#0"},"south":{"uv":[4.125,0.5,4.15625,0.78125],"tintindex":0,"rotation":0,"texture":"#0"},"north":{"uv":[1.53125,3.1875,1.5,3.46875],"tintindex":0,"rotation":0,"texture":"#0"},"west":{"uv":[5.28125,2.875,5.03125,3.15625],"tintindex":0,"rotation":0,"texture":"#0"},"up":{"uv":[5.96875,4.5,5.9375,4.25],"tintindex":0,"rotation":0,"texture":"#0"},"down":{"uv":[6.0,4.25,5.96875,4.5],"tintindex":0,"rotation":0,"texture":"#0"}},"rotation":{"origin":[8.828261,4.139435,-4.688307],"angle":0.0,"axis":"z"}},{"from":[3.2604542,5.7719803,-0.11280823],"to":[10.260453,16.77198,8.887192],"faces":{"east":{"uv":[5.4375,0.5625,5.71875,0.90625],"tintindex":0,"rotation":0,"texture":"#0"},"south":{"uv":[5.3125,1.46875,5.53125,1.8125],"tintindex":0,"rotation":0,"texture":"#0"},"north":{"uv":[5.53125,1.46875,5.3125,1.8125],"tintindex":0,"rotation":0,"texture":"#0"},"west":{"uv":[5.71875,0.5625,5.4375,0.90625],"tintindex":0,"rotation":0,"texture":"#0"},"up":{"uv":[7.84375,7.125,8.0625,6.84375],"tintindex":0,"rotation":0,"texture":"#0"},"down":{"uv":[7.875,0.375,8.09375,0.65625],"tintindex":0,"rotation":0,"texture":"#0"}},"rotation":{"origin":[6.760454,12.27198,-1.1128082],"angle":22.5,"axis":"y"}},{"from":[6.103262,4.86042,-9.470963],"to":[9.553262,17.510422,0.8790374],"faces":{"east":{"uv":[5.53125,1.90625,5.84375,2.3125],"tintindex":0,"rotation":0,"texture":"#0"},"south":{"uv":[0.28125,8.0625,0.375,8.46875],"tintindex":0,"rotation":0,"texture":"#0"},"north":{"uv":[1.6875,7.71875,1.59375,8.125],"tintindex":0,"rotation":0,"texture":"#0"},"west":{"uv":[5.84375,1.90625,5.53125,2.3125],"tintindex":0,"rotation":0,"texture":"#0"},"up":{"uv":[2.15625,2.8125,2.25,2.5],"tintindex":0,"rotation":0,"texture":"#0"},"down":{"uv":[5.28125,2.875,5.375,3.1875],"tintindex":0,"rotation":0,"texture":"#0"}},"rotation":{"origin":[7.6603127,8.648651,4.419519],"angle":22.5,"axis":"x"}}],"display":{"gui":{"rotation":[30,225,0]}}}