{"textures":{"0":"modelengine:entity/yagorath_boss_gm_retexturedforsmooth"},"elements":[{"from":[8.221475,11.105885,-7.44524],"to":[9.946475,17.430883,-2.2702408],"faces":{"east":{"uv":[5.53125,1.90625,5.84375,2.3125],"tintindex":0,"rotation":0,"texture":"#0"},"south":{"uv":[1.875,8.0625,1.96875,8.46875],"tintindex":0,"rotation":0,"texture":"#0"},"north":{"uv":[0.46875,8.0625,0.375,8.46875],"tintindex":0,"rotation":0,"texture":"#0"},"west":{"uv":[5.84375,1.90625,5.53125,2.3125],"tintindex":0,"rotation":0,"texture":"#0"},"up":{"uv":[2.15625,2.8125,2.25,2.5],"tintindex":0,"rotation":0,"texture":"#0"},"down":{"uv":[2.75,7.03125,2.84375,7.34375],"tintindex":0,"rotation":0,"texture":"#0"}},"rotation":{"origin":[9.0,13.0,-0.5],"angle":22.5,"axis":"x"}},{"from":[8.771475,6.7213554,-4.972761],"to":[9.196475,10.546356,-1.79776],"faces":{"east":{"uv":[4.3125,7.96875,4.5,8.21875],"tintindex":0,"rotation":0,"texture":"#0"},"south":{"uv":[5.96875,6.3125,6.0,6.5625],"tintindex":0,"rotation":0,"texture":"#0"},"north":{"uv":[3.0,5.5625,2.96875,5.8125],"tintindex":0,"rotation":0,"texture":"#0"},"west":{"uv":[4.5,7.96875,4.3125,8.21875],"tintindex":0,"rotation":0,"texture":"#0"},"up":{"uv":[2.90625,7.21875,2.875,7.03125],"tintindex":0,"rotation":0,"texture":"#0"},"down":{"uv":[4.75,7.0625,4.71875,7.25],"tintindex":0,"rotation":0,"texture":"#0"}},"rotation":{"origin":[9.008975,8.383856,-3.8852615],"angle":-22.5,"axis":"x"}},{"from":[8.721475,9.582893,-6.6414127],"to":[9.296474,13.907894,-2.4664116],"faces":{"east":{"uv":[5.28125,2.875,5.03125,3.15625],"tintindex":0,"rotation":0,"texture":"#0"},"south":{"uv":[4.65625,1.40625,4.6875,1.6875],"tintindex":0,"rotation":0,"texture":"#0"},"north":{"uv":[4.375,3.65625,4.34375,3.9375],"tintindex":0,"rotation":0,"texture":"#0"},"west":{"uv":[5.28125,2.875,5.03125,3.15625],"tintindex":0,"rotation":0,"texture":"#0"},"up":{"uv":[6.3125,4.0,6.28125,3.75],"tintindex":0,"rotation":0,"texture":"#0"},"down":{"uv":[6.34375,1.90625,6.3125,2.15625],"tintindex":0,"rotation":0,"texture":"#0"}},"rotation":{"origin":[9.583975,10.745394,-5.053913],"angle":0.0,"axis":"z"}},{"from":[6.5227222,12.965948,-5.771202],"to":[12.547722,17.715948,2.4287968],"faces":{"east":{"uv":[4.15625,1.40625,4.65625,1.71875],"tintindex":0,"rotation":0,"texture":"#0"},"south":{"uv":[6.09375,7.3125,5.71875,7.625],"tintindex":0,"rotation":0,"texture":"#0"},"north":{"uv":[7.6875,4.03125,7.3125,4.34375],"tintindex":0,"rotation":0,"texture":"#0"},"west":{"uv":[4.65625,1.40625,4.15625,1.71875],"tintindex":0,"rotation":0,"texture":"#0"},"up":{"uv":[6.3125,0.5,6.6875,0.0],"tintindex":0,"rotation":0,"texture":"#0"},"down":{"uv":[2.125,6.375,2.5,6.875],"tintindex":0,"rotation":0,"texture":"#0"}},"rotation":{"origin":[8.0,13.0,-0.5],"angle":45.0,"axis":"x"}},{"from":[8.022722,9.465948,0.7287979],"to":[12.047722,15.215948,9.928797],"faces":{"east":{"uv":[6.0,4.625,6.5625,5.0],"tintindex":0,"rotation":0,"texture":"#0"},"south":{"uv":[7.84375,6.5,7.59375,6.875],"tintindex":0,"rotation":0,"texture":"#0"},"north":{"uv":[1.5,3.625,1.25,4.0],"tintindex":0,"rotation":0,"texture":"#0"},"west":{"uv":[6.5625,4.625,6.0,5.0],"tintindex":0,"rotation":0,"texture":"#0"},"up":{"uv":[7.03125,6.4375,7.28125,5.875],"tintindex":0,"rotation":0,"texture":"#0"},"down":{"uv":[7.03125,6.4375,7.28125,7.0],"tintindex":0,"rotation":0,"texture":"#0"}},"rotation":{"origin":[8.0,13.0,-0.5],"angle":22.5,"axis":"x"}}],"display":{"gui":{"rotation":[30,225,0]}}}