{"textures":{"0":"modelengine:entity/yagorath_boss_gm_retexturedforsmooth"},"elements":[{"from":[6.422188,17.476482,0.41171646],"to":[9.662188,24.766483,10.131717],"faces":{"east":{"uv":[0.65625,4.125,1.25,4.59375],"tintindex":0,"rotation":0,"texture":"#0"},"south":{"uv":[7.625,3.5625,7.8125,4.03125],"tintindex":0,"rotation":0,"texture":"#0"},"north":{"uv":[1.6875,7.625,1.875,8.09375],"tintindex":0,"rotation":0,"texture":"#0"},"west":{"uv":[1.25,4.125,0.65625,4.59375],"tintindex":0,"rotation":0,"texture":"#0"},"up":{"uv":[4.5625,7.96875,4.375,7.375],"tintindex":0,"rotation":0,"texture":"#0"},"down":{"uv":[5.375,7.40625,5.1875,8.0],"tintindex":0,"rotation":0,"texture":"#0"}},"rotation":{"origin":[8.042188,21.121483,5.771717],"angle":-45.0,"axis":"x"}},{"from":[11.282187,13.037621,3.829649],"to":[16.142189,20.327621,13.549649],"faces":{"east":{"uv":[4.4375,2.25,5.03125,2.71875],"tintindex":0,"rotation":0,"texture":"#0"},"south":{"uv":[7.3125,1.3125,7.0,1.78125],"tintindex":0,"rotation":0,"texture":"#0"},"north":{"uv":[7.0,1.3125,7.3125,1.78125],"tintindex":0,"rotation":0,"texture":"#0"},"west":{"uv":[5.03125,2.25,4.4375,2.71875],"tintindex":0,"rotation":0,"texture":"#0"},"up":{"uv":[6.71875,6.84375,6.40625,6.25],"tintindex":0,"rotation":0,"texture":"#0"},"down":{"uv":[6.40625,6.84375,6.71875,6.25],"tintindex":0,"rotation":0,"texture":"#0"}},"rotation":{"origin":[8.042188,16.682621,5.3421497],"angle":-45.0,"axis":"x"}},{"from":[9.257188,11.645519,2.4421034],"to":[14.522188,17.600521,9.327103],"faces":{"east":{"uv":[6.6875,0.0,7.125,0.375],"tintindex":0,"rotation":0,"texture":"#0"},"south":{"uv":[3.8125,3.1875,4.15625,3.5625],"tintindex":0,"rotation":0,"texture":"#0"},"north":{"uv":[3.75,0.5,4.09375,0.875],"tintindex":0,"rotation":0,"texture":"#0"},"west":{"uv":[6.875,3.75,7.3125,4.125],"tintindex":0,"rotation":0,"texture":"#0"},"up":{"uv":[2.46875,7.3125,2.125,6.875],"tintindex":0,"rotation":0,"texture":"#0"},"down":{"uv":[3.25,6.90625,2.90625,7.34375],"tintindex":0,"rotation":0,"texture":"#0"}},"rotation":{"origin":[11.282187,15.37302,5.8846035],"angle":-22.5,"axis":"x"}},{"from":[2.7771878,5.045521,2.4421034],"to":[13.307188,13.145519,9.327103],"faces":{"east":{"uv":[0.0,5.5625,0.4375,6.0625],"tintindex":0,"rotation":0,"texture":"#0"},"south":{"uv":[1.5,3.5,2.15625,4.0],"tintindex":0,"rotation":0,"texture":"#0"},"north":{"uv":[3.40625,1.75,4.0625,2.25],"tintindex":0,"rotation":0,"texture":"#0"},"west":{"uv":[0.4375,5.5625,0.0,6.0625],"tintindex":0,"rotation":0,"texture":"#0"},"up":{"uv":[0.65625,4.5625,0.0,4.125],"tintindex":0,"rotation":0,"texture":"#0"},"down":{"uv":[4.8125,0.5,4.15625,0.9375],"tintindex":0,"rotation":0,"texture":"#0"}}},{"from":[8.447187,11.120522,-2.822897],"to":[10.067187,12.7405205,-2.4178972],"faces":{"east":{"uv":[4.34375,3.9375,4.375,4.03125],"tintindex":0,"rotation":0,"texture":"#0"},"south":{"uv":[3.3125,0.875,3.40625,0.96875],"tintindex":0,"rotation":0,"texture":"#0"},"north":{"uv":[3.21875,0.875,3.3125,0.96875],"tintindex":0,"rotation":0,"texture":"#0"},"west":{"uv":[4.96875,4.46875,5.0,4.5625],"tintindex":0,"rotation":0,"texture":"#0"},"up":{"uv":[0.65625,2.5,0.5625,2.46875],"tintindex":0,"rotation":0,"texture":"#0"},"down":{"uv":[0.75,2.46875,0.65625,2.5],"tintindex":0,"rotation":0,"texture":"#0"}},"rotation":{"origin":[9.459687,11.72802,-2.6203966],"angle":-22.5,"axis":"z"}},{"from":[6.0171876,11.120522,-2.822897],"to":[7.6371875,12.7405205,-2.4178972],"faces":{"east":{"uv":[5.4375,0.46875,5.46875,0.5625],"tintindex":0,"rotation":0,"texture":"#0"},"south":{"uv":[5.5,5.09375,5.59375,5.1875],"tintindex":0,"rotation":0,"texture":"#0"},"north":{"uv":[5.5,5.0,5.59375,5.09375],"tintindex":0,"rotation":0,"texture":"#0"},"west":{"uv":[5.78125,3.3125,5.8125,3.40625],"tintindex":0,"rotation":0,"texture":"#0"},"up":{"uv":[3.09375,1.0,3.0,0.96875],"tintindex":0,"rotation":0,"texture":"#0"},"down":{"uv":[3.1875,0.96875,3.09375,1.0],"tintindex":0,"rotation":0,"texture":"#0"}},"rotation":{"origin":[6.624687,11.72802,-2.6203966],"angle":22.5,"axis":"z"}},{"from":[-0.46281242,13.037621,3.829649],"to":[4.397187,20.327621,13.549649],"faces":{"east":{"uv":[4.4375,2.25,5.03125,2.71875],"tintindex":0,"rotation":0,"texture":"#0"},"south":{"uv":[7.0,1.3125,7.3125,1.78125],"tintindex":0,"rotation":0,"texture":"#0"},"north":{"uv":[7.3125,1.3125,7.0,1.78125],"tintindex":0,"rotation":0,"texture":"#0"},"west":{"uv":[5.03125,2.25,4.4375,2.71875],"tintindex":0,"rotation":0,"texture":"#0"},"up":{"uv":[6.40625,6.84375,6.71875,6.25],"tintindex":0,"rotation":0,"texture":"#0"},"down":{"uv":[6.71875,6.84375,6.40625,6.25],"tintindex":0,"rotation":0,"texture":"#0"}},"rotation":{"origin":[8.042188,16.682621,5.3421497],"angle":-45.0,"axis":"x"}},{"from":[10.472187,11.120522,0.82210255],"to":[12.092188,12.7405205,1.632103],"faces":{"east":{"uv":[2.9375,5.84375,3.0,5.9375],"tintindex":0,"rotation":0,"texture":"#0"},"south":{"uv":[5.375,6.84375,5.46875,6.9375],"tintindex":0,"rotation":0,"texture":"#0"},"north":{"uv":[0.5625,2.375,0.65625,2.46875],"tintindex":0,"rotation":0,"texture":"#0"},"west":{"uv":[2.5,6.375,2.5625,6.46875],"tintindex":0,"rotation":0,"texture":"#0"},"up":{"uv":[2.6875,4.0625,2.59375,4.0],"tintindex":0,"rotation":0,"texture":"#0"},"down":{"uv":[2.78125,4.0,2.6875,4.0625],"tintindex":0,"rotation":0,"texture":"#0"}},"rotation":{"origin":[11.282187,11.930519,1.2271032],"angle":22.5,"axis":"z"}},{"from":[10.472187,11.120522,-0.79789734],"to":[12.092188,12.7405205,0.012103081],"faces":{"east":{"uv":[5.4375,4.65625,5.5,4.75],"tintindex":0,"rotation":0,"texture":"#0"},"south":{"uv":[4.40625,6.03125,4.5,6.125],"tintindex":0,"rotation":0,"texture":"#0"},"north":{"uv":[5.5,5.78125,5.59375,5.875],"tintindex":0,"rotation":0,"texture":"#0"},"west":{"uv":[4.71875,5.59375,4.78125,5.6875],"tintindex":0,"rotation":0,"texture":"#0"},"up":{"uv":[2.6875,3.125,2.59375,3.0625],"tintindex":0,"rotation":0,"texture":"#0"},"down":{"uv":[2.78125,3.0625,2.6875,3.125],"tintindex":0,"rotation":0,"texture":"#0"}},"rotation":{"origin":[11.282187,11.930519,-0.39289665],"angle":22.5,"axis":"z"}},{"from":[1.9121876,15.813572,2.4517202],"to":[5.212188,17.213573,3.8517208],"faces":{"east":{"uv":[7.3125,1.59375,7.40625,1.6875],"tintindex":0,"rotation":0,"texture":"#0"},"south":{"uv":[6.03125,1.8125,6.25,1.90625],"tintindex":0,"rotation":0,"texture":"#0"},"north":{"uv":[3.0,0.875,3.21875,0.96875],"tintindex":0,"rotation":0,"texture":"#0"},"west":{"uv":[7.3125,1.6875,7.40625,1.78125],"tintindex":0,"rotation":0,"texture":"#0"},"up":{"uv":[6.3125,5.84375,6.09375,5.75],"tintindex":0,"rotation":0,"texture":"#0"},"down":{"uv":[6.5,4.09375,6.28125,4.1875],"tintindex":0,"rotation":0,"texture":"#0"}},"rotation":{"origin":[2.4621878,-14.586426,-0.84827995],"angle":0.0,"axis":"z"}},{"from":[5.6121874,13.037621,0.014649391],"to":[10.472187,20.327621,9.034649],"faces":{"east":{"uv":[3.125,4.0625,3.75,4.53125],"tintindex":0,"rotation":0,"texture":"#0"},"south":{"uv":[6.40625,6.84375,6.71875,7.3125],"tintindex":0,"rotation":0,"texture":"#0"},"north":{"uv":[0.9375,5.03125,1.25,5.5],"tintindex":0,"rotation":0,"texture":"#0"},"west":{"uv":[3.75,4.0625,3.125,4.53125],"tintindex":0,"rotation":0,"texture":"#0"},"up":{"uv":[5.46875,6.84375,5.15625,6.21875],"tintindex":0,"rotation":0,"texture":"#0"},"down":{"uv":[6.59375,0.5,6.28125,1.125],"tintindex":0,"rotation":0,"texture":"#0"}},"rotation":{"origin":[8.042188,16.682621,5.3421497],"angle":-45.0,"axis":"x"}},{"from":[10.862187,14.263573,0.90172005],"to":[14.162188,15.663574,2.3017206],"faces":{"east":{"uv":[2.59375,7.53125,2.6875,7.625],"tintindex":0,"rotation":0,"texture":"#0"},"south":{"uv":[7.96875,5.03125,8.1875,5.125],"tintindex":0,"rotation":0,"texture":"#0"},"north":{"uv":[7.90625,5.40625,8.125,5.5],"tintindex":0,"rotation":0,"texture":"#0"},"west":{"uv":[1.875,7.625,1.96875,7.71875],"tintindex":0,"rotation":0,"texture":"#0"},"up":{"uv":[8.25,0.34375,8.03125,0.25],"tintindex":0,"rotation":0,"texture":"#0"},"down":{"uv":[8.25,7.84375,8.03125,7.9375],"tintindex":0,"rotation":0,"texture":"#0"}},"rotation":{"origin":[2.4621878,-14.586426,-0.84827995],"angle":0.0,"axis":"z"}},{"from":[10.472187,11.120522,-3.2278967],"to":[12.092188,12.7405205,-2.4178972],"faces":{"east":{"uv":[4.09375,0.78125,4.15625,0.875],"tintindex":0,"rotation":0,"texture":"#0"},"south":{"uv":[0.65625,2.375,0.75,2.46875],"tintindex":0,"rotation":0,"texture":"#0"},"north":{"uv":[0.5625,2.375,0.65625,2.46875],"tintindex":0,"rotation":0,"texture":"#0"},"west":{"uv":[3.0625,4.84375,3.125,4.9375],"tintindex":0,"rotation":0,"texture":"#0"},"up":{"uv":[2.25,2.875,2.15625,2.8125],"tintindex":0,"rotation":0,"texture":"#0"},"down":{"uv":[2.40625,3.0625,2.3125,3.125],"tintindex":0,"rotation":0,"texture":"#0"}},"rotation":{"origin":[11.282187,11.930519,-2.822897],"angle":22.5,"axis":"z"}},{"from":[3.5871878,12.335522,-0.79789734],"to":[12.497188,15.170521,2.4421034],"faces":{"east":{"uv":[6.875,4.5,7.0625,4.6875],"tintindex":0,"rotation":0,"texture":"#0"},"south":{"uv":[7.40625,2.0,7.96875,2.1875],"tintindex":0,"rotation":0,"texture":"#0"},"north":{"uv":[7.375,3.375,7.9375,3.5625],"tintindex":0,"rotation":0,"texture":"#0"},"west":{"uv":[7.96875,1.96875,8.15625,2.15625],"tintindex":0,"rotation":0,"texture":"#0"},"up":{"uv":[8.03125,0.1875,7.46875,0.0],"tintindex":0,"rotation":0,"texture":"#0"},"down":{"uv":[8.03125,0.1875,7.46875,0.375],"tintindex":0,"rotation":0,"texture":"#0"}}},{"from":[0.34718752,17.476482,5.676717],"to":[3.5871878,24.766483,15.396717],"faces":{"east":{"uv":[1.25,4.5,1.84375,4.96875],"tintindex":0,"rotation":0,"texture":"#0"},"south":{"uv":[6.03125,7.625,5.84375,8.09375],"tintindex":0,"rotation":0,"texture":"#0"},"north":{"uv":[5.84375,7.625,5.65625,8.09375],"tintindex":0,"rotation":0,"texture":"#0"},"west":{"uv":[1.84375,4.5,1.25,4.96875],"tintindex":0,"rotation":0,"texture":"#0"},"up":{"uv":[7.46875,5.8125,7.65625,5.21875],"tintindex":0,"rotation":0,"texture":"#0"},"down":{"uv":[3.5,7.46875,3.3125,8.0625],"tintindex":0,"rotation":0,"texture":"#0"}},"rotation":{"origin":[8.042188,21.121483,5.771717],"angle":-45.0,"axis":"x"}},{"from":[4.397187,12.335522,-4.037897],"to":[11.687187,15.170521,-0.79789734],"faces":{"east":{"uv":[8.0,4.59375,8.1875,4.78125],"tintindex":0,"rotation":0,"texture":"#0"},"south":{"uv":[7.625,2.1875,8.09375,2.375],"tintindex":0,"rotation":0,"texture":"#0"},"north":{"uv":[7.625,1.3125,8.09375,1.5],"tintindex":0,"rotation":0,"texture":"#0"},"west":{"uv":[3.15625,8.0625,3.34375,8.25],"tintindex":0,"rotation":0,"texture":"#0"},"up":{"uv":[8.09375,2.5625,7.625,2.375],"tintindex":0,"rotation":0,"texture":"#0"},"down":{"uv":[8.09375,2.5625,7.625,2.75],"tintindex":0,"rotation":0,"texture":"#0"}}},{"from":[1.9121876,14.263573,0.90172005],"to":[5.212188,15.663574,2.3017206],"faces":{"east":{"uv":[7.34375,5.21875,7.4375,5.3125],"tintindex":0,"rotation":0,"texture":"#0"},"south":{"uv":[7.65625,3.28125,7.875,3.375],"tintindex":0,"rotation":0,"texture":"#0"},"north":{"uv":[7.40625,4.75,7.625,4.84375],"tintindex":0,"rotation":0,"texture":"#0"},"west":{"uv":[3.6875,7.5,3.78125,7.59375],"tintindex":0,"rotation":0,"texture":"#0"},"up":{"uv":[8.0625,7.21875,7.84375,7.125],"tintindex":0,"rotation":0,"texture":"#0"},"down":{"uv":[8.09375,0.65625,7.875,0.75],"tintindex":0,"rotation":0,"texture":"#0"}},"rotation":{"origin":[2.4621878,-14.586426,-0.84827995],"angle":0.0,"axis":"z"}},{"from":[3.9921875,11.120522,-0.79789734],"to":[5.6121874,12.7405205,0.012103081],"faces":{"east":{"uv":[4.71875,5.6875,4.78125,5.78125],"tintindex":0,"rotation":0,"texture":"#0"},"south":{"uv":[6.25,1.8125,6.34375,1.90625],"tintindex":0,"rotation":0,"texture":"#0"},"north":{"uv":[0.65625,2.375,0.5625,2.46875],"tintindex":0,"rotation":0,"texture":"#0"},"west":{"uv":[5.71875,0.8125,5.78125,0.90625],"tintindex":0,"rotation":0,"texture":"#0"},"up":{"uv":[2.25,3.5625,2.15625,3.5],"tintindex":0,"rotation":0,"texture":"#0"},"down":{"uv":[2.59375,4.0,2.5,4.0625],"tintindex":0,"rotation":0,"texture":"#0"}},"rotation":{"origin":[4.8021874,11.930519,-0.39289665],"angle":-22.5,"axis":"z"}},{"from":[12.092188,17.476482,5.676717],"to":[15.332188,24.766483,15.396717],"faces":{"east":{"uv":[1.25,4.5,1.84375,4.96875],"tintindex":0,"rotation":0,"texture":"#0"},"south":{"uv":[5.84375,7.625,6.03125,8.09375],"tintindex":0,"rotation":0,"texture":"#0"},"north":{"uv":[5.65625,7.625,5.84375,8.09375],"tintindex":0,"rotation":0,"texture":"#0"},"west":{"uv":[1.84375,4.5,1.25,4.96875],"tintindex":0,"rotation":0,"texture":"#0"},"up":{"uv":[7.65625,5.8125,7.46875,5.21875],"tintindex":0,"rotation":0,"texture":"#0"},"down":{"uv":[3.3125,7.46875,3.5,8.0625],"tintindex":0,"rotation":0,"texture":"#0"}},"rotation":{"origin":[8.042188,21.121483,5.771717],"angle":-45.0,"axis":"x"}},{"from":[3.9921875,11.120522,-3.2278967],"to":[5.6121874,12.7405205,-2.4178972],"faces":{"east":{"uv":[5.3125,1.375,5.375,1.46875],"tintindex":0,"rotation":0,"texture":"#0"},"south":{"uv":[2.71875,2.96875,2.8125,3.0625],"tintindex":0,"rotation":0,"texture":"#0"},"north":{"uv":[0.65625,2.375,0.5625,2.46875],"tintindex":0,"rotation":0,"texture":"#0"},"west":{"uv":[5.4375,4.5625,5.5,4.65625],"tintindex":0,"rotation":0,"texture":"#0"},"up":{"uv":[2.5,3.125,2.40625,3.0625],"tintindex":0,"rotation":0,"texture":"#0"},"down":{"uv":[2.59375,3.0625,2.5,3.125],"tintindex":0,"rotation":0,"texture":"#0"}},"rotation":{"origin":[4.8021874,11.930519,-2.822897],"angle":-22.5,"axis":"z"}},{"from":[3.9921875,11.120522,0.82210255],"to":[5.6121874,12.7405205,1.632103],"faces":{"east":{"uv":[2.5,6.46875,2.5625,6.5625],"tintindex":0,"rotation":0,"texture":"#0"},"south":{"uv":[4.90625,7.28125,5.0,7.375],"tintindex":0,"rotation":0,"texture":"#0"},"north":{"uv":[0.65625,2.375,0.5625,2.46875],"tintindex":0,"rotation":0,"texture":"#0"},"west":{"uv":[6.5,4.09375,6.5625,4.1875],"tintindex":0,"rotation":0,"texture":"#0"},"up":{"uv":[2.875,4.0625,2.78125,4.0],"tintindex":0,"rotation":0,"texture":"#0"},"down":{"uv":[4.09375,5.53125,4.0,5.59375],"tintindex":0,"rotation":0,"texture":"#0"}},"rotation":{"origin":[4.8021874,11.930519,1.2271032],"angle":-22.5,"axis":"z"}},{"from":[1.5621877,11.645519,2.4421034],"to":[6.8271875,17.600521,9.327103],"faces":{"east":{"uv":[7.3125,3.75,6.875,4.125],"tintindex":0,"rotation":0,"texture":"#0"},"south":{"uv":[1.6875,7.25,2.03125,7.625],"tintindex":0,"rotation":0,"texture":"#0"},"north":{"uv":[7.125,0.0,7.46875,0.375],"tintindex":0,"rotation":0,"texture":"#0"},"west":{"uv":[7.125,0.0,6.6875,0.375],"tintindex":0,"rotation":0,"texture":"#0"},"up":{"uv":[2.125,7.3125,2.46875,6.875],"tintindex":0,"rotation":0,"texture":"#0"},"down":{"uv":[5.71875,6.9375,5.375,7.375],"tintindex":0,"rotation":0,"texture":"#0"}},"rotation":{"origin":[4.8021874,15.37302,5.8846035],"angle":-22.5,"axis":"x"}},{"from":[10.862187,15.813572,2.4517202],"to":[14.162188,17.213573,3.8517208],"faces":{"east":{"uv":[7.3125,4.34375,7.40625,4.4375],"tintindex":0,"rotation":0,"texture":"#0"},"south":{"uv":[6.6875,0.375,6.90625,0.46875],"tintindex":0,"rotation":0,"texture":"#0"},"north":{"uv":[6.3125,5.75,6.53125,5.84375],"tintindex":0,"rotation":0,"texture":"#0"},"west":{"uv":[3.125,7.34375,3.21875,7.4375],"tintindex":0,"rotation":0,"texture":"#0"},"up":{"uv":[7.25,3.75,7.03125,3.65625],"tintindex":0,"rotation":0,"texture":"#0"},"down":{"uv":[7.59375,3.5625,7.375,3.65625],"tintindex":0,"rotation":0,"texture":"#0"}},"rotation":{"origin":[2.4621878,-14.586426,-0.84827995],"angle":0.0,"axis":"z"}}],"display":{"gui":{"rotation":[30,225,0]}}}