{"textures":{"0":"modelengine:entity/yagorath_boss_gm_retexturedforsmooth"},"elements":[{"from":[2.0124998,8.0,4.0],"to":[14.0125,15.0,12.0],"faces":{"east":{"uv":[6.3125,3.3125,5.8125,3.75],"tintindex":0,"rotation":0,"texture":"#0"},"south":{"uv":[3.40625,1.3125,4.15625,1.75],"tintindex":0,"rotation":0,"texture":"#0"},"north":{"uv":[3.40625,0.875,4.15625,1.3125],"tintindex":0,"rotation":0,"texture":"#0"},"west":{"uv":[5.8125,3.3125,6.3125,3.75],"tintindex":0,"rotation":0,"texture":"#0"},"up":{"uv":[2.25,2.0,1.5,1.5],"tintindex":0,"rotation":0,"texture":"#0"},"down":{"uv":[0.75,1.875,0.0,2.375],"tintindex":0,"rotation":0,"texture":"#0"}}},{"from":[6.75,19.0,13.0],"to":[9.75,25.5,17.5],"faces":{"east":{"uv":[7.40625,4.34375,7.6875,4.75],"tintindex":0,"rotation":0,"texture":"#0"},"south":{"uv":[1.1875,7.71875,1.375,8.125],"tintindex":0,"rotation":0,"texture":"#0"},"north":{"uv":[1.375,7.71875,1.1875,8.125],"tintindex":0,"rotation":0,"texture":"#0"},"west":{"uv":[7.6875,4.34375,7.40625,4.75],"tintindex":0,"rotation":0,"texture":"#0"},"up":{"uv":[7.71875,8.1875,7.53125,7.90625],"tintindex":0,"rotation":0,"texture":"#0"},"down":{"uv":[7.53125,8.1875,7.71875,7.90625],"tintindex":0,"rotation":0,"texture":"#0"}},"rotation":{"origin":[8.25,19.5,14.0],"angle":22.5,"axis":"x"}},{"from":[5.0,15.0,9.0],"to":[11.5,24.0,16.0],"faces":{"east":{"uv":[2.5625,5.0,3.0,5.5625],"tintindex":0,"rotation":0,"texture":"#0"},"south":{"uv":[5.46875,0.0,5.875,0.5625],"tintindex":0,"rotation":0,"texture":"#0"},"north":{"uv":[5.875,0.0,5.46875,0.5625],"tintindex":0,"rotation":0,"texture":"#0"},"west":{"uv":[3.0,5.0,2.5625,5.5625],"tintindex":0,"rotation":0,"texture":"#0"},"up":{"uv":[4.28125,7.0625,3.875,6.625],"tintindex":0,"rotation":0,"texture":"#0"},"down":{"uv":[7.03125,2.4375,6.625,2.875],"tintindex":0,"rotation":0,"texture":"#0"}},"rotation":{"origin":[8.25,19.5,14.0],"angle":22.5,"axis":"x"}},{"from":[2.0,15.0,4.0],"to":[14.0,26.0,12.0],"faces":{"east":{"uv":[1.5625,2.5,1.0625,3.1875],"tintindex":0,"rotation":0,"texture":"#0"},"south":{"uv":[0.0,0.6875,0.75,1.375],"tintindex":0,"rotation":0,"texture":"#0"},"north":{"uv":[0.0,0.0,0.75,0.6875],"tintindex":0,"rotation":0,"texture":"#0"},"west":{"uv":[1.0625,2.5,1.5625,3.1875],"tintindex":0,"rotation":0,"texture":"#0"},"up":{"uv":[1.5,2.5,0.75,2.0],"tintindex":0,"rotation":0,"texture":"#0"},"down":{"uv":[2.25,2.0,1.5,2.5],"tintindex":0,"rotation":0,"texture":"#0"}}},{"from":[5.05,4.1522408,8.2346325],"to":[11.549999,12.152241,15.2346325],"faces":{"east":{"uv":[2.5625,5.0,3.0,5.5625],"tintindex":0,"rotation":0,"texture":"#0"},"south":{"uv":[5.46875,0.0,5.875,0.5625],"tintindex":0,"rotation":0,"texture":"#0"},"north":{"uv":[5.875,0.0,5.46875,0.5625],"tintindex":0,"rotation":0,"texture":"#0"},"west":{"uv":[3.0,5.0,2.5625,5.5625],"tintindex":0,"rotation":0,"texture":"#0"},"up":{"uv":[4.28125,7.0625,3.875,6.625],"tintindex":0,"rotation":0,"texture":"#0"},"down":{"uv":[7.03125,2.4375,6.625,2.875],"tintindex":0,"rotation":0,"texture":"#0"}},"rotation":{"origin":[8.8,8.652241,13.2346325],"angle":22.5,"axis":"x"}},{"from":[6.8,8.152241,12.2346325],"to":[9.8,13.652241,16.234634],"faces":{"east":{"uv":[7.40625,4.34375,7.6875,4.75],"tintindex":0,"rotation":0,"texture":"#0"},"south":{"uv":[1.1875,7.71875,1.375,8.125],"tintindex":0,"rotation":0,"texture":"#0"},"north":{"uv":[1.375,7.71875,1.1875,8.125],"tintindex":0,"rotation":0,"texture":"#0"},"west":{"uv":[7.6875,4.34375,7.40625,4.75],"tintindex":0,"rotation":0,"texture":"#0"},"up":{"uv":[7.71875,8.1875,7.53125,7.90625],"tintindex":0,"rotation":0,"texture":"#0"},"down":{"uv":[7.53125,8.1875,7.71875,7.90625],"tintindex":0,"rotation":0,"texture":"#0"}},"rotation":{"origin":[8.8,8.652241,13.2346325],"angle":22.5,"axis":"x"}}],"display":{"gui":{"rotation":[30,225,0]}}}