{"textures":{"0":"modelengine:entity/yagorath_boss_gm_retexturedforsmooth"},"elements":[{"from":[3.5,-6.0,4.0],"to":[13.5,1.0,12.0],"faces":{"east":{"uv":[5.84375,2.40625,6.34375,2.84375],"tintindex":0,"rotation":0,"texture":"#0"},"south":{"uv":[4.8125,0.46875,5.4375,0.90625],"tintindex":0,"rotation":0,"texture":"#0"},"north":{"uv":[4.75,3.1875,5.375,3.625],"tintindex":0,"rotation":0,"texture":"#0"},"west":{"uv":[6.34375,2.40625,5.84375,2.84375],"tintindex":0,"rotation":0,"texture":"#0"},"up":{"uv":[4.6875,2.25,4.0625,1.75],"tintindex":0,"rotation":0,"texture":"#0"},"down":{"uv":[3.125,4.0625,2.5,4.5625],"tintindex":0,"rotation":0,"texture":"#0"}}},{"from":[2.5,1.0,4.0],"to":[14.5,8.0,12.0],"faces":{"east":{"uv":[0.4375,5.9375,0.9375,6.375],"tintindex":0,"rotation":0,"texture":"#0"},"south":{"uv":[4.15625,1.3125,3.40625,1.75],"tintindex":0,"rotation":0,"texture":"#0"},"north":{"uv":[3.40625,2.25,4.15625,2.6875],"tintindex":0,"rotation":0,"texture":"#0"},"west":{"uv":[0.9375,5.9375,0.4375,6.375],"tintindex":0,"rotation":0,"texture":"#0"},"up":{"uv":[3.0,0.5,2.25,0.0],"tintindex":0,"rotation":0,"texture":"#0"},"down":{"uv":[3.0,0.5,2.25,1.0],"tintindex":0,"rotation":0,"texture":"#0"}}}],"display":{"gui":{"rotation":[30,225,0]}}}