{"textures":{"0":"modelengine:entity/goremane_virusg_gm"},"elements":[{"from":[0.34749603,7.089218,12.679304],"to":[16.447496,16.749218,12.679304],"faces":{"south":{"uv":[3.75,2.5,4.75,3.125],"tintindex":0,"rotation":0,"texture":"#0"},"north":{"uv":[3.6875,1.875,4.6875,2.5],"tintindex":0,"rotation":0,"texture":"#0"}},"rotation":{"origin":[3.3858728,12.731144,6.239304],"angle":45.0,"axis":"z"}},{"from":[-9.383598,7.015148,-0.20069599],"to":[6.273652,16.111649,13.323304],"faces":{"east":{"uv":[2.75,0.625,3.625,1.1875],"tintindex":0,"rotation":0,"texture":"#0"},"south":{"uv":[4.6875,0.625,5.6875,1.1875],"tintindex":0,"rotation":0,"texture":"#0"},"north":{"uv":[0.5625,4.5,1.5625,5.0625],"tintindex":0,"rotation":0,"texture":"#0"},"west":{"uv":[4.75,2.3125,5.625,2.875],"tintindex":0,"rotation":0,"texture":"#0"},"up":{"uv":[2.0625,0.875,1.0625,0.0],"tintindex":0,"rotation":0,"texture":"#0"},"down":{"uv":[2.0625,0.875,1.0625,1.75],"tintindex":0,"rotation":0,"texture":"#0"}},"rotation":{"origin":[3.3858728,12.731144,6.239304],"angle":45.0,"axis":"z"}},{"from":[2.265398,-2.5369606,2.5336657],"to":[8.205399,11.30304,8.473665],"faces":{"east":{"uv":[1.8125,6.375,2.1875,7.25],"tintindex":0,"rotation":0,"texture":"#0"},"south":{"uv":[6.4375,3.9375,6.8125,4.8125],"tintindex":0,"rotation":0,"texture":"#0"},"north":{"uv":[1.4375,6.375,1.8125,7.25],"tintindex":0,"rotation":0,"texture":"#0"},"west":{"uv":[6.5,6.0,6.875,6.875],"tintindex":0,"rotation":0,"texture":"#0"},"up":{"uv":[7.6875,2.125,7.3125,1.75],"tintindex":0,"rotation":0,"texture":"#0"},"down":{"uv":[7.6875,2.125,7.3125,2.5],"tintindex":0,"rotation":0,"texture":"#0"}}},{"from":[0.8296089,4.2223206,-2.844468],"to":[4.591609,6.796322,-2.844468],"faces":{"south":{"uv":[7.9375,2.9375,8.1875,3.125],"tintindex":0,"rotation":0,"texture":"#0"},"north":{"uv":[7.9375,2.75,8.1875,2.9375],"tintindex":0,"rotation":0,"texture":"#0"}},"rotation":{"origin":[22.425554,10.067509,5.7117743],"angle":22.5,"axis":"y"}},{"from":[5.036948,24.8779,3.7559524],"to":[7.0169487,30.421898,3.7559524],"faces":{"south":{"uv":[1.4375,5.0625,1.5625,5.4375],"tintindex":0,"rotation":0,"texture":"#0"},"north":{"uv":[2.875,4.75,3.0,5.125],"tintindex":0,"rotation":0,"texture":"#0"}},"rotation":{"origin":[25.395554,13.03751,-8.148226],"angle":45.0,"axis":"z"}},{"from":[0.34749603,7.089218,-0.20069599],"to":[16.447496,16.749218,-0.20069599],"faces":{"south":{"uv":[3.6875,1.25,4.6875,1.875],"tintindex":0,"rotation":0,"texture":"#0"},"north":{"uv":[3.6875,0.625,4.6875,1.25],"tintindex":0,"rotation":0,"texture":"#0"}},"rotation":{"origin":[3.3858728,12.731144,6.239304],"angle":45.0,"axis":"z"}}],"display":{"gui":{"rotation":[30,225,0]}}}