{"textures":{"0":"modelengine:entity/goremane_virusg_gm"},"elements":[{"from":[2.4710312,8.160072,3.5113797],"to":[13.431031,16.380074,13.64938],"faces":{"east":{"uv":[2.0625,1.1875,2.6875,1.6875],"tintindex":0,"rotation":0,"texture":"#0"},"south":{"uv":[6.125,5.5,6.8125,6.0],"tintindex":0,"rotation":0,"texture":"#0"},"north":{"uv":[6.125,3.4375,6.8125,3.9375],"tintindex":0,"rotation":0,"texture":"#0"},"west":{"uv":[6.4375,4.8125,7.0625,5.3125],"tintindex":0,"rotation":0,"texture":"#0"},"up":{"uv":[2.875,5.375,2.1875,4.75],"tintindex":0,"rotation":0,"texture":"#0"},"down":{"uv":[5.5,0.0,4.8125,0.625],"tintindex":0,"rotation":0,"texture":"#0"}}},{"from":[3.0539703,14.934452,10.2765665],"to":[5.033971,18.234451,10.2765665],"faces":{"south":{"uv":[7.9375,8.125,8.0625,8.3125],"tintindex":0,"rotation":0,"texture":"#0"},"north":{"uv":[1.0,8.125,1.125,8.3125],"tintindex":0,"rotation":0,"texture":"#0"}},"rotation":{"origin":[4.002721,17.79055,10.434423],"angle":-45.0,"axis":"x"}},{"from":[7.3839703,18.140251,5.1187096],"to":[8.538971,19.790253,5.1187096],"faces":{"south":{"uv":[6.375,4.0625,6.4375,4.1875],"tintindex":0,"rotation":0,"texture":"#0"},"north":{"uv":[6.375,3.9375,6.4375,4.0625],"tintindex":0,"rotation":0,"texture":"#0"}},"rotation":{"origin":[8.002721,17.79055,5.4344234],"angle":-22.5,"axis":"x"}},{"from":[7.3839703,18.140251,10.11871],"to":[8.538971,19.790253,10.11871],"faces":{"south":{"uv":[3.625,1.0,3.6875,1.125],"tintindex":0,"rotation":0,"texture":"#0"},"north":{"uv":[3.625,0.875,3.6875,1.0],"tintindex":0,"rotation":0,"texture":"#0"}},"rotation":{"origin":[8.002721,17.79055,10.434423],"angle":-22.5,"axis":"x"}},{"from":[11.38397,18.140251,10.11871],"to":[12.538971,19.790253,10.11871],"faces":{"south":{"uv":[1.9375,4.625,2.0,4.75],"tintindex":0,"rotation":0,"texture":"#0"},"north":{"uv":[1.9375,4.5,2.0,4.625],"tintindex":0,"rotation":0,"texture":"#0"}},"rotation":{"origin":[12.00272,17.79055,10.434423],"angle":-22.5,"axis":"x"}},{"from":[3.0539703,14.934452,5.2765665],"to":[5.033971,18.234451,5.2765665],"faces":{"south":{"uv":[0.875,8.25,1.0,8.4375],"tintindex":0,"rotation":0,"texture":"#0"},"north":{"uv":[0.75,8.25,0.875,8.4375],"tintindex":0,"rotation":0,"texture":"#0"}},"rotation":{"origin":[4.002721,17.79055,5.4344234],"angle":-45.0,"axis":"x"}},{"from":[11.05397,14.934452,10.2765665],"to":[13.03397,18.234451,10.2765665],"faces":{"south":{"uv":[7.5,8.1875,7.625,8.375],"tintindex":0,"rotation":0,"texture":"#0"},"north":{"uv":[7.375,8.1875,7.5,8.375],"tintindex":0,"rotation":0,"texture":"#0"}},"rotation":{"origin":[12.00272,17.79055,10.434423],"angle":-45.0,"axis":"x"}},{"from":[3.3839703,18.140251,5.1187096],"to":[4.5389705,19.790253,5.1187096],"faces":{"south":{"uv":[6.0625,6.3125,6.125,6.4375],"tintindex":0,"rotation":0,"texture":"#0"},"north":{"uv":[2.8125,6.3125,2.875,6.4375],"tintindex":0,"rotation":0,"texture":"#0"}},"rotation":{"origin":[4.002721,17.79055,5.4344234],"angle":-22.5,"axis":"x"}},{"from":[11.05397,14.934452,5.2765665],"to":[13.03397,18.234451,5.2765665],"faces":{"south":{"uv":[2.8125,8.25,2.9375,8.4375],"tintindex":0,"rotation":0,"texture":"#0"},"north":{"uv":[2.6875,8.25,2.8125,8.4375],"tintindex":0,"rotation":0,"texture":"#0"}},"rotation":{"origin":[12.00272,17.79055,5.4344234],"angle":-45.0,"axis":"x"}},{"from":[3.3839703,18.140251,10.11871],"to":[4.5389705,19.790253,10.11871],"faces":{"south":{"uv":[3.625,0.75,3.6875,0.875],"tintindex":0,"rotation":0,"texture":"#0"},"north":{"uv":[3.625,0.625,3.6875,0.75],"tintindex":0,"rotation":0,"texture":"#0"}},"rotation":{"origin":[4.002721,17.79055,10.434423],"angle":-22.5,"axis":"x"}},{"from":[7.3839703,18.140251,7.7187095],"to":[8.538971,19.790253,7.7187095],"faces":{"south":{"uv":[0.5,5.5625,0.5625,5.6875],"tintindex":0,"rotation":0,"texture":"#0"},"north":{"uv":[0.5,5.4375,0.5625,5.5625],"tintindex":0,"rotation":0,"texture":"#0"}},"rotation":{"origin":[8.002721,17.79055,8.034423],"angle":-22.5,"axis":"x"}},{"from":[3.3839703,18.140251,7.7187095],"to":[4.5389705,19.790253,7.7187095],"faces":{"south":{"uv":[3.5,5.1875,3.5625,5.3125],"tintindex":0,"rotation":0,"texture":"#0"},"north":{"uv":[4.6875,2.3125,4.75,2.4375],"tintindex":0,"rotation":0,"texture":"#0"}},"rotation":{"origin":[4.002721,17.79055,8.034423],"angle":-22.5,"axis":"x"}},{"from":[7.0539703,14.934452,10.2765665],"to":[9.03397,18.234451,10.2765665],"faces":{"south":{"uv":[7.25,8.1875,7.375,8.375],"tintindex":0,"rotation":0,"texture":"#0"},"north":{"uv":[3.3125,8.1875,3.4375,8.375],"tintindex":0,"rotation":0,"texture":"#0"}},"rotation":{"origin":[8.002721,17.79055,10.434423],"angle":-45.0,"axis":"x"}},{"from":[3.0539703,14.934452,7.8765664],"to":[5.033971,18.234451,7.8765664],"faces":{"south":{"uv":[8.0625,8.1875,8.1875,8.375],"tintindex":0,"rotation":0,"texture":"#0"},"north":{"uv":[7.625,8.1875,7.75,8.375],"tintindex":0,"rotation":0,"texture":"#0"}},"rotation":{"origin":[4.002721,17.79055,8.034423],"angle":-45.0,"axis":"x"}},{"from":[7.0539703,14.934452,5.2765665],"to":[9.03397,18.234451,5.2765665],"faces":{"south":{"uv":[1.75,8.25,1.875,8.4375],"tintindex":0,"rotation":0,"texture":"#0"},"north":{"uv":[8.25,1.375,8.375,1.5625],"tintindex":0,"rotation":0,"texture":"#0"}},"rotation":{"origin":[8.002721,17.79055,5.4344234],"angle":-45.0,"axis":"x"}},{"from":[11.38397,18.140251,7.7187095],"to":[12.538971,19.790253,7.7187095],"faces":{"south":{"uv":[2.8125,6.1875,2.875,6.3125],"tintindex":0,"rotation":0,"texture":"#0"},"north":{"uv":[6.0625,2.1875,6.125,2.3125],"tintindex":0,"rotation":0,"texture":"#0"}},"rotation":{"origin":[12.00272,17.79055,8.034423],"angle":-22.5,"axis":"x"}},{"from":[7.0539703,14.934452,7.8765664],"to":[9.03397,18.234451,7.8765664],"faces":{"south":{"uv":[0.1875,8.25,0.3125,8.4375],"tintindex":0,"rotation":0,"texture":"#0"},"north":{"uv":[8.1875,8.1875,8.3125,8.375],"tintindex":0,"rotation":0,"texture":"#0"}},"rotation":{"origin":[8.002721,17.79055,8.034423],"angle":-45.0,"axis":"x"}},{"from":[11.38397,18.140251,5.1187096],"to":[12.538971,19.790253,5.1187096],"faces":{"south":{"uv":[2.8125,6.4375,2.875,6.5625],"tintindex":0,"rotation":0,"texture":"#0"},"north":{"uv":[6.375,5.0625,6.4375,5.1875],"tintindex":0,"rotation":0,"texture":"#0"}},"rotation":{"origin":[12.00272,17.79055,5.4344234],"angle":-22.5,"axis":"x"}},{"from":[11.05397,14.934452,7.8765664],"to":[13.03397,18.234451,7.8765664],"faces":{"south":{"uv":[0.4375,8.25,0.5625,8.4375],"tintindex":0,"rotation":0,"texture":"#0"},"north":{"uv":[0.3125,8.25,0.4375,8.4375],"tintindex":0,"rotation":0,"texture":"#0"}},"rotation":{"origin":[12.00272,17.79055,8.034423],"angle":-45.0,"axis":"x"}}],"display":{"gui":{"rotation":[30,225,0]}}}