{"textures":{"0":"modelengine:entity/goremane_virusg_gm"},"elements":[{"from":[6.2799997,3.8852272,9.744372],"to":[9.72,5.6052265,13.700373],"faces":{"east":{"uv":[1.0,3.8125,1.25,3.9375],"tintindex":0,"rotation":0,"texture":"#0"},"south":{"uv":[8.0625,8.0625,8.25,8.1875],"tintindex":0,"rotation":0,"texture":"#0"},"north":{"uv":[8.0625,7.9375,8.25,8.0625],"tintindex":0,"rotation":0,"texture":"#0"},"west":{"uv":[8.0,2.625,8.25,2.75],"tintindex":0,"rotation":0,"texture":"#0"},"up":{"uv":[2.6875,3.1875,2.5,2.9375],"tintindex":0,"rotation":0,"texture":"#0"},"down":{"uv":[8.0625,7.875,7.875,8.125],"tintindex":0,"rotation":0,"texture":"#0"}},"rotation":{"origin":[8.0,3.7132263,12.840372],"angle":-22.5,"axis":"x"}},{"from":[6.2799997,0.44522667,8.024372],"to":[9.72,2.165226,13.700373],"faces":{"east":{"uv":[7.9375,0.125,8.3125,0.25],"tintindex":0,"rotation":0,"texture":"#0"},"south":{"uv":[3.4375,8.125,3.625,8.25],"tintindex":0,"rotation":0,"texture":"#0"},"north":{"uv":[2.75,8.125,2.9375,8.25],"tintindex":0,"rotation":0,"texture":"#0"},"west":{"uv":[7.9375,1.125,8.3125,1.25],"tintindex":0,"rotation":0,"texture":"#0"},"up":{"uv":[5.9375,8.125,5.75,7.75],"tintindex":0,"rotation":0,"texture":"#0"},"down":{"uv":[7.9375,6.625,7.75,7.0],"tintindex":0,"rotation":0,"texture":"#0"}},"rotation":{"origin":[8.0,0.2732277,11.120373],"angle":-22.5,"axis":"x"}},{"from":[-0.15999985,-0.74677277,-1.0596275],"to":[16.16,8.013226,10.260372],"faces":{"east":{"uv":[5.3125,4.25,6.0,4.8125],"tintindex":0,"rotation":0,"texture":"#0"},"south":{"uv":[2.0,4.1875,3.0,4.75],"tintindex":0,"rotation":0,"texture":"#0"},"north":{"uv":[1.0,3.9375,2.0,4.5],"tintindex":0,"rotation":0,"texture":"#0"},"west":{"uv":[3.5,5.375,4.1875,5.9375],"tintindex":0,"rotation":0,"texture":"#0"},"up":{"uv":[3.6875,1.875,2.6875,1.1875],"tintindex":0,"rotation":0,"texture":"#0"},"down":{"uv":[3.6875,1.875,2.6875,2.5625],"tintindex":0,"rotation":0,"texture":"#0"}}}],"display":{"gui":{"rotation":[30,225,0]}}}