{"textures":{"0":"modelengine:entity/goremane_virusg_gm"},"elements":[{"from":[7.334326,8.157008,-7.6955175],"to":[8.852926,11.065688,-4.1955175],"faces":{"east":{"uv":[1.75,7.25,2.1875,7.625],"tintindex":0,"rotation":0,"texture":"#0"},"south":{"uv":[1.5625,7.8125,1.75,8.1875],"tintindex":0,"rotation":0,"texture":"#0"},"north":{"uv":[1.375,7.8125,1.5625,8.1875],"tintindex":0,"rotation":0,"texture":"#0"},"west":{"uv":[2.8125,7.25,3.25,7.625],"tintindex":0,"rotation":0,"texture":"#0"},"up":{"uv":[5.6875,0.4375,5.5,0.0],"tintindex":0,"rotation":0,"texture":"#0"},"down":{"uv":[6.0,4.8125,5.8125,5.25],"tintindex":0,"rotation":0,"texture":"#0"}},"rotation":{"origin":[8.093626,8.861348,-6.4455175],"angle":45.0,"axis":"x"}},{"from":[7.084326,14.737312,-1.3287287],"to":[9.102926,16.645992,0.17127132],"faces":{"east":{"uv":[0.1875,8.0,0.375,8.25],"tintindex":0,"rotation":0,"texture":"#0"},"south":{"uv":[5.125,7.8125,5.375,8.0625],"tintindex":0,"rotation":0,"texture":"#0"},"north":{"uv":[4.0625,7.8125,4.3125,8.0625],"tintindex":0,"rotation":0,"texture":"#0"},"west":{"uv":[0.375,8.0,0.5625,8.25],"tintindex":0,"rotation":0,"texture":"#0"},"up":{"uv":[0.8125,8.1875,0.5625,8.0],"tintindex":0,"rotation":0,"texture":"#0"},"down":{"uv":[8.25,1.4375,8.0,1.625],"tintindex":0,"rotation":0,"texture":"#0"}}},{"from":[6.584326,12.987312,-1.8287287],"to":[9.602926,14.895992,0.6712713],"faces":{"east":{"uv":[0.3125,7.75,0.625,8.0],"tintindex":0,"rotation":0,"texture":"#0"},"south":{"uv":[1.5625,4.5,1.9375,4.75],"tintindex":0,"rotation":0,"texture":"#0"},"north":{"uv":[2.0,3.9375,2.375,4.1875],"tintindex":0,"rotation":0,"texture":"#0"},"west":{"uv":[0.625,7.75,0.9375,8.0],"tintindex":0,"rotation":0,"texture":"#0"},"up":{"uv":[8.0,6.0,7.625,5.6875],"tintindex":0,"rotation":0,"texture":"#0"},"down":{"uv":[6.3125,7.625,5.9375,7.9375],"tintindex":0,"rotation":0,"texture":"#0"}}},{"from":[5.5843253,3.4873123,-3.3287287],"to":[10.602926,12.895992,2.1712713],"faces":{"east":{"uv":[2.0,1.75,2.6875,2.9375],"tintindex":0,"rotation":0,"texture":"#0"},"south":{"uv":[0.625,2.625,1.25,3.8125],"tintindex":0,"rotation":0,"texture":"#0"},"north":{"uv":[0.0,2.625,0.625,3.8125],"tintindex":0,"rotation":0,"texture":"#0"},"west":{"uv":[2.0625,0.0,2.75,1.1875],"tintindex":0,"rotation":0,"texture":"#0"},"up":{"uv":[1.1875,5.75,0.5625,5.0625],"tintindex":0,"rotation":0,"texture":"#0"},"down":{"uv":[3.5,5.1875,2.875,5.875],"tintindex":0,"rotation":0,"texture":"#0"}}},{"from":[7.084326,5.9873123,-5.3287287],"to":[9.102926,10.395992,-2.8287287],"faces":{"east":{"uv":[5.625,7.1875,5.9375,7.75],"tintindex":0,"rotation":0,"texture":"#0"},"south":{"uv":[0.9375,5.75,1.1875,6.3125],"tintindex":0,"rotation":0,"texture":"#0"},"north":{"uv":[1.9375,5.625,2.1875,6.1875],"tintindex":0,"rotation":0,"texture":"#0"},"west":{"uv":[1.4375,7.25,1.75,7.8125],"tintindex":0,"rotation":0,"texture":"#0"},"up":{"uv":[5.75,8.0625,5.5,7.75],"tintindex":0,"rotation":0,"texture":"#0"},"down":{"uv":[6.875,7.75,6.625,8.0625],"tintindex":0,"rotation":0,"texture":"#0"}},"rotation":{"origin":[8.093626,8.191652,-4.8287287],"angle":22.5,"axis":"x"}},{"from":[6.584326,4.9873123,-4.3287287],"to":[9.602926,11.395992,-3.3287287],"faces":{"east":{"uv":[1.125,7.5,1.25,8.3125],"tintindex":0,"rotation":0,"texture":"#0"},"south":{"uv":[3.4375,6.75,3.8125,7.5625],"tintindex":0,"rotation":0,"texture":"#0"},"north":{"uv":[6.25,1.375,6.625,2.1875],"tintindex":0,"rotation":0,"texture":"#0"},"west":{"uv":[1.25,7.5,1.375,8.3125],"tintindex":0,"rotation":0,"texture":"#0"},"up":{"uv":[8.375,1.75,8.0,1.625],"tintindex":0,"rotation":0,"texture":"#0"},"down":{"uv":[8.375,1.75,8.0,1.875],"tintindex":0,"rotation":0,"texture":"#0"}}},{"from":[7.084326,6.9873123,1.6712713],"to":[9.102926,8.895992,14.671271],"faces":{"east":{"uv":[4.75,4.0,6.375,4.25],"tintindex":0,"rotation":0,"texture":"#0"},"south":{"uv":[3.8125,7.8125,4.0625,8.0625],"tintindex":0,"rotation":0,"texture":"#0"},"north":{"uv":[0.9375,6.3125,1.1875,6.5625],"tintindex":0,"rotation":0,"texture":"#0"},"west":{"uv":[4.6875,5.25,6.3125,5.5],"tintindex":0,"rotation":0,"texture":"#0"},"up":{"uv":[1.4375,6.6875,1.1875,5.0625],"tintindex":0,"rotation":0,"texture":"#0"},"down":{"uv":[2.4375,5.375,2.1875,7.0],"tintindex":0,"rotation":0,"texture":"#0"}}}],"display":{"gui":{"rotation":[30,225,0]}}}