{"textures":{"0":"modelengine:entity/goremane_virusg_gm"},"elements":[{"from":[7.1799994,7.385,3.3249998],"to":[8.82,8.615,5.375],"faces":{"east":{"uv":[8.0625,0.25,8.1875,0.3125],"tintindex":0,"rotation":0,"texture":"#0"},"south":{"uv":[7.75,8.0625,7.875,8.125],"tintindex":0,"rotation":0,"texture":"#0"},"north":{"uv":[5.375,8.0,5.5,8.0625],"tintindex":0,"rotation":0,"texture":"#0"},"west":{"uv":[3.625,8.125,3.75,8.1875],"tintindex":0,"rotation":0,"texture":"#0"},"up":{"uv":[8.375,5.875,8.25,5.75],"tintindex":0,"rotation":0,"texture":"#0"},"down":{"uv":[8.375,5.875,8.25,6.0],"tintindex":0,"rotation":0,"texture":"#0"}}},{"from":[6.7699995,6.9750004,5.375],"to":[9.23,9.025,7.425],"faces":{"east":{"uv":[0.375,6.4375,0.5,6.5625],"tintindex":0,"rotation":0,"texture":"#0"},"south":{"uv":[0.1875,7.875,0.3125,8.0],"tintindex":0,"rotation":0,"texture":"#0"},"north":{"uv":[4.5625,6.125,4.6875,6.25],"tintindex":0,"rotation":0,"texture":"#0"},"west":{"uv":[2.0,7.9375,2.125,8.0625],"tintindex":0,"rotation":0,"texture":"#0"},"up":{"uv":[6.625,8.0625,6.5,7.9375],"tintindex":0,"rotation":0,"texture":"#0"},"down":{"uv":[0.9375,8.0,0.8125,8.125],"tintindex":0,"rotation":0,"texture":"#0"}}},{"from":[7.1799994,7.385,-0.7749996],"to":[8.82,8.615,1.2750001],"faces":{"east":{"uv":[8.25,1.5625,8.375,1.625],"tintindex":0,"rotation":0,"texture":"#0"},"south":{"uv":[4.4375,8.5625,4.5625,8.625],"tintindex":0,"rotation":0,"texture":"#0"},"north":{"uv":[8.125,7.75,8.25,7.8125],"tintindex":0,"rotation":0,"texture":"#0"},"west":{"uv":[4.5625,8.5625,4.6875,8.625],"tintindex":0,"rotation":0,"texture":"#0"},"up":{"uv":[6.8125,8.375,6.6875,8.25],"tintindex":0,"rotation":0,"texture":"#0"},"down":{"uv":[7.875,8.25,7.75,8.375],"tintindex":0,"rotation":0,"texture":"#0"}}},{"from":[7.1799994,7.385,-4.875],"to":[8.82,8.615,-2.8249998],"faces":{"east":{"uv":[4.6875,8.5625,4.8125,8.625],"tintindex":0,"rotation":0,"texture":"#0"},"south":{"uv":[8.5625,4.6875,8.6875,4.75],"tintindex":0,"rotation":0,"texture":"#0"},"north":{"uv":[8.5625,4.625,8.6875,4.6875],"tintindex":0,"rotation":0,"texture":"#0"},"west":{"uv":[8.5625,4.75,8.6875,4.8125],"tintindex":0,"rotation":0,"texture":"#0"},"up":{"uv":[1.5,8.4375,1.375,8.3125],"tintindex":0,"rotation":0,"texture":"#0"},"down":{"uv":[1.625,8.3125,1.5,8.4375],"tintindex":0,"rotation":0,"texture":"#0"}}},{"from":[6.7699995,6.9750004,1.2750001],"to":[9.23,9.025,3.3249998],"faces":{"east":{"uv":[8.25,8.0625,8.375,8.1875],"tintindex":0,"rotation":0,"texture":"#0"},"south":{"uv":[0.0,8.3125,0.125,8.4375],"tintindex":0,"rotation":0,"texture":"#0"},"north":{"uv":[8.25,7.9375,8.375,8.0625],"tintindex":0,"rotation":0,"texture":"#0"},"west":{"uv":[8.3125,0.0,8.4375,0.125],"tintindex":0,"rotation":0,"texture":"#0"},"up":{"uv":[8.4375,0.25,8.3125,0.125],"tintindex":0,"rotation":0,"texture":"#0"},"down":{"uv":[0.6875,8.3125,0.5625,8.4375],"tintindex":0,"rotation":0,"texture":"#0"}}},{"from":[6.7699995,6.9750004,-2.8249998],"to":[9.23,9.025,-0.7749996],"faces":{"east":{"uv":[1.0,8.3125,1.125,8.4375],"tintindex":0,"rotation":0,"texture":"#0"},"south":{"uv":[8.3125,1.0,8.4375,1.125],"tintindex":0,"rotation":0,"texture":"#0"},"north":{"uv":[8.3125,0.875,8.4375,1.0],"tintindex":0,"rotation":0,"texture":"#0"},"west":{"uv":[1.125,8.3125,1.25,8.4375],"tintindex":0,"rotation":0,"texture":"#0"},"up":{"uv":[8.4375,1.25,8.3125,1.125],"tintindex":0,"rotation":0,"texture":"#0"},"down":{"uv":[1.375,8.3125,1.25,8.4375],"tintindex":0,"rotation":0,"texture":"#0"}}}],"display":{"gui":{"rotation":[30,225,0]}}}