{"textures":{"0":"modelengine:entity/goremane_virusg_gm"},"elements":[{"from":[8.773831,14.942982,2.009952],"to":[12.073832,16.922985,2.009952],"faces":{"south":{"uv":[8.1875,3.375,8.375,3.5],"tintindex":0,"rotation":0,"texture":"#0"},"north":{"uv":[8.1875,3.25,8.375,3.375],"tintindex":0,"rotation":0,"texture":"#0"}},"rotation":{"origin":[8.780287,17.609135,1.315937],"angle":-45.0,"axis":"y"}},{"from":[5.97641,9.352688,3.0686164],"to":[7.34591,10.255238,3.0686164],"faces":{"south":{"uv":[6.625,2.125,6.6875,2.1875],"tintindex":0,"rotation":0,"texture":"#0"},"north":{"uv":[6.625,2.0625,6.6875,2.125],"tintindex":0,"rotation":0,"texture":"#0"}},"rotation":{"origin":[7.234931,14.14362,2.2424045],"angle":-22.5,"axis":"y"}},{"from":[7.474777,8.837986,1.4156961],"to":[9.124777,9.992985,1.4156961],"faces":{"south":{"uv":[7.5625,1.6875,7.6875,1.75],"tintindex":0,"rotation":0,"texture":"#0"},"north":{"uv":[7.125,6.8125,7.25,6.875],"tintindex":0,"rotation":0,"texture":"#0"}},"rotation":{"origin":[7.898547,11.710381,0.32744122],"angle":-22.5,"axis":"y"}},{"from":[7.804777,12.137985,1.4156961],"to":[9.454777,13.292988,1.4156961],"faces":{"south":{"uv":[7.0,6.8125,7.125,6.875],"tintindex":0,"rotation":0,"texture":"#0"},"north":{"uv":[2.3125,7.0,2.4375,7.0625],"tintindex":0,"rotation":0,"texture":"#0"}},"rotation":{"origin":[8.228547,15.01038,0.32744122],"angle":-22.5,"axis":"y"}},{"from":[4.986947,6.652172,4.171224],"to":[11.5869465,19.852169,9.121224],"faces":{"east":{"uv":[4.5,7.125,4.8125,7.9375],"tintindex":0,"rotation":0,"texture":"#0"},"south":{"uv":[6.0,4.25,6.4375,5.0625],"tintindex":0,"rotation":0,"texture":"#0"},"north":{"uv":[3.75,5.9375,4.1875,6.75],"tintindex":0,"rotation":0,"texture":"#0"},"west":{"uv":[4.8125,7.125,5.125,7.9375],"tintindex":0,"rotation":0,"texture":"#0"},"up":{"uv":[0.75,7.75,0.3125,7.4375],"tintindex":0,"rotation":0,"texture":"#0"},"down":{"uv":[7.25,7.4375,6.8125,7.75],"tintindex":0,"rotation":0,"texture":"#0"}}},{"from":[7.65364,11.680836,2.963255],"to":[10.392639,13.268139,2.963255],"faces":{"south":{"uv":[8.1875,4.375,8.375,4.5],"tintindex":0,"rotation":0,"texture":"#0"},"north":{"uv":[8.1875,4.25,8.375,4.375],"tintindex":0,"rotation":0,"texture":"#0"}},"rotation":{"origin":[7.234931,14.14362,2.2424045],"angle":-45.0,"axis":"y"}},{"from":[5.48141,14.830685,3.0686164],"to":[6.85091,15.733234,3.0686164],"faces":{"south":{"uv":[6.625,1.875,6.6875,1.9375],"tintindex":0,"rotation":0,"texture":"#0"},"north":{"uv":[6.625,1.8125,6.6875,1.875],"tintindex":0,"rotation":0,"texture":"#0"}},"rotation":{"origin":[6.739931,14.14362,2.2424045],"angle":-22.5,"axis":"y"}},{"from":[5.97641,12.091686,3.0686164],"to":[7.34591,12.994236,3.0686164],"faces":{"south":{"uv":[6.625,2.0,6.6875,2.0625],"tintindex":0,"rotation":0,"texture":"#0"},"north":{"uv":[6.625,1.9375,6.6875,2.0],"tintindex":0,"rotation":0,"texture":"#0"}},"rotation":{"origin":[7.234931,14.14362,2.2424045],"angle":-22.5,"axis":"y"}},{"from":[7.15864,14.419834,2.963255],"to":[9.89764,16.007137,2.963255],"faces":{"south":{"uv":[8.1875,4.5,8.375,4.625],"tintindex":0,"rotation":0,"texture":"#0"},"north":{"uv":[4.4375,8.1875,4.625,8.3125],"tintindex":0,"rotation":0,"texture":"#0"}},"rotation":{"origin":[6.739931,14.14362,2.2424045],"angle":-45.0,"axis":"y"}},{"from":[7.65364,8.941837,2.963255],"to":[10.392639,10.529137,2.963255],"faces":{"south":{"uv":[4.0,8.1875,4.1875,8.3125],"tintindex":0,"rotation":0,"texture":"#0"},"north":{"uv":[8.1875,3.875,8.375,4.0],"tintindex":0,"rotation":0,"texture":"#0"}},"rotation":{"origin":[7.234931,14.14362,2.2424045],"angle":-45.0,"axis":"y"}},{"from":[7.10491,18.256779,5.9265256],"to":[16.69491,26.202778,5.9265256],"faces":{"south":{"uv":[6.6875,2.25,7.3125,2.75],"tintindex":0,"rotation":0,"texture":"#0"},"north":{"uv":[6.6875,1.75,7.3125,2.25],"tintindex":0,"rotation":0,"texture":"#0"}},"rotation":{"origin":[11.89991,25.229778,5.9265256],"angle":45.0,"axis":"y"}},{"from":[6.6364098,17.635685,3.0686164],"to":[8.00591,18.538235,3.0686164],"faces":{"south":{"uv":[6.0625,6.625,6.125,6.6875],"tintindex":0,"rotation":0,"texture":"#0"},"north":{"uv":[2.8125,6.625,2.875,6.6875],"tintindex":0,"rotation":0,"texture":"#0"}},"rotation":{"origin":[7.8949313,16.94862,2.2424045],"angle":-22.5,"axis":"y"}},{"from":[9.433831,11.642986,2.009952],"to":[12.733831,13.622982,2.009952],"faces":{"south":{"uv":[8.1875,3.625,8.375,3.75],"tintindex":0,"rotation":0,"texture":"#0"},"north":{"uv":[3.625,8.1875,3.8125,8.3125],"tintindex":0,"rotation":0,"texture":"#0"}},"rotation":{"origin":[9.440287,14.309132,1.315937],"angle":-45.0,"axis":"y"}},{"from":[7.1447773,15.437984,1.4156961],"to":[8.794777,16.592983,1.4156961],"faces":{"south":{"uv":[2.1875,7.0,2.3125,7.0625],"tintindex":0,"rotation":0,"texture":"#0"},"north":{"uv":[6.9375,4.75,7.0625,4.8125],"tintindex":0,"rotation":0,"texture":"#0"}},"rotation":{"origin":[7.5685472,18.310383,0.32744122],"angle":-22.5,"axis":"y"}},{"from":[8.31364,17.224834,2.963255],"to":[11.05264,18.812138,2.963255],"faces":{"south":{"uv":[4.8125,8.1875,5.0,8.3125],"tintindex":0,"rotation":0,"texture":"#0"},"north":{"uv":[4.625,8.1875,4.8125,8.3125],"tintindex":0,"rotation":0,"texture":"#0"}},"rotation":{"origin":[7.8949313,16.94862,2.2424045],"angle":-45.0,"axis":"y"}},{"from":[9.103831,8.342983,2.009952],"to":[12.4038315,10.322987,2.009952],"faces":{"south":{"uv":[3.8125,8.1875,4.0,8.3125],"tintindex":0,"rotation":0,"texture":"#0"},"north":{"uv":[8.1875,3.75,8.375,3.875],"tintindex":0,"rotation":0,"texture":"#0"}},"rotation":{"origin":[9.110287,11.009132,1.315937],"angle":-45.0,"axis":"y"}}],"display":{"gui":{"rotation":[30,225,0]}}}