{"textures":{"0":"modelengine:entity/goremane_virusg_gm"},"elements":[{"from":[6.657119,18.94117,4.851317],"to":[9.396118,20.52847,4.851317],"faces":{"south":{"uv":[8.1875,3.125,8.375,3.25],"tintindex":0,"rotation":0,"texture":"#0"},"north":{"uv":[3.125,8.1875,3.3125,8.3125],"tintindex":0,"rotation":0,"texture":"#0"}},"rotation":{"origin":[7.0047526,30.228645,4.987912],"angle":-45.0,"axis":"y"}},{"from":[6.5347214,13.854321,3.0757604],"to":[8.184721,15.009319,3.0757604],"faces":{"south":{"uv":[3.1875,6.6875,3.3125,6.75],"tintindex":0,"rotation":0,"texture":"#0"},"north":{"uv":[3.0625,6.6875,3.1875,6.75],"tintindex":0,"rotation":0,"texture":"#0"}},"rotation":{"origin":[7.3383684,28.290405,3.0729494],"angle":-22.5,"axis":"y"}},{"from":[5.997119,10.658173,4.851317],"to":[8.736118,12.245472,4.851317],"faces":{"south":{"uv":[8.1875,2.5,8.375,2.625],"tintindex":0,"rotation":0,"texture":"#0"},"north":{"uv":[2.5,8.1875,2.6875,8.3125],"tintindex":0,"rotation":0,"texture":"#0"}},"rotation":{"origin":[6.3447523,27.423645,4.987912],"angle":-45.0,"axis":"y"}},{"from":[7.1173105,19.95932,3.898014],"to":[10.417311,21.93932,3.898014],"faces":{"south":{"uv":[2.125,8.1875,2.3125,8.3125],"tintindex":0,"rotation":0,"texture":"#0"},"north":{"uv":[8.1875,2.0,8.375,2.125],"tintindex":0,"rotation":0,"texture":"#0"}},"rotation":{"origin":[7.8901076,34.189156,4.061445],"angle":-45.0,"axis":"y"}},{"from":[4.2113533,16.54702,4.7286806],"to":[5.5808535,17.44957,4.7286806],"faces":{"south":{"uv":[6.625,1.5,6.6875,1.5625],"tintindex":0,"rotation":0,"texture":"#0"},"north":{"uv":[6.625,1.4375,6.6875,1.5],"tintindex":0,"rotation":0,"texture":"#0"}},"rotation":{"origin":[5.8497524,27.423645,4.987912],"angle":-22.5,"axis":"y"}},{"from":[7.4473104,10.059319,3.898014],"to":[10.747311,12.039318,3.898014],"faces":{"south":{"uv":[8.1875,2.375,8.375,2.5],"tintindex":0,"rotation":0,"texture":"#0"},"north":{"uv":[2.3125,8.1875,2.5,8.3125],"tintindex":0,"rotation":0,"texture":"#0"}},"rotation":{"origin":[8.220108,24.289158,4.061445],"angle":-45.0,"axis":"y"}},{"from":[4.7063537,13.808022,4.7286806],"to":[6.0758533,14.710571,4.7286806],"faces":{"south":{"uv":[6.625,1.625,6.6875,1.6875],"tintindex":0,"rotation":0,"texture":"#0"},"north":{"uv":[6.625,1.5625,6.6875,1.625],"tintindex":0,"rotation":0,"texture":"#0"}},"rotation":{"origin":[6.3447523,27.423645,4.987912],"angle":-22.5,"axis":"y"}},{"from":[5.997119,13.397171,4.851317],"to":[8.736118,14.98447,4.851317],"faces":{"south":{"uv":[8.1875,2.875,8.375,3.0],"tintindex":0,"rotation":0,"texture":"#0"},"north":{"uv":[8.1875,2.75,8.375,2.875],"tintindex":0,"rotation":0,"texture":"#0"}},"rotation":{"origin":[6.3447523,27.423645,4.987912],"angle":-45.0,"axis":"y"}},{"from":[5.502119,16.13617,4.851317],"to":[8.241119,17.723473,4.851317],"faces":{"south":{"uv":[8.1875,3.0,8.375,3.125],"tintindex":0,"rotation":0,"texture":"#0"},"north":{"uv":[2.9375,8.1875,3.125,8.3125],"tintindex":0,"rotation":0,"texture":"#0"}},"rotation":{"origin":[5.8497524,27.423645,4.987912],"angle":-45.0,"axis":"y"}},{"from":[5.874721,17.15432,3.0757604],"to":[7.524721,18.309319,3.0757604],"faces":{"south":{"uv":[6.3125,5.25,6.4375,5.3125],"tintindex":0,"rotation":0,"texture":"#0"},"north":{"uv":[6.25,3.9375,6.375,4.0],"tintindex":0,"rotation":0,"texture":"#0"}},"rotation":{"origin":[6.6783686,31.590408,3.0729494],"angle":-22.5,"axis":"y"}},{"from":[4.161188,8.368507,5.76854],"to":[10.7611885,21.568508,10.71854],"faces":{"east":{"uv":[2.1875,7.0625,2.5,7.875],"tintindex":0,"rotation":0,"texture":"#0"},"south":{"uv":[3.3125,5.9375,3.75,6.75],"tintindex":0,"rotation":0,"texture":"#0"},"north":{"uv":[2.875,5.875,3.3125,6.6875],"tintindex":0,"rotation":0,"texture":"#0"},"west":{"uv":[2.5,7.0625,2.8125,7.875],"tintindex":0,"rotation":0,"texture":"#0"},"up":{"uv":[7.8125,0.875,7.375,0.5625],"tintindex":0,"rotation":0,"texture":"#0"},"down":{"uv":[7.8125,0.875,7.375,1.1875],"tintindex":0,"rotation":0,"texture":"#0"}}},{"from":[4.7063537,11.069019,4.7286806],"to":[6.0758533,11.971569,4.7286806],"faces":{"south":{"uv":[6.625,1.75,6.6875,1.8125],"tintindex":0,"rotation":0,"texture":"#0"},"north":{"uv":[6.625,1.6875,6.6875,1.75],"tintindex":0,"rotation":0,"texture":"#0"}},"rotation":{"origin":[6.3447523,27.423645,4.987912],"angle":-22.5,"axis":"y"}},{"from":[7.7773104,13.359318,3.898014],"to":[11.077311,15.339317,3.898014],"faces":{"south":{"uv":[8.1875,2.25,8.375,2.375],"tintindex":0,"rotation":0,"texture":"#0"},"north":{"uv":[8.1875,2.125,8.375,2.25],"tintindex":0,"rotation":0,"texture":"#0"}},"rotation":{"origin":[8.550108,27.589157,4.061445],"angle":-45.0,"axis":"y"}},{"from":[6.2047215,10.554317,3.0757604],"to":[7.854721,11.70932,3.0757604],"faces":{"south":{"uv":[6.875,6.8125,7.0,6.875],"tintindex":0,"rotation":0,"texture":"#0"},"north":{"uv":[6.8125,4.75,6.9375,4.8125],"tintindex":0,"rotation":0,"texture":"#0"}},"rotation":{"origin":[7.0083685,24.990406,3.0729494],"angle":-22.5,"axis":"y"}},{"from":[5.874721,20.454319,3.0757604],"to":[7.524721,21.609318,3.0757604],"faces":{"south":{"uv":[2.9375,6.6875,3.0625,6.75],"tintindex":0,"rotation":0,"texture":"#0"},"north":{"uv":[2.8125,6.6875,2.9375,6.75],"tintindex":0,"rotation":0,"texture":"#0"}},"rotation":{"origin":[6.6783686,34.890404,3.0729494],"angle":-22.5,"axis":"y"}},{"from":[7.1173105,16.65932,3.898014],"to":[10.417311,18.63932,3.898014],"faces":{"south":{"uv":[1.9375,8.1875,2.125,8.3125],"tintindex":0,"rotation":0,"texture":"#0"},"north":{"uv":[8.1875,1.875,8.375,2.0],"tintindex":0,"rotation":0,"texture":"#0"}},"rotation":{"origin":[7.8901076,30.88916,4.061445],"angle":-45.0,"axis":"y"}}],"display":{"gui":{"rotation":[30,225,0]}}}