{"textures":{"0":"modelengine:entity/goremane_virusg_gm"},"elements":[{"from":[3.9687724,7.2605705,-11.288372],"to":[6.839772,8.940273,-11.288372],"faces":{"south":{"uv":[1.5625,8.1875,1.75,8.3125],"tintindex":0,"rotation":0,"texture":"#0"},"north":{"uv":[1.375,8.1875,1.5625,8.3125],"tintindex":0,"rotation":0,"texture":"#0"}},"rotation":{"origin":[25.15313,7.150902,-7.0594673],"angle":45.0,"axis":"y"}},{"from":[3.831019,11.616745,-5.747774],"to":[5.481019,12.771744,-5.747774],"faces":{"south":{"uv":[5.6875,5.1875,5.8125,5.25],"tintindex":0,"rotation":0,"texture":"#0"},"north":{"uv":[5.5625,5.1875,5.6875,5.25],"tintindex":0,"rotation":0,"texture":"#0"}},"rotation":{"origin":[24.519915,12.234726,-9.398338],"angle":22.5,"axis":"y"}},{"from":[5.8189993,13.202225,-4.6986275],"to":[7.2544994,14.164169,-4.6986275],"faces":{"south":{"uv":[6.0625,6.4375,6.125,6.5],"tintindex":0,"rotation":0,"texture":"#0"},"north":{"uv":[6.375,5.1875,6.4375,5.25],"tintindex":0,"rotation":0,"texture":"#0"}},"rotation":{"origin":[26.400646,13.594978,-8.34919],"angle":22.5,"axis":"y"}},{"from":[3.9687724,9.90057,-11.288372],"to":[6.839772,11.580273,-11.288372],"faces":{"south":{"uv":[8.1875,1.25,8.375,1.375],"tintindex":0,"rotation":0,"texture":"#0"},"north":{"uv":[8.1875,0.625,8.375,0.75],"tintindex":0,"rotation":0,"texture":"#0"}},"rotation":{"origin":[25.15313,9.790901,-7.0594673],"angle":45.0,"axis":"y"}},{"from":[4.326019,8.316742,-5.747774],"to":[5.9760194,9.471745,-5.747774],"faces":{"south":{"uv":[6.125,3.9375,6.25,4.0],"tintindex":0,"rotation":0,"texture":"#0"},"north":{"uv":[3.3125,5.875,3.4375,5.9375],"tintindex":0,"rotation":0,"texture":"#0"}},"rotation":{"origin":[25.014915,8.934723,-9.398338],"angle":22.5,"axis":"y"}},{"from":[4.491019,14.91674,-5.747774],"to":[6.1410193,16.071747,-5.747774],"faces":{"south":{"uv":[5.4375,5.1875,5.5625,5.25],"tintindex":0,"rotation":0,"texture":"#0"},"north":{"uv":[5.3125,5.1875,5.4375,5.25],"tintindex":0,"rotation":0,"texture":"#0"}},"rotation":{"origin":[25.179914,15.534721,-9.398338],"angle":22.5,"axis":"y"}},{"from":[1.6871314,7.821743,-12.144802],"to":[4.9871316,9.801743,-12.144802],"faces":{"south":{"uv":[0.0,8.1875,0.1875,8.3125],"tintindex":0,"rotation":0,"texture":"#0"},"north":{"uv":[7.75,8.125,7.9375,8.25],"tintindex":0,"rotation":0,"texture":"#0"}},"rotation":{"origin":[23.085989,7.862221,-7.9158974],"angle":45.0,"axis":"y"}},{"from":[4.1123223,16.467575,-11.288372],"to":[6.983322,18.14727,-11.288372],"faces":{"south":{"uv":[8.1875,0.375,8.375,0.5],"tintindex":0,"rotation":0,"texture":"#0"},"north":{"uv":[8.1875,0.25,8.375,0.375],"tintindex":0,"rotation":0,"texture":"#0"}},"rotation":{"origin":[25.296679,16.357903,-7.0594673],"angle":45.0,"axis":"y"}},{"from":[6.2496495,10.331223,-4.6986275],"to":[7.685149,11.293171,-4.6986275],"faces":{"south":{"uv":[1.125,6.5625,1.1875,6.625],"tintindex":0,"rotation":0,"texture":"#0"},"north":{"uv":[6.0625,6.5,6.125,6.5625],"tintindex":0,"rotation":0,"texture":"#0"}},"rotation":{"origin":[26.831295,10.723976,-8.34919],"angle":22.5,"axis":"y"}},{"from":[6.3931994,16.898224,-4.6986275],"to":[7.8286996,17.860168,-4.6986275],"faces":{"south":{"uv":[6.0625,6.5625,6.125,6.625],"tintindex":0,"rotation":0,"texture":"#0"},"north":{"uv":[2.8125,6.5625,2.875,6.625],"tintindex":0,"rotation":0,"texture":"#0"}},"rotation":{"origin":[26.974846,17.290977,-8.34919],"angle":22.5,"axis":"y"}},{"from":[4.0278087,6.130932,4.6855187],"to":[10.627809,19.330933,9.635519],"faces":{"east":{"uv":[0.0,7.0625,0.3125,7.875],"tintindex":0,"rotation":0,"texture":"#0"},"south":{"uv":[0.5,5.75,0.9375,6.5625],"tintindex":0,"rotation":0,"texture":"#0"},"north":{"uv":[5.6875,5.5,6.125,6.3125],"tintindex":0,"rotation":0,"texture":"#0"},"west":{"uv":[7.0625,0.5625,7.375,1.375],"tintindex":0,"rotation":0,"texture":"#0"},"up":{"uv":[7.75,7.25,7.3125,6.9375],"tintindex":0,"rotation":0,"texture":"#0"},"down":{"uv":[7.75,7.25,7.3125,7.5625],"tintindex":0,"rotation":0,"texture":"#0"}}},{"from":[5.3131614,17.678276,17.293732],"to":[14.903161,25.624275,17.293732],"faces":{"south":{"uv":[2.8125,6.75,3.4375,7.25],"tintindex":0,"rotation":0,"texture":"#0"},"north":{"uv":[6.6875,2.75,7.3125,3.25],"tintindex":0,"rotation":0,"texture":"#0"}},"rotation":{"origin":[21.108162,24.651276,7.293731],"angle":-45.0,"axis":"y"}},{"from":[1.8521314,14.421745,-12.144802],"to":[5.1521316,16.401741,-12.144802],"faces":{"south":{"uv":[8.125,7.375,8.3125,7.5],"tintindex":0,"rotation":0,"texture":"#0"},"north":{"uv":[8.125,7.25,8.3125,7.375],"tintindex":0,"rotation":0,"texture":"#0"}},"rotation":{"origin":[23.250988,14.462219,-7.9158974],"angle":45.0,"axis":"y"}},{"from":[1.1921315,11.121742,-12.144802],"to":[4.4921317,13.101746,-12.144802],"faces":{"south":{"uv":[8.125,7.625,8.3125,7.75],"tintindex":0,"rotation":0,"texture":"#0"},"north":{"uv":[8.125,7.5,8.3125,7.625],"tintindex":0,"rotation":0,"texture":"#0"}},"rotation":{"origin":[22.590988,11.162224,-7.9158974],"angle":45.0,"axis":"y"}},{"from":[6.2496495,7.691223,-4.6986275],"to":[7.685149,8.653172,-4.6986275],"faces":{"south":{"uv":[6.625,1.375,6.6875,1.4375],"tintindex":0,"rotation":0,"texture":"#0"},"north":{"uv":[1.125,6.625,1.1875,6.6875],"tintindex":0,"rotation":0,"texture":"#0"}},"rotation":{"origin":[26.831295,8.083977,-8.34919],"angle":22.5,"axis":"y"}},{"from":[3.5381227,12.771568,-11.288372],"to":[6.409122,14.451271,-11.288372],"faces":{"south":{"uv":[0.5625,8.1875,0.75,8.3125],"tintindex":0,"rotation":0,"texture":"#0"},"north":{"uv":[8.1875,0.5,8.375,0.625],"tintindex":0,"rotation":0,"texture":"#0"}},"rotation":{"origin":[24.722479,12.661903,-7.0594673],"angle":45.0,"axis":"y"}}],"display":{"gui":{"rotation":[30,225,0]}}}