{"textures":{"0":"modelengine:entity/goremane_virusg_gm"},"elements":[{"from":[4.5270214,7.887394,-10.667789],"to":[7.398021,9.567093,-10.667789],"faces":{"south":{"uv":[8.125,7.125,8.3125,7.25],"tintindex":0,"rotation":0,"texture":"#0"},"north":{"uv":[8.125,7.0,8.3125,7.125],"tintindex":0,"rotation":0,"texture":"#0"}},"rotation":{"origin":[24.945036,19.341415,-5.581439],"angle":45.0,"axis":"y"}},{"from":[4.002804,12.243565,-5.3551893],"to":[5.652804,13.398567,-5.3551893],"faces":{"south":{"uv":[0.6875,4.4375,0.8125,4.5],"tintindex":0,"rotation":0,"texture":"#0"},"north":{"uv":[0.5625,4.4375,0.6875,4.5],"tintindex":0,"rotation":0,"texture":"#0"}},"rotation":{"origin":[24.311821,24.42524,-7.920309],"angle":22.5,"axis":"y"}},{"from":[4.5270214,10.527393,-10.667789],"to":[7.398021,12.207092,-10.667789],"faces":{"south":{"uv":[8.125,6.875,8.3125,7.0],"tintindex":0,"rotation":0,"texture":"#0"},"north":{"uv":[8.125,6.75,8.3125,6.875],"tintindex":0,"rotation":0,"texture":"#0"}},"rotation":{"origin":[24.945036,21.981415,-5.581439],"angle":45.0,"axis":"y"}},{"from":[4.6628036,18.843567,-5.3551893],"to":[6.3128037,19.998566,-5.3551893],"faces":{"south":{"uv":[1.875,2.875,2.0,2.9375],"tintindex":0,"rotation":0,"texture":"#0"},"north":{"uv":[2.5625,1.6875,2.6875,1.75],"tintindex":0,"rotation":0,"texture":"#0"}},"rotation":{"origin":[24.97182,31.025238,-7.920309],"angle":22.5,"axis":"y"}},{"from":[3.7552958,6.7577515,5.015356],"to":[10.355295,19.957752,9.965357],"faces":{"east":{"uv":[1.125,6.6875,1.4375,7.5],"tintindex":0,"rotation":0,"texture":"#0"},"south":{"uv":[5.6875,0.75,6.125,1.5625],"tintindex":0,"rotation":0,"texture":"#0"},"north":{"uv":[2.4375,5.375,2.875,6.1875],"tintindex":0,"rotation":0,"texture":"#0"},"west":{"uv":[4.1875,7.0,4.5,7.8125],"tintindex":0,"rotation":0,"texture":"#0"},"up":{"uv":[1.6875,3.9375,1.25,3.625],"tintindex":0,"rotation":0,"texture":"#0"},"down":{"uv":[7.75,6.625,7.3125,6.9375],"tintindex":0,"rotation":0,"texture":"#0"}}},{"from":[4.6628036,15.543568,-5.3551893],"to":[6.3128037,16.698566,-5.3551893],"faces":{"south":{"uv":[2.4375,1.6875,2.5625,1.75],"tintindex":0,"rotation":0,"texture":"#0"},"north":{"uv":[2.3125,1.6875,2.4375,1.75],"tintindex":0,"rotation":0,"texture":"#0"}},"rotation":{"origin":[24.97182,27.725235,-7.920309],"angle":22.5,"axis":"y"}},{"from":[4.0963717,13.398396,-10.667789],"to":[6.9673715,15.0780945,-10.667789],"faces":{"south":{"uv":[8.125,6.625,8.3125,6.75],"tintindex":0,"rotation":0,"texture":"#0"},"north":{"uv":[8.125,6.5,8.3125,6.625],"tintindex":0,"rotation":0,"texture":"#0"}},"rotation":{"origin":[24.514385,24.852417,-5.581439],"angle":45.0,"axis":"y"}},{"from":[6.421434,10.958042,-4.3060417],"to":[7.856934,11.919994,-4.3060417],"faces":{"south":{"uv":[4.6875,2.4375,4.75,2.5],"tintindex":0,"rotation":0,"texture":"#0"},"north":{"uv":[0.9375,4.4375,1.0,4.5],"tintindex":0,"rotation":0,"texture":"#0"}},"rotation":{"origin":[26.623203,22.91449,-6.8711624],"angle":22.5,"axis":"y"}},{"from":[2.2453804,8.448566,-11.524218],"to":[5.5453806,10.428566,-11.524218],"faces":{"south":{"uv":[8.125,6.125,8.3125,6.25],"tintindex":0,"rotation":0,"texture":"#0"},"north":{"uv":[8.125,6.0,8.3125,6.125],"tintindex":0,"rotation":0,"texture":"#0"}},"rotation":{"origin":[22.877895,20.052734,-6.437869],"angle":45.0,"axis":"y"}},{"from":[4.6705713,17.094395,-10.667789],"to":[7.541571,18.774094,-10.667789],"faces":{"south":{"uv":[8.125,6.375,8.3125,6.5],"tintindex":0,"rotation":0,"texture":"#0"},"north":{"uv":[8.125,6.25,8.3125,6.375],"tintindex":0,"rotation":0,"texture":"#0"}},"rotation":{"origin":[25.088585,28.548416,-5.581439],"angle":45.0,"axis":"y"}},{"from":[2.4103804,18.348564,-11.524218],"to":[5.7103806,20.328568,-11.524218],"faces":{"south":{"uv":[8.125,4.75,8.3125,4.875],"tintindex":0,"rotation":0,"texture":"#0"},"north":{"uv":[4.25,8.125,4.4375,8.25],"tintindex":0,"rotation":0,"texture":"#0"}},"rotation":{"origin":[23.042896,29.952736,-6.437869],"angle":45.0,"axis":"y"}},{"from":[6.564984,17.525043,-4.3060417],"to":[8.000484,18.486996,-4.3060417],"faces":{"south":{"uv":[0.5,5.6875,0.5625,5.75],"tintindex":0,"rotation":0,"texture":"#0"},"north":{"uv":[3.5,5.3125,3.5625,5.375],"tintindex":0,"rotation":0,"texture":"#0"}},"rotation":{"origin":[26.766752,29.481491,-6.8711624],"angle":22.5,"axis":"y"}},{"from":[5.9907837,13.829044,-4.3060417],"to":[7.426284,14.790993,-4.3060417],"faces":{"south":{"uv":[3.6875,2.5,3.75,2.5625],"tintindex":0,"rotation":0,"texture":"#0"},"north":{"uv":[3.625,1.125,3.6875,1.1875],"tintindex":0,"rotation":0,"texture":"#0"}},"rotation":{"origin":[26.192553,25.785492,-6.8711624],"angle":22.5,"axis":"y"}},{"from":[1.7503805,11.748566,-11.524218],"to":[5.0503807,13.728565,-11.524218],"faces":{"south":{"uv":[5.75,8.125,5.9375,8.25],"tintindex":0,"rotation":0,"texture":"#0"},"north":{"uv":[8.125,4.875,8.3125,5.0],"tintindex":0,"rotation":0,"texture":"#0"}},"rotation":{"origin":[22.382896,23.352737,-6.437869],"angle":45.0,"axis":"y"}},{"from":[4.4978037,8.943565,-5.3551893],"to":[6.147804,10.098564,-5.3551893],"faces":{"south":{"uv":[2.875,5.125,3.0,5.1875],"tintindex":0,"rotation":0,"texture":"#0"},"north":{"uv":[0.8125,4.4375,0.9375,4.5],"tintindex":0,"rotation":0,"texture":"#0"}},"rotation":{"origin":[24.806822,21.125237,-7.920309],"angle":22.5,"axis":"y"}},{"from":[6.421434,8.318043,-4.3060417],"to":[7.856934,9.279995,-4.3060417],"faces":{"south":{"uv":[6.375,4.1875,6.4375,4.25],"tintindex":0,"rotation":0,"texture":"#0"},"north":{"uv":[3.4375,5.875,3.5,5.9375],"tintindex":0,"rotation":0,"texture":"#0"}},"rotation":{"origin":[26.623203,20.27449,-6.8711624],"angle":22.5,"axis":"y"}},{"from":[2.4103804,15.048565,-11.524218],"to":[5.7103806,17.028564,-11.524218],"faces":{"south":{"uv":[8.125,4.125,8.3125,4.25],"tintindex":0,"rotation":0,"texture":"#0"},"north":{"uv":[8.125,4.0,8.3125,4.125],"tintindex":0,"rotation":0,"texture":"#0"}},"rotation":{"origin":[23.042896,26.652733,-6.437869],"angle":45.0,"axis":"y"}}],"display":{"gui":{"rotation":[30,225,0]}}}