{"textures":{"0":"modelengine:entity/goremane_virusg_gm"},"elements":[{"from":[11.112633,10.239122,9.306537],"to":[17.132633,15.399122,14.466536],"faces":{"east":{"uv":[7.625,6.0,7.9375,6.3125],"tintindex":0,"rotation":0,"texture":"#0"},"south":{"uv":[3.8125,7.5,4.1875,7.8125],"tintindex":0,"rotation":0,"texture":"#0"},"north":{"uv":[0.75,7.4375,1.125,7.75],"tintindex":0,"rotation":0,"texture":"#0"},"west":{"uv":[6.3125,7.625,6.625,7.9375],"tintindex":0,"rotation":0,"texture":"#0"},"up":{"uv":[5.5,7.8125,5.125,7.5],"tintindex":0,"rotation":0,"texture":"#0"},"down":{"uv":[7.9375,0.0,7.5625,0.3125],"tintindex":0,"rotation":0,"texture":"#0"}},"rotation":{"origin":[7.844633,12.819124,12.746536],"angle":22.5,"axis":"x"}},{"from":[9.579433,12.221426,0.09744072],"to":[12.616633,15.038786,0.09744072],"faces":{"south":{"uv":[8.0,5.5625,8.1875,5.75],"tintindex":0,"rotation":0,"texture":"#0"},"north":{"uv":[8.0,5.375,8.1875,5.5625],"tintindex":0,"rotation":0,"texture":"#0"}},"rotation":{"origin":[10.098034,13.630106,0.09744072],"angle":22.5,"axis":"x"}},{"from":[6.2966332,6.9711227,9.134537],"to":[9.736633,8.691122,14.810537],"faces":{"east":{"uv":[5.6875,2.1875,6.0625,2.3125],"tintindex":0,"rotation":0,"texture":"#0"},"south":{"uv":[1.75,8.125,1.9375,8.25],"tintindex":0,"rotation":0,"texture":"#0"},"north":{"uv":[0.8125,8.125,1.0,8.25],"tintindex":0,"rotation":0,"texture":"#0"},"west":{"uv":[7.9375,0.0,8.3125,0.125],"tintindex":0,"rotation":0,"texture":"#0"},"up":{"uv":[3.8125,7.9375,3.625,7.5625],"tintindex":0,"rotation":0,"texture":"#0"},"down":{"uv":[1.125,7.75,0.9375,8.125],"tintindex":0,"rotation":0,"texture":"#0"}},"rotation":{"origin":[8.016633,7.6591225,12.230536],"angle":-22.5,"axis":"x"}},{"from":[3.5794334,24.115755,-1.7235975],"to":[6.176634,26.417116,-1.7235975],"faces":{"south":{"uv":[4.1875,8.25,4.375,8.375],"tintindex":0,"rotation":0,"texture":"#0"},"north":{"uv":[8.25,3.5,8.4375,3.625],"tintindex":0,"rotation":0,"texture":"#0"}},"rotation":{"origin":[9.136034,26.159117,-1.7235975],"angle":-22.5,"axis":"x"}},{"from":[-1.443367,10.239122,9.306537],"to":[4.576633,15.399122,14.466536],"faces":{"east":{"uv":[7.6875,1.5,8.0,1.8125],"tintindex":0,"rotation":0,"texture":"#0"},"south":{"uv":[7.25,7.5625,7.625,7.875],"tintindex":0,"rotation":0,"texture":"#0"},"north":{"uv":[7.5625,4.75,7.9375,5.0625],"tintindex":0,"rotation":0,"texture":"#0"},"west":{"uv":[7.6875,1.8125,8.0,2.125],"tintindex":0,"rotation":0,"texture":"#0"},"up":{"uv":[2.125,7.9375,1.75,7.625],"tintindex":0,"rotation":0,"texture":"#0"},"down":{"uv":[3.1875,7.625,2.8125,7.9375],"tintindex":0,"rotation":0,"texture":"#0"}},"rotation":{"origin":[7.844633,12.819124,12.746536],"angle":22.5,"axis":"x"}},{"from":[15.051434,26.349165,-1.5794487],"to":[16.616634,27.618525,-1.5794487],"faces":{"south":{"uv":[2.1875,1.6875,2.3125,1.75],"tintindex":0,"rotation":0,"texture":"#0"},"north":{"uv":[2.0625,1.6875,2.1875,1.75],"tintindex":0,"rotation":0,"texture":"#0"}},"rotation":{"origin":[15.834034,26.983847,-1.5794487],"angle":22.5,"axis":"x"}},{"from":[3.5794334,26.349165,-1.5794487],"to":[5.1446333,27.618525,-1.5794487],"faces":{"south":{"uv":[7.9375,0.25,8.0625,0.3125],"tintindex":0,"rotation":0,"texture":"#0"},"north":{"uv":[3.5,7.875,3.625,7.9375],"tintindex":0,"rotation":0,"texture":"#0"}},"rotation":{"origin":[4.3620334,26.983847,-1.5794487],"angle":22.5,"axis":"x"}},{"from":[11.579433,18.53026,-3.9816408],"to":[14.616633,21.34762,-3.9816408],"faces":{"south":{"uv":[5.5,0.4375,5.6875,0.625],"tintindex":0,"rotation":0,"texture":"#0"},"north":{"uv":[3.5625,4.1875,3.75,4.375],"tintindex":0,"rotation":0,"texture":"#0"}},"rotation":{"origin":[18.716034,25.1113,-0.9816408],"angle":-45.0,"axis":"x"}},{"from":[10.019434,24.115755,-1.7235975],"to":[12.616633,26.417116,-1.7235975],"faces":{"south":{"uv":[5.75,8.25,5.9375,8.375],"tintindex":0,"rotation":0,"texture":"#0"},"north":{"uv":[8.25,4.625,8.4375,4.75],"tintindex":0,"rotation":0,"texture":"#0"}},"rotation":{"origin":[11.576034,26.159117,-1.7235975],"angle":-22.5,"axis":"x"}},{"from":[3.5866332,21.989122,2.3605366],"to":[12.046633,24.039122,11.010536],"faces":{"east":{"uv":[4.75,4.25,5.3125,4.375],"tintindex":0,"rotation":0,"texture":"#0"},"south":{"uv":[7.8125,1.0,8.3125,1.125],"tintindex":0,"rotation":0,"texture":"#0"},"north":{"uv":[7.8125,0.875,8.3125,1.0],"tintindex":0,"rotation":0,"texture":"#0"},"west":{"uv":[7.8125,0.75,8.375,0.875],"tintindex":0,"rotation":0,"texture":"#0"},"up":{"uv":[7.3125,7.4375,6.8125,6.875],"tintindex":0,"rotation":0,"texture":"#0"},"down":{"uv":[7.5625,0.0,7.0625,0.5625],"tintindex":0,"rotation":0,"texture":"#0"}}},{"from":[-0.42056656,21.23026,-1.4816408],"to":[5.6166334,24.04762,-1.4816408],"faces":{"south":{"uv":[7.8125,0.5625,8.1875,0.75],"tintindex":0,"rotation":0,"texture":"#0"},"north":{"uv":[7.75,7.375,8.125,7.5625],"tintindex":0,"rotation":0,"texture":"#0"}},"rotation":{"origin":[3.7160335,24.8113,-1.4816408],"angle":-45.0,"axis":"x"}},{"from":[9.579433,10.53026,-3.9816408],"to":[12.616633,13.34762,-3.9816408],"faces":{"south":{"uv":[8.0,5.1875,8.1875,5.375],"tintindex":0,"rotation":0,"texture":"#0"},"north":{"uv":[8.0,5.0,8.1875,5.1875],"tintindex":0,"rotation":0,"texture":"#0"}},"rotation":{"origin":[16.716034,17.1113,-0.9816408],"angle":-45.0,"axis":"x"}},{"from":[-1.443367,17.119123,10.166536],"to":[4.576633,22.279123,13.606537],"faces":{"east":{"uv":[4.3125,7.8125,4.5,8.125],"tintindex":0,"rotation":0,"texture":"#0"},"south":{"uv":[7.625,5.375,8.0,5.6875],"tintindex":0,"rotation":0,"texture":"#0"},"north":{"uv":[7.625,5.0625,8.0,5.375],"tintindex":0,"rotation":0,"texture":"#0"},"west":{"uv":[0.0,7.875,0.1875,8.1875],"tintindex":0,"rotation":0,"texture":"#0"},"up":{"uv":[6.6875,5.5,6.3125,5.3125],"tintindex":0,"rotation":0,"texture":"#0"},"down":{"uv":[7.25,7.75,6.875,7.9375],"tintindex":0,"rotation":0,"texture":"#0"}}},{"from":[10.579433,21.23026,-1.4816408],"to":[16.616634,24.04762,-1.4816408],"faces":{"south":{"uv":[7.75,7.1875,8.125,7.375],"tintindex":0,"rotation":0,"texture":"#0"},"north":{"uv":[7.75,7.0,8.125,7.1875],"tintindex":0,"rotation":0,"texture":"#0"}},"rotation":{"origin":[14.716034,24.8113,-1.4816408],"angle":-45.0,"axis":"x"}},{"from":[-0.58336735,8.519121,1.0505366],"to":[16.616634,22.279123,11.370537],"faces":{"east":{"uv":[4.6875,4.375,5.3125,5.25],"tintindex":0,"rotation":0,"texture":"#0"},"south":{"uv":[0.0,0.875,1.0625,1.75],"tintindex":0,"rotation":0,"texture":"#0"},"north":{"uv":[0.0,0.0,1.0625,0.875],"tintindex":0,"rotation":0,"texture":"#0"},"west":{"uv":[1.5625,4.75,2.1875,5.625],"tintindex":0,"rotation":0,"texture":"#0"},"up":{"uv":[3.75,3.1875,2.6875,2.5625],"tintindex":0,"rotation":0,"texture":"#0"},"down":{"uv":[3.8125,0.0,2.75,0.625],"tintindex":0,"rotation":0,"texture":"#0"}}},{"from":[5.5794334,18.53026,-3.9816408],"to":[10.616633,21.34762,-3.9816408],"faces":{"south":{"uv":[3.1875,7.875,3.5,8.0625],"tintindex":0,"rotation":0,"texture":"#0"},"north":{"uv":[2.4375,7.875,2.75,8.0625],"tintindex":0,"rotation":0,"texture":"#0"}},"rotation":{"origin":[14.716034,25.1113,-0.9816408],"angle":-45.0,"axis":"x"}},{"from":[3.5794334,12.221426,0.09744072],"to":[6.6166334,15.038786,0.09744072],"faces":{"south":{"uv":[8.0,4.4375,8.1875,4.625],"tintindex":0,"rotation":0,"texture":"#0"},"north":{"uv":[8.0,4.25,8.1875,4.4375],"tintindex":0,"rotation":0,"texture":"#0"}},"rotation":{"origin":[4.0980334,13.630106,0.09744072],"angle":22.5,"axis":"x"}},{"from":[11.579433,20.221426,0.09744072],"to":[14.616633,23.038786,0.09744072],"faces":{"south":{"uv":[7.0625,5.125,7.25,5.3125],"tintindex":0,"rotation":0,"texture":"#0"},"north":{"uv":[6.6875,5.3125,6.875,5.5],"tintindex":0,"rotation":0,"texture":"#0"}},"rotation":{"origin":[12.098034,21.630106,0.09744072],"angle":22.5,"axis":"x"}},{"from":[5.5794334,20.221426,0.09744072],"to":[10.616633,23.038786,0.09744072],"faces":{"south":{"uv":[7.5625,7.875,7.875,8.0625],"tintindex":0,"rotation":0,"texture":"#0"},"north":{"uv":[7.25,7.875,7.5625,8.0625],"tintindex":0,"rotation":0,"texture":"#0"}},"rotation":{"origin":[8.098034,21.630106,0.09744072],"angle":22.5,"axis":"x"}},{"from":[11.112633,17.119123,10.166536],"to":[17.132633,22.279123,13.606537],"faces":{"east":{"uv":[1.6875,3.625,1.875,3.9375],"tintindex":0,"rotation":0,"texture":"#0"},"south":{"uv":[3.25,7.5625,3.625,7.875],"tintindex":0,"rotation":0,"texture":"#0"},"north":{"uv":[7.5625,1.1875,7.9375,1.5],"tintindex":0,"rotation":0,"texture":"#0"},"west":{"uv":[3.25,7.25,3.4375,7.5625],"tintindex":0,"rotation":0,"texture":"#0"},"up":{"uv":[6.0,4.0,5.625,3.8125],"tintindex":0,"rotation":0,"texture":"#0"},"down":{"uv":[6.375,5.0625,6.0,5.25],"tintindex":0,"rotation":0,"texture":"#0"}}},{"from":[11.051434,26.349165,-1.5794487],"to":[12.616633,27.618525,-1.5794487],"faces":{"south":{"uv":[8.0,0.5,8.125,0.5625],"tintindex":0,"rotation":0,"texture":"#0"},"north":{"uv":[7.9375,7.8125,8.0625,7.875],"tintindex":0,"rotation":0,"texture":"#0"}},"rotation":{"origin":[11.834034,26.983847,-1.5794487],"angle":22.5,"axis":"x"}},{"from":[14.019434,24.115755,-1.7235975],"to":[16.616634,26.417116,-1.7235975],"faces":{"south":{"uv":[5.5625,8.0625,5.75,8.1875],"tintindex":0,"rotation":0,"texture":"#0"},"north":{"uv":[6.625,7.625,6.8125,7.75],"tintindex":0,"rotation":0,"texture":"#0"}},"rotation":{"origin":[15.576034,26.159117,-1.7235975],"angle":-22.5,"axis":"x"}},{"from":[5.5794334,21.23026,-1.4816408],"to":[10.616633,24.04762,-1.4816408],"faces":{"south":{"uv":[2.125,7.875,2.4375,8.0625],"tintindex":0,"rotation":0,"texture":"#0"},"north":{"uv":[7.875,0.3125,8.1875,0.5],"tintindex":0,"rotation":0,"texture":"#0"}},"rotation":{"origin":[14.716034,24.8113,-1.4816408],"angle":-45.0,"axis":"x"}},{"from":[3.5794334,10.53026,-3.9816408],"to":[6.6166334,13.34762,-3.9816408],"faces":{"south":{"uv":[8.0,3.3125,8.1875,3.5],"tintindex":0,"rotation":0,"texture":"#0"},"north":{"uv":[8.0,2.4375,8.1875,2.625],"tintindex":0,"rotation":0,"texture":"#0"}},"rotation":{"origin":[10.716034,17.1113,-0.9816408],"angle":-45.0,"axis":"x"}},{"from":[-0.42056656,24.115755,-1.7235975],"to":[2.1766334,26.417116,-1.7235975],"faces":{"south":{"uv":[3.4375,8.25,3.625,8.375],"tintindex":0,"rotation":0,"texture":"#0"},"north":{"uv":[8.25,2.625,8.4375,2.75],"tintindex":0,"rotation":0,"texture":"#0"}},"rotation":{"origin":[5.1360335,26.159117,-1.7235975],"angle":-22.5,"axis":"x"}},{"from":[-0.42056656,26.349165,-1.5794487],"to":[1.1446333,27.618525,-1.5794487],"faces":{"south":{"uv":[7.875,0.5,8.0,0.5625],"tintindex":0,"rotation":0,"texture":"#0"},"north":{"uv":[7.8125,1.125,7.9375,1.1875],"tintindex":0,"rotation":0,"texture":"#0"}},"rotation":{"origin":[0.36203337,26.983847,-1.5794487],"angle":22.5,"axis":"x"}},{"from":[1.5794334,20.221426,0.09744072],"to":[4.6166334,23.038786,0.09744072],"faces":{"south":{"uv":[8.0,2.25,8.1875,2.4375],"tintindex":0,"rotation":0,"texture":"#0"},"north":{"uv":[8.0,2.0625,8.1875,2.25],"tintindex":0,"rotation":0,"texture":"#0"}},"rotation":{"origin":[2.0980334,21.630106,0.09744072],"angle":22.5,"axis":"x"}},{"from":[1.5794334,18.53026,-3.9816408],"to":[4.6166334,21.34762,-3.9816408],"faces":{"south":{"uv":[8.0,1.875,8.1875,2.0625],"tintindex":0,"rotation":0,"texture":"#0"},"north":{"uv":[7.375,1.1875,7.5625,1.375],"tintindex":0,"rotation":0,"texture":"#0"}},"rotation":{"origin":[8.716034,25.1113,-0.9816408],"angle":-45.0,"axis":"x"}}],"display":{"gui":{"rotation":[30,225,0]}}}