{"textures":{"0":"modelengine:entity/goremane_virusg_gm"},"elements":[{"from":[5.0299997,-5.9399996,5.0299997],"to":[10.97,7.9400005,10.969999],"faces":{"east":{"uv":[4.9375,6.25,5.3125,7.125],"tintindex":0,"rotation":0,"texture":"#0"},"south":{"uv":[5.3125,6.25,5.6875,7.125],"tintindex":0,"rotation":0,"texture":"#0"},"north":{"uv":[4.5625,6.25,4.9375,7.125],"tintindex":0,"rotation":0,"texture":"#0"},"west":{"uv":[5.6875,6.3125,6.0625,7.1875],"tintindex":0,"rotation":0,"texture":"#0"},"up":{"uv":[7.625,6.25,7.25,5.875],"tintindex":0,"rotation":0,"texture":"#0"},"down":{"uv":[7.625,6.25,7.25,6.625],"tintindex":0,"rotation":0,"texture":"#0"}}},{"from":[4.059934,-5.876646,1.4531989],"to":[13.156435,9.780603,10.977199],"faces":{"east":{"uv":[2.5,3.1875,3.125,4.1875],"tintindex":0,"rotation":0,"texture":"#0"},"south":{"uv":[0.0,4.4375,0.5625,5.4375],"tintindex":0,"rotation":0,"texture":"#0"},"north":{"uv":[4.125,4.375,4.6875,5.375],"tintindex":0,"rotation":0,"texture":"#0"},"west":{"uv":[3.125,3.1875,3.75,4.1875],"tintindex":0,"rotation":0,"texture":"#0"},"up":{"uv":[6.6875,2.8125,6.125,2.1875],"tintindex":0,"rotation":0,"texture":"#0"},"down":{"uv":[6.6875,2.8125,6.125,3.4375],"tintindex":0,"rotation":0,"texture":"#0"}}}],"display":{"gui":{"rotation":[30,225,0]}}}