{"textures":{"0":"modelengine:entity/goremane_virusg_gm"},"elements":[{"from":[3.0095587,-6.2325287,3.295638],"to":[12.10606,9.424721,12.819638],"faces":{"east":{"uv":[1.25,2.625,1.875,3.625],"tintindex":0,"rotation":0,"texture":"#0"},"south":{"uv":[3.5625,4.375,4.125,5.375],"tintindex":0,"rotation":0,"texture":"#0"},"north":{"uv":[3.0,4.1875,3.5625,5.1875],"tintindex":0,"rotation":0,"texture":"#0"},"west":{"uv":[1.875,2.9375,2.5,3.9375],"tintindex":0,"rotation":0,"texture":"#0"},"up":{"uv":[6.25,2.1875,5.6875,1.5625],"tintindex":0,"rotation":0,"texture":"#0"},"down":{"uv":[6.6875,0.75,6.125,1.375],"tintindex":0,"rotation":0,"texture":"#0"}}},{"from":[5.0299997,-5.9399996,5.0299997],"to":[10.97,7.9400005,10.97],"faces":{"east":{"uv":[0.75,6.5625,1.125,7.4375],"tintindex":0,"rotation":0,"texture":"#0"},"south":{"uv":[6.6875,0.0,7.0625,0.875],"tintindex":0,"rotation":0,"texture":"#0"},"north":{"uv":[0.375,6.5625,0.75,7.4375],"tintindex":0,"rotation":0,"texture":"#0"},"west":{"uv":[6.6875,0.875,7.0625,1.75],"tintindex":0,"rotation":0,"texture":"#0"},"up":{"uv":[7.6875,2.875,7.3125,2.5],"tintindex":0,"rotation":0,"texture":"#0"},"down":{"uv":[7.6875,2.875,7.3125,3.25],"tintindex":0,"rotation":0,"texture":"#0"}}}],"display":{"gui":{"rotation":[30,225,0]}}}