{"textures":{"0":"modelengine:entity/goremane_virusg_gm"},"elements":[{"from":[7.3849998,7.4875,3.0124998],"to":[8.615,8.5125,4.0374994],"faces":{"east":{"uv":[3.75,8.3125,3.875,8.4375],"tintindex":0,"rotation":0,"texture":"#0"},"south":{"uv":[3.875,8.3125,4.0,8.4375],"tintindex":0,"rotation":0,"texture":"#0"},"north":{"uv":[3.625,8.3125,3.75,8.4375],"tintindex":0,"rotation":0,"texture":"#0"},"west":{"uv":[4.0,8.3125,4.125,8.4375],"tintindex":0,"rotation":0,"texture":"#0"},"up":{"uv":[8.4375,4.125,8.3125,4.0],"tintindex":0,"rotation":0,"texture":"#0"},"down":{"uv":[8.4375,4.125,8.3125,4.25],"tintindex":0,"rotation":0,"texture":"#0"}}},{"from":[7.5899997,7.6925,1.9875002],"to":[8.41,8.3075,3.0124998],"faces":{"east":{"uv":[5.0625,8.5625,5.1875,8.625],"tintindex":0,"rotation":0,"texture":"#0"},"south":{"uv":[5.1875,8.5625,5.3125,8.625],"tintindex":0,"rotation":0,"texture":"#0"},"north":{"uv":[8.5625,4.9375,8.6875,5.0],"tintindex":0,"rotation":0,"texture":"#0"},"west":{"uv":[5.3125,8.5625,5.4375,8.625],"tintindex":0,"rotation":0,"texture":"#0"},"up":{"uv":[3.1875,8.4375,3.0625,8.3125],"tintindex":0,"rotation":0,"texture":"#0"},"down":{"uv":[3.3125,8.3125,3.1875,8.4375],"tintindex":0,"rotation":0,"texture":"#0"}}},{"from":[7.3849998,7.4875,5.0625],"to":[8.615,8.5125,6.0874996],"faces":{"east":{"uv":[4.75,8.3125,4.875,8.4375],"tintindex":0,"rotation":0,"texture":"#0"},"south":{"uv":[8.3125,4.75,8.4375,4.875],"tintindex":0,"rotation":0,"texture":"#0"},"north":{"uv":[4.625,8.3125,4.75,8.4375],"tintindex":0,"rotation":0,"texture":"#0"},"west":{"uv":[4.875,8.3125,5.0,8.4375],"tintindex":0,"rotation":0,"texture":"#0"},"up":{"uv":[8.4375,5.0,8.3125,4.875],"tintindex":0,"rotation":0,"texture":"#0"},"down":{"uv":[5.125,8.3125,5.0,8.4375],"tintindex":0,"rotation":0,"texture":"#0"}}},{"from":[7.5899997,7.6925,4.0374994],"to":[8.41,8.3075,5.0625],"faces":{"east":{"uv":[5.5625,8.5625,5.6875,8.625],"tintindex":0,"rotation":0,"texture":"#0"},"south":{"uv":[5.875,8.5625,6.0,8.625],"tintindex":0,"rotation":0,"texture":"#0"},"north":{"uv":[5.4375,8.5625,5.5625,8.625],"tintindex":0,"rotation":0,"texture":"#0"},"west":{"uv":[6.0,8.5625,6.125,8.625],"tintindex":0,"rotation":0,"texture":"#0"},"up":{"uv":[4.5,8.4375,4.375,8.3125],"tintindex":0,"rotation":0,"texture":"#0"},"down":{"uv":[4.625,8.3125,4.5,8.4375],"tintindex":0,"rotation":0,"texture":"#0"}}},{"from":[7.3849998,7.4875,-3.1374998],"to":[8.615,8.5125,-2.1125002],"faces":{"east":{"uv":[5.25,8.3125,5.375,8.4375],"tintindex":0,"rotation":0,"texture":"#0"},"south":{"uv":[5.375,8.3125,5.5,8.4375],"tintindex":0,"rotation":0,"texture":"#0"},"north":{"uv":[5.125,8.3125,5.25,8.4375],"tintindex":0,"rotation":0,"texture":"#0"},"west":{"uv":[5.5,8.3125,5.625,8.4375],"tintindex":0,"rotation":0,"texture":"#0"},"up":{"uv":[5.75,8.4375,5.625,8.3125],"tintindex":0,"rotation":0,"texture":"#0"},"down":{"uv":[6.0625,8.3125,5.9375,8.4375],"tintindex":0,"rotation":0,"texture":"#0"}}},{"from":[7.3849998,7.4875,7.1124997],"to":[8.615,8.5125,8.1375],"faces":{"east":{"uv":[1.875,8.3125,2.0,8.4375],"tintindex":0,"rotation":0,"texture":"#0"},"south":{"uv":[2.0,8.3125,2.125,8.4375],"tintindex":0,"rotation":0,"texture":"#0"},"north":{"uv":[1.625,8.3125,1.75,8.4375],"tintindex":0,"rotation":0,"texture":"#0"},"west":{"uv":[2.125,8.3125,2.25,8.4375],"tintindex":0,"rotation":0,"texture":"#0"},"up":{"uv":[2.375,8.4375,2.25,8.3125],"tintindex":0,"rotation":0,"texture":"#0"},"down":{"uv":[2.5,8.3125,2.375,8.4375],"tintindex":0,"rotation":0,"texture":"#0"}}},{"from":[7.5899997,7.6925,-2.1125002],"to":[8.41,8.3075,-1.0875006],"faces":{"east":{"uv":[8.5625,6.0625,8.6875,6.125],"tintindex":0,"rotation":0,"texture":"#0"},"south":{"uv":[6.125,8.5625,6.25,8.625],"tintindex":0,"rotation":0,"texture":"#0"},"north":{"uv":[8.5625,6.0,8.6875,6.0625],"tintindex":0,"rotation":0,"texture":"#0"},"west":{"uv":[8.5625,6.125,8.6875,6.1875],"tintindex":0,"rotation":0,"texture":"#0"},"up":{"uv":[8.4375,6.125,8.3125,6.0],"tintindex":0,"rotation":0,"texture":"#0"},"down":{"uv":[6.1875,8.3125,6.0625,8.4375],"tintindex":0,"rotation":0,"texture":"#0"}}},{"from":[7.3849998,7.4875,-1.0875006],"to":[8.615,8.5125,-0.0625],"faces":{"east":{"uv":[6.3125,8.3125,6.4375,8.4375],"tintindex":0,"rotation":0,"texture":"#0"},"south":{"uv":[8.3125,6.375,8.4375,6.5],"tintindex":0,"rotation":0,"texture":"#0"},"north":{"uv":[8.3125,6.25,8.4375,6.375],"tintindex":0,"rotation":0,"texture":"#0"},"west":{"uv":[6.4375,8.3125,6.5625,8.4375],"tintindex":0,"rotation":0,"texture":"#0"},"up":{"uv":[8.4375,6.625,8.3125,6.5],"tintindex":0,"rotation":0,"texture":"#0"},"down":{"uv":[6.6875,8.3125,6.5625,8.4375],"tintindex":0,"rotation":0,"texture":"#0"}}},{"from":[7.3849998,7.4875,0.9624996],"to":[8.615,8.5125,1.9875002],"faces":{"east":{"uv":[8.3125,6.75,8.4375,6.875],"tintindex":0,"rotation":0,"texture":"#0"},"south":{"uv":[6.8125,8.3125,6.9375,8.4375],"tintindex":0,"rotation":0,"texture":"#0"},"north":{"uv":[8.3125,6.625,8.4375,6.75],"tintindex":0,"rotation":0,"texture":"#0"},"west":{"uv":[8.3125,6.875,8.4375,7.0],"tintindex":0,"rotation":0,"texture":"#0"},"up":{"uv":[7.0625,8.4375,6.9375,8.3125],"tintindex":0,"rotation":0,"texture":"#0"},"down":{"uv":[8.4375,7.0,8.3125,7.125],"tintindex":0,"rotation":0,"texture":"#0"}}},{"from":[7.5899997,7.6925,6.0874996],"to":[8.41,8.3075,7.1124997],"faces":{"east":{"uv":[8.5625,4.8125,8.6875,4.875],"tintindex":0,"rotation":0,"texture":"#0"},"south":{"uv":[8.5625,4.875,8.6875,4.9375],"tintindex":0,"rotation":0,"texture":"#0"},"north":{"uv":[4.8125,8.5625,4.9375,8.625],"tintindex":0,"rotation":0,"texture":"#0"},"west":{"uv":[4.9375,8.5625,5.0625,8.625],"tintindex":0,"rotation":0,"texture":"#0"},"up":{"uv":[2.625,8.4375,2.5,8.3125],"tintindex":0,"rotation":0,"texture":"#0"},"down":{"uv":[3.0625,8.3125,2.9375,8.4375],"tintindex":0,"rotation":0,"texture":"#0"}}},{"from":[7.5899997,7.6925,-4.1125],"to":[8.41,8.3075,-3.0875006],"faces":{"east":{"uv":[6.25,8.5625,6.375,8.625],"tintindex":0,"rotation":0,"texture":"#0"},"south":{"uv":[8.5625,6.25,8.6875,6.3125],"tintindex":0,"rotation":0,"texture":"#0"},"north":{"uv":[8.5625,6.1875,8.6875,6.25],"tintindex":0,"rotation":0,"texture":"#0"},"west":{"uv":[8.5625,6.3125,8.6875,6.375],"tintindex":0,"rotation":0,"texture":"#0"},"up":{"uv":[8.4375,6.25,8.3125,6.125],"tintindex":0,"rotation":0,"texture":"#0"},"down":{"uv":[6.3125,8.3125,6.1875,8.4375],"tintindex":0,"rotation":0,"texture":"#0"}}},{"from":[7.5899997,7.6925,-0.0625],"to":[8.41,8.3075,0.9624996],"faces":{"east":{"uv":[8.5625,6.375,8.6875,6.4375],"tintindex":0,"rotation":0,"texture":"#0"},"south":{"uv":[8.5625,6.4375,8.6875,6.5],"tintindex":0,"rotation":0,"texture":"#0"},"north":{"uv":[6.375,8.5625,6.5,8.625],"tintindex":0,"rotation":0,"texture":"#0"},"west":{"uv":[6.5,8.5625,6.625,8.625],"tintindex":0,"rotation":0,"texture":"#0"},"up":{"uv":[7.1875,8.4375,7.0625,8.3125],"tintindex":0,"rotation":0,"texture":"#0"},"down":{"uv":[8.4375,7.125,8.3125,7.25],"tintindex":0,"rotation":0,"texture":"#0"}}}],"display":{"gui":{"rotation":[30,225,0]}}}