{"textures":{"0":"modelengine:entity/goremane_virusg_gm"},"elements":[{"from":[7.3849998,7.4875,0.9624996],"to":[8.615,8.5125,1.9875002],"faces":{"east":{"uv":[2.75,8.4375,2.875,8.5625],"tintindex":0,"rotation":0,"texture":"#0"},"south":{"uv":[2.875,8.4375,3.0,8.5625],"tintindex":0,"rotation":0,"texture":"#0"},"north":{"uv":[8.4375,2.625,8.5625,2.75],"tintindex":0,"rotation":0,"texture":"#0"},"west":{"uv":[3.0,8.4375,3.125,8.5625],"tintindex":0,"rotation":0,"texture":"#0"},"up":{"uv":[3.25,8.5625,3.125,8.4375],"tintindex":0,"rotation":0,"texture":"#0"},"down":{"uv":[8.5625,3.5,8.4375,3.625],"tintindex":0,"rotation":0,"texture":"#0"}}},{"from":[7.5899997,7.6925,-2.1125002],"to":[8.41,8.3075,-1.0875006],"faces":{"east":{"uv":[8.625,0.3125,8.75,0.375],"tintindex":0,"rotation":0,"texture":"#0"},"south":{"uv":[8.625,0.375,8.75,0.4375],"tintindex":0,"rotation":0,"texture":"#0"},"north":{"uv":[8.625,0.25,8.75,0.3125],"tintindex":0,"rotation":0,"texture":"#0"},"west":{"uv":[8.625,0.4375,8.75,0.5],"tintindex":0,"rotation":0,"texture":"#0"},"up":{"uv":[1.625,8.5625,1.5,8.4375],"tintindex":0,"rotation":0,"texture":"#0"},"down":{"uv":[1.75,8.4375,1.625,8.5625],"tintindex":0,"rotation":0,"texture":"#0"}}},{"from":[7.3849998,7.4875,-1.0875006],"to":[8.615,8.5125,-0.0625],"faces":{"east":{"uv":[2.125,8.4375,2.25,8.5625],"tintindex":0,"rotation":0,"texture":"#0"},"south":{"uv":[2.25,8.4375,2.375,8.5625],"tintindex":0,"rotation":0,"texture":"#0"},"north":{"uv":[2.0,8.4375,2.125,8.5625],"tintindex":0,"rotation":0,"texture":"#0"},"west":{"uv":[2.375,8.4375,2.5,8.5625],"tintindex":0,"rotation":0,"texture":"#0"},"up":{"uv":[2.625,8.5625,2.5,8.4375],"tintindex":0,"rotation":0,"texture":"#0"},"down":{"uv":[2.75,8.4375,2.625,8.5625],"tintindex":0,"rotation":0,"texture":"#0"}}},{"from":[7.3849998,7.4875,3.0124998],"to":[8.615,8.5125,4.0374994],"faces":{"east":{"uv":[8.375,8.0,8.5,8.125],"tintindex":0,"rotation":0,"texture":"#0"},"south":{"uv":[8.125,8.375,8.25,8.5],"tintindex":0,"rotation":0,"texture":"#0"},"north":{"uv":[8.0,8.375,8.125,8.5],"tintindex":0,"rotation":0,"texture":"#0"},"west":{"uv":[0.0,8.4375,0.125,8.5625],"tintindex":0,"rotation":0,"texture":"#0"},"up":{"uv":[8.5625,0.125,8.4375,0.0],"tintindex":0,"rotation":0,"texture":"#0"},"down":{"uv":[0.25,8.4375,0.125,8.5625],"tintindex":0,"rotation":0,"texture":"#0"}}},{"from":[7.3849998,7.4875,5.0625],"to":[8.615,8.5125,6.0874996],"faces":{"east":{"uv":[0.5,8.4375,0.625,8.5625],"tintindex":0,"rotation":0,"texture":"#0"},"south":{"uv":[0.625,8.4375,0.75,8.5625],"tintindex":0,"rotation":0,"texture":"#0"},"north":{"uv":[0.375,8.4375,0.5,8.5625],"tintindex":0,"rotation":0,"texture":"#0"},"west":{"uv":[0.75,8.4375,0.875,8.5625],"tintindex":0,"rotation":0,"texture":"#0"},"up":{"uv":[1.0,8.5625,0.875,8.4375],"tintindex":0,"rotation":0,"texture":"#0"},"down":{"uv":[8.5625,0.875,8.4375,1.0],"tintindex":0,"rotation":0,"texture":"#0"}}},{"from":[7.3849998,7.4875,7.1124997],"to":[8.615,8.5125,8.1375],"faces":{"east":{"uv":[8.375,5.75,8.5,5.875],"tintindex":0,"rotation":0,"texture":"#0"},"south":{"uv":[8.375,5.875,8.5,6.0],"tintindex":0,"rotation":0,"texture":"#0"},"north":{"uv":[5.75,8.375,5.875,8.5],"tintindex":0,"rotation":0,"texture":"#0"},"west":{"uv":[6.6875,8.375,6.8125,8.5],"tintindex":0,"rotation":0,"texture":"#0"},"up":{"uv":[7.3125,8.5,7.1875,8.375],"tintindex":0,"rotation":0,"texture":"#0"},"down":{"uv":[7.4375,8.375,7.3125,8.5],"tintindex":0,"rotation":0,"texture":"#0"}}},{"from":[7.5899997,7.6925,-0.0625],"to":[8.41,8.3075,0.9624996],"faces":{"east":{"uv":[8.625,0.8125,8.75,0.875],"tintindex":0,"rotation":0,"texture":"#0"},"south":{"uv":[8.625,1.25,8.75,1.3125],"tintindex":0,"rotation":0,"texture":"#0"},"north":{"uv":[8.625,0.75,8.75,0.8125],"tintindex":0,"rotation":0,"texture":"#0"},"west":{"uv":[8.625,1.3125,8.75,1.375],"tintindex":0,"rotation":0,"texture":"#0"},"up":{"uv":[3.6875,8.5625,3.5625,8.4375],"tintindex":0,"rotation":0,"texture":"#0"},"down":{"uv":[3.8125,8.4375,3.6875,8.5625],"tintindex":0,"rotation":0,"texture":"#0"}}},{"from":[7.5899997,7.6925,-4.1125],"to":[8.41,8.3075,-3.0875006],"faces":{"east":{"uv":[8.625,0.5625,8.75,0.625],"tintindex":0,"rotation":0,"texture":"#0"},"south":{"uv":[8.625,0.625,8.75,0.6875],"tintindex":0,"rotation":0,"texture":"#0"},"north":{"uv":[8.625,0.5,8.75,0.5625],"tintindex":0,"rotation":0,"texture":"#0"},"west":{"uv":[8.625,0.6875,8.75,0.75],"tintindex":0,"rotation":0,"texture":"#0"},"up":{"uv":[1.875,8.5625,1.75,8.4375],"tintindex":0,"rotation":0,"texture":"#0"},"down":{"uv":[2.0,8.4375,1.875,8.5625],"tintindex":0,"rotation":0,"texture":"#0"}}},{"from":[7.5899997,7.6925,4.0374994],"to":[8.41,8.3075,5.0625],"faces":{"east":{"uv":[8.5625,8.25,8.6875,8.3125],"tintindex":0,"rotation":0,"texture":"#0"},"south":{"uv":[8.3125,8.5625,8.4375,8.625],"tintindex":0,"rotation":0,"texture":"#0"},"north":{"uv":[8.5625,8.1875,8.6875,8.25],"tintindex":0,"rotation":0,"texture":"#0"},"west":{"uv":[8.5625,8.3125,8.6875,8.375],"tintindex":0,"rotation":0,"texture":"#0"},"up":{"uv":[8.5625,0.25,8.4375,0.125],"tintindex":0,"rotation":0,"texture":"#0"},"down":{"uv":[0.375,8.4375,0.25,8.5625],"tintindex":0,"rotation":0,"texture":"#0"}}},{"from":[7.5899997,7.6925,6.0874996],"to":[8.41,8.3075,7.1124997],"faces":{"east":{"uv":[8.5625,7.625,8.6875,7.6875],"tintindex":0,"rotation":0,"texture":"#0"},"south":{"uv":[8.5625,7.6875,8.6875,7.75],"tintindex":0,"rotation":0,"texture":"#0"},"north":{"uv":[8.5625,7.5625,8.6875,7.625],"tintindex":0,"rotation":0,"texture":"#0"},"west":{"uv":[8.5625,7.75,8.6875,7.8125],"tintindex":0,"rotation":0,"texture":"#0"},"up":{"uv":[7.5625,8.5,7.4375,8.375],"tintindex":0,"rotation":0,"texture":"#0"},"down":{"uv":[7.6875,8.375,7.5625,8.5],"tintindex":0,"rotation":0,"texture":"#0"}}},{"from":[7.5899997,7.6925,1.9875002],"to":[8.41,8.3075,3.0124998],"faces":{"east":{"uv":[8.5625,7.8125,8.6875,7.875],"tintindex":0,"rotation":0,"texture":"#0"},"south":{"uv":[8.5625,8.125,8.6875,8.1875],"tintindex":0,"rotation":0,"texture":"#0"},"north":{"uv":[7.8125,8.5625,7.9375,8.625],"tintindex":0,"rotation":0,"texture":"#0"},"west":{"uv":[8.1875,8.5625,8.3125,8.625],"tintindex":0,"rotation":0,"texture":"#0"},"up":{"uv":[7.8125,8.5,7.6875,8.375],"tintindex":0,"rotation":0,"texture":"#0"},"down":{"uv":[8.5,7.875,8.375,8.0],"tintindex":0,"rotation":0,"texture":"#0"}}},{"from":[7.3849998,7.4875,-3.1374998],"to":[8.615,8.5125,-2.1125002],"faces":{"east":{"uv":[8.4375,1.0,8.5625,1.125],"tintindex":0,"rotation":0,"texture":"#0"},"south":{"uv":[1.125,8.4375,1.25,8.5625],"tintindex":0,"rotation":0,"texture":"#0"},"north":{"uv":[1.0,8.4375,1.125,8.5625],"tintindex":0,"rotation":0,"texture":"#0"},"west":{"uv":[8.4375,1.125,8.5625,1.25],"tintindex":0,"rotation":0,"texture":"#0"},"up":{"uv":[1.375,8.5625,1.25,8.4375],"tintindex":0,"rotation":0,"texture":"#0"},"down":{"uv":[1.5,8.4375,1.375,8.5625],"tintindex":0,"rotation":0,"texture":"#0"}}}],"display":{"gui":{"rotation":[30,225,0]}}}