{"textures":{"0":"modelengine:entity/goremane_virusg_gm"},"elements":[{"from":[7.3849998,7.4875,-1.0875006],"to":[8.615,8.5125,-0.0625],"faces":{"east":{"uv":[8.5,5.25,8.625,5.375],"tintindex":0,"rotation":0,"texture":"#0"},"south":{"uv":[8.5,5.375,8.625,5.5],"tintindex":0,"rotation":0,"texture":"#0"},"north":{"uv":[8.5,5.125,8.625,5.25],"tintindex":0,"rotation":0,"texture":"#0"},"west":{"uv":[8.5,5.5,8.625,5.625],"tintindex":0,"rotation":0,"texture":"#0"},"up":{"uv":[8.625,5.75,8.5,5.625],"tintindex":0,"rotation":0,"texture":"#0"},"down":{"uv":[5.875,8.5,5.75,8.625],"tintindex":0,"rotation":0,"texture":"#0"}}},{"from":[7.3849998,7.4875,0.9624996],"to":[8.615,8.5125,1.9875002],"faces":{"east":{"uv":[8.5,5.875,8.625,6.0],"tintindex":0,"rotation":0,"texture":"#0"},"south":{"uv":[6.625,8.5,6.75,8.625],"tintindex":0,"rotation":0,"texture":"#0"},"north":{"uv":[8.5,5.75,8.625,5.875],"tintindex":0,"rotation":0,"texture":"#0"},"west":{"uv":[7.1875,8.5,7.3125,8.625],"tintindex":0,"rotation":0,"texture":"#0"},"up":{"uv":[7.4375,8.625,7.3125,8.5],"tintindex":0,"rotation":0,"texture":"#0"},"down":{"uv":[7.5625,8.5,7.4375,8.625],"tintindex":0,"rotation":0,"texture":"#0"}}},{"from":[7.3849998,7.4875,-3.1374998],"to":[8.615,8.5125,-2.1125002],"faces":{"east":{"uv":[8.5,3.625,8.625,3.75],"tintindex":0,"rotation":0,"texture":"#0"},"south":{"uv":[8.5,3.75,8.625,3.875],"tintindex":0,"rotation":0,"texture":"#0"},"north":{"uv":[8.5,3.375,8.625,3.5],"tintindex":0,"rotation":0,"texture":"#0"},"west":{"uv":[8.5,3.875,8.625,4.0],"tintindex":0,"rotation":0,"texture":"#0"},"up":{"uv":[4.1875,8.625,4.0625,8.5],"tintindex":0,"rotation":0,"texture":"#0"},"down":{"uv":[4.3125,8.5,4.1875,8.625],"tintindex":0,"rotation":0,"texture":"#0"}}},{"from":[7.3849998,7.4875,7.1124997],"to":[8.615,8.5125,8.1375],"faces":{"east":{"uv":[8.5,0.25,8.625,0.375],"tintindex":0,"rotation":0,"texture":"#0"},"south":{"uv":[8.5,0.375,8.625,0.5],"tintindex":0,"rotation":0,"texture":"#0"},"north":{"uv":[8.375,8.4375,8.5,8.5625],"tintindex":0,"rotation":0,"texture":"#0"},"west":{"uv":[8.5,0.5,8.625,0.625],"tintindex":0,"rotation":0,"texture":"#0"},"up":{"uv":[8.625,0.75,8.5,0.625],"tintindex":0,"rotation":0,"texture":"#0"},"down":{"uv":[8.625,0.75,8.5,0.875],"tintindex":0,"rotation":0,"texture":"#0"}}},{"from":[7.5899997,7.6925,-2.1125002],"to":[8.41,8.3075,-1.0875006],"faces":{"east":{"uv":[8.625,3.4375,8.75,3.5],"tintindex":0,"rotation":0,"texture":"#0"},"south":{"uv":[8.625,3.625,8.75,3.6875],"tintindex":0,"rotation":0,"texture":"#0"},"north":{"uv":[8.625,3.375,8.75,3.4375],"tintindex":0,"rotation":0,"texture":"#0"},"west":{"uv":[8.625,3.6875,8.75,3.75],"tintindex":0,"rotation":0,"texture":"#0"},"up":{"uv":[8.625,4.375,8.5,4.25],"tintindex":0,"rotation":0,"texture":"#0"},"down":{"uv":[8.625,4.375,8.5,4.5],"tintindex":0,"rotation":0,"texture":"#0"}}},{"from":[7.5899997,7.6925,1.9875002],"to":[8.41,8.3075,3.0124998],"faces":{"east":{"uv":[8.625,3.0625,8.75,3.125],"tintindex":0,"rotation":0,"texture":"#0"},"south":{"uv":[8.625,3.125,8.75,3.1875],"tintindex":0,"rotation":0,"texture":"#0"},"north":{"uv":[8.625,3.0,8.75,3.0625],"tintindex":0,"rotation":0,"texture":"#0"},"west":{"uv":[8.625,3.1875,8.75,3.25],"tintindex":0,"rotation":0,"texture":"#0"},"up":{"uv":[8.625,1.625,8.5,1.5],"tintindex":0,"rotation":0,"texture":"#0"},"down":{"uv":[8.625,1.625,8.5,1.75],"tintindex":0,"rotation":0,"texture":"#0"}}},{"from":[7.5899997,7.6925,-0.0625],"to":[8.41,8.3075,0.9624996],"faces":{"east":{"uv":[4.125,8.625,4.25,8.6875],"tintindex":0,"rotation":0,"texture":"#0"},"south":{"uv":[8.625,4.25,8.75,4.3125],"tintindex":0,"rotation":0,"texture":"#0"},"north":{"uv":[4.0,8.625,4.125,8.6875],"tintindex":0,"rotation":0,"texture":"#0"},"west":{"uv":[8.625,4.3125,8.75,4.375],"tintindex":0,"rotation":0,"texture":"#0"},"up":{"uv":[7.6875,8.625,7.5625,8.5],"tintindex":0,"rotation":0,"texture":"#0"},"down":{"uv":[7.8125,8.5,7.6875,8.625],"tintindex":0,"rotation":0,"texture":"#0"}}},{"from":[7.3849998,7.4875,3.0124998],"to":[8.615,8.5125,4.0374994],"faces":{"east":{"uv":[8.5,1.875,8.625,2.0],"tintindex":0,"rotation":0,"texture":"#0"},"south":{"uv":[8.5,2.0,8.625,2.125],"tintindex":0,"rotation":0,"texture":"#0"},"north":{"uv":[8.5,1.75,8.625,1.875],"tintindex":0,"rotation":0,"texture":"#0"},"west":{"uv":[8.5,2.125,8.625,2.25],"tintindex":0,"rotation":0,"texture":"#0"},"up":{"uv":[8.625,2.375,8.5,2.25],"tintindex":0,"rotation":0,"texture":"#0"},"down":{"uv":[8.625,2.375,8.5,2.5],"tintindex":0,"rotation":0,"texture":"#0"}}},{"from":[7.5899997,7.6925,-4.1125],"to":[8.41,8.3075,-3.0875006],"faces":{"east":{"uv":[8.625,3.8125,8.75,3.875],"tintindex":0,"rotation":0,"texture":"#0"},"south":{"uv":[8.625,3.875,8.75,3.9375],"tintindex":0,"rotation":0,"texture":"#0"},"north":{"uv":[8.625,3.75,8.75,3.8125],"tintindex":0,"rotation":0,"texture":"#0"},"west":{"uv":[8.625,3.9375,8.75,4.0],"tintindex":0,"rotation":0,"texture":"#0"},"up":{"uv":[8.625,4.625,8.5,4.5],"tintindex":0,"rotation":0,"texture":"#0"},"down":{"uv":[8.625,5.0,8.5,5.125],"tintindex":0,"rotation":0,"texture":"#0"}}},{"from":[7.5899997,7.6925,6.0874996],"to":[8.41,8.3075,7.1124997],"faces":{"east":{"uv":[8.625,2.8125,8.75,2.875],"tintindex":0,"rotation":0,"texture":"#0"},"south":{"uv":[8.625,2.875,8.75,2.9375],"tintindex":0,"rotation":0,"texture":"#0"},"north":{"uv":[8.625,2.75,8.75,2.8125],"tintindex":0,"rotation":0,"texture":"#0"},"west":{"uv":[8.625,2.9375,8.75,3.0],"tintindex":0,"rotation":0,"texture":"#0"},"up":{"uv":[8.625,1.375,8.5,1.25],"tintindex":0,"rotation":0,"texture":"#0"},"down":{"uv":[8.625,1.375,8.5,1.5],"tintindex":0,"rotation":0,"texture":"#0"}}},{"from":[7.5899997,7.6925,4.0374994],"to":[8.41,8.3075,5.0625],"faces":{"east":{"uv":[8.625,3.25,8.75,3.3125],"tintindex":0,"rotation":0,"texture":"#0"},"south":{"uv":[8.625,3.3125,8.75,3.375],"tintindex":0,"rotation":0,"texture":"#0"},"north":{"uv":[3.25,8.625,3.375,8.6875],"tintindex":0,"rotation":0,"texture":"#0"},"west":{"uv":[3.375,8.625,3.5,8.6875],"tintindex":0,"rotation":0,"texture":"#0"},"up":{"uv":[8.625,2.625,8.5,2.5],"tintindex":0,"rotation":0,"texture":"#0"},"down":{"uv":[8.625,2.75,8.5,2.875],"tintindex":0,"rotation":0,"texture":"#0"}}},{"from":[7.3849998,7.4875,5.0625],"to":[8.615,8.5125,6.0874996],"faces":{"east":{"uv":[8.5,3.0,8.625,3.125],"tintindex":0,"rotation":0,"texture":"#0"},"south":{"uv":[8.5,3.125,8.625,3.25],"tintindex":0,"rotation":0,"texture":"#0"},"north":{"uv":[8.5,2.875,8.625,3.0],"tintindex":0,"rotation":0,"texture":"#0"},"west":{"uv":[3.25,8.5,3.375,8.625],"tintindex":0,"rotation":0,"texture":"#0"},"up":{"uv":[8.625,3.375,8.5,3.25],"tintindex":0,"rotation":0,"texture":"#0"},"down":{"uv":[3.5,8.5,3.375,8.625],"tintindex":0,"rotation":0,"texture":"#0"}}}],"display":{"gui":{"rotation":[30,225,0]}}}