{"textures":{"0":"modelengine:entity/goremane_virusg_gm"},"elements":[{"from":[4.175,-4.0,5.0],"to":[12.175,8.0,11.0],"faces":{"east":{"uv":[6.875,6.0625,7.25,6.8125],"tintindex":0,"rotation":0,"texture":"#0"},"south":{"uv":[5.6875,0.0,6.1875,0.75],"tintindex":0,"rotation":0,"texture":"#0"},"north":{"uv":[5.625,3.0625,6.125,3.8125],"tintindex":0,"rotation":0,"texture":"#0"},"west":{"uv":[6.4375,6.875,6.8125,7.625],"tintindex":0,"rotation":0,"texture":"#0"},"up":{"uv":[7.6875,4.375,7.1875,4.0],"tintindex":0,"rotation":0,"texture":"#0"},"down":{"uv":[7.6875,4.375,7.1875,4.75],"tintindex":0,"rotation":0,"texture":"#0"}}},{"from":[9.275,-3.37,1.6999998],"to":[12.635,-1.2700005,5.9],"faces":{"east":{"uv":[3.75,8.0625,4.0,8.1875],"tintindex":0,"rotation":0,"texture":"#0"},"south":{"uv":[8.1875,5.625,8.375,5.75],"tintindex":0,"rotation":0,"texture":"#0"},"north":{"uv":[5.5625,8.1875,5.75,8.3125],"tintindex":0,"rotation":0,"texture":"#0"},"west":{"uv":[4.0,8.0625,4.25,8.1875],"tintindex":0,"rotation":0,"texture":"#0"},"up":{"uv":[6.3125,8.1875,6.125,7.9375],"tintindex":0,"rotation":0,"texture":"#0"},"down":{"uv":[8.125,6.25,7.9375,6.5],"tintindex":0,"rotation":0,"texture":"#0"}}},{"from":[9.695,-3.79,-1.4499998],"to":[12.215,-1.6900005,2.75],"faces":{"east":{"uv":[7.5,8.0625,7.75,8.1875],"tintindex":0,"rotation":0,"texture":"#0"},"south":{"uv":[7.0625,8.1875,7.25,8.3125],"tintindex":0,"rotation":0,"texture":"#0"},"north":{"uv":[6.875,8.1875,7.0625,8.3125],"tintindex":0,"rotation":0,"texture":"#0"},"west":{"uv":[8.0625,7.8125,8.3125,7.9375],"tintindex":0,"rotation":0,"texture":"#0"},"up":{"uv":[7.25,8.1875,7.0625,7.9375],"tintindex":0,"rotation":0,"texture":"#0"},"down":{"uv":[8.125,7.5625,7.9375,7.8125],"tintindex":0,"rotation":0,"texture":"#0"}},"rotation":{"origin":[3.29,-2.3199997,-0.39999962],"angle":-22.5,"axis":"x"}},{"from":[4.4449997,-3.37,1.6999998],"to":[7.8050003,-1.2700005,5.9],"faces":{"east":{"uv":[5.0625,8.0625,5.3125,8.1875],"tintindex":0,"rotation":0,"texture":"#0"},"south":{"uv":[6.125,8.1875,6.3125,8.3125],"tintindex":0,"rotation":0,"texture":"#0"},"north":{"uv":[5.9375,8.1875,6.125,8.3125],"tintindex":0,"rotation":0,"texture":"#0"},"west":{"uv":[5.3125,8.0625,5.5625,8.1875],"tintindex":0,"rotation":0,"texture":"#0"},"up":{"uv":[6.5,8.1875,6.3125,7.9375],"tintindex":0,"rotation":0,"texture":"#0"},"down":{"uv":[8.125,6.5,7.9375,6.75],"tintindex":0,"rotation":0,"texture":"#0"}}},{"from":[4.865,-3.79,-1.4499998],"to":[7.385,-1.6900005,2.75],"faces":{"east":{"uv":[6.5,8.0625,6.75,8.1875],"tintindex":0,"rotation":0,"texture":"#0"},"south":{"uv":[6.5,8.1875,6.6875,8.3125],"tintindex":0,"rotation":0,"texture":"#0"},"north":{"uv":[6.3125,8.1875,6.5,8.3125],"tintindex":0,"rotation":0,"texture":"#0"},"west":{"uv":[7.25,8.0625,7.5,8.1875],"tintindex":0,"rotation":0,"texture":"#0"},"up":{"uv":[8.125,7.0,7.9375,6.75],"tintindex":0,"rotation":0,"texture":"#0"},"down":{"uv":[7.0625,7.9375,6.875,8.1875],"tintindex":0,"rotation":0,"texture":"#0"}},"rotation":{"origin":[3.29,-2.3199997,-0.39999962],"angle":-22.5,"axis":"x"}}],"display":{"gui":{"rotation":[30,225,0]}}}