{"textures":{"0":"modelengine:entity/goremane_virusg_gm"},"elements":[{"from":[7.1799994,7.385,-8.424999],"to":[8.82,8.615,-6.375],"faces":{"east":{"uv":[8.5625,7.375,8.6875,7.4375],"tintindex":0,"rotation":0,"texture":"#0"},"south":{"uv":[8.5625,7.4375,8.6875,7.5],"tintindex":0,"rotation":0,"texture":"#0"},"north":{"uv":[8.5625,7.3125,8.6875,7.375],"tintindex":0,"rotation":0,"texture":"#0"},"west":{"uv":[8.5625,7.5,8.6875,7.5625],"tintindex":0,"rotation":0,"texture":"#0"},"up":{"uv":[8.5,5.625,8.375,5.5],"tintindex":0,"rotation":0,"texture":"#0"},"down":{"uv":[8.5,5.625,8.375,5.75],"tintindex":0,"rotation":0,"texture":"#0"}}},{"from":[7.1799994,7.385,3.875],"to":[8.82,8.615,5.925003],"faces":{"east":{"uv":[8.5625,6.5625,8.6875,6.625],"tintindex":0,"rotation":0,"texture":"#0"},"south":{"uv":[8.5625,6.625,8.6875,6.6875],"tintindex":0,"rotation":0,"texture":"#0"},"north":{"uv":[8.5625,6.5,8.6875,6.5625],"tintindex":0,"rotation":0,"texture":"#0"},"west":{"uv":[8.5625,6.6875,8.6875,6.75],"tintindex":0,"rotation":0,"texture":"#0"},"up":{"uv":[8.4375,8.3125,8.3125,8.1875],"tintindex":0,"rotation":0,"texture":"#0"},"down":{"uv":[8.4375,8.3125,8.3125,8.4375],"tintindex":0,"rotation":0,"texture":"#0"}}},{"from":[7.1799994,7.385,-4.324997],"to":[8.82,8.615,-2.2749977],"faces":{"east":{"uv":[8.5625,6.75,8.6875,6.8125],"tintindex":0,"rotation":0,"texture":"#0"},"south":{"uv":[8.5625,6.8125,8.6875,6.875],"tintindex":0,"rotation":0,"texture":"#0"},"north":{"uv":[6.75,8.5625,6.875,8.625],"tintindex":0,"rotation":0,"texture":"#0"},"west":{"uv":[6.875,8.5625,7.0,8.625],"tintindex":0,"rotation":0,"texture":"#0"},"up":{"uv":[8.5,0.375,8.375,0.25],"tintindex":0,"rotation":0,"texture":"#0"},"down":{"uv":[8.5,0.375,8.375,0.5],"tintindex":0,"rotation":0,"texture":"#0"}}},{"from":[6.7699995,6.9750004,1.8250008],"to":[9.23,9.025,3.875],"faces":{"east":{"uv":[8.375,2.0,8.5,2.125],"tintindex":0,"rotation":0,"texture":"#0"},"south":{"uv":[8.375,2.125,8.5,2.25],"tintindex":0,"rotation":0,"texture":"#0"},"north":{"uv":[8.375,1.875,8.5,2.0],"tintindex":0,"rotation":0,"texture":"#0"},"west":{"uv":[8.375,2.25,8.5,2.375],"tintindex":0,"rotation":0,"texture":"#0"},"up":{"uv":[8.5,2.5,8.375,2.375],"tintindex":0,"rotation":0,"texture":"#0"},"down":{"uv":[8.5,2.5,8.375,2.625],"tintindex":0,"rotation":0,"texture":"#0"}}},{"from":[6.7699995,6.9750004,-14.574997],"to":[9.23,9.025,-12.524998],"faces":{"east":{"uv":[8.375,2.875,8.5,3.0],"tintindex":0,"rotation":0,"texture":"#0"},"south":{"uv":[8.375,3.0,8.5,3.125],"tintindex":0,"rotation":0,"texture":"#0"},"north":{"uv":[8.375,2.75,8.5,2.875],"tintindex":0,"rotation":0,"texture":"#0"},"west":{"uv":[8.375,3.125,8.5,3.25],"tintindex":0,"rotation":0,"texture":"#0"},"up":{"uv":[8.5,3.375,8.375,3.25],"tintindex":0,"rotation":0,"texture":"#0"},"down":{"uv":[3.4375,8.375,3.3125,8.5],"tintindex":0,"rotation":0,"texture":"#0"}}},{"from":[6.7699995,6.9750004,-6.375],"to":[9.23,9.025,-4.324997],"faces":{"east":{"uv":[8.375,4.5,8.5,4.625],"tintindex":0,"rotation":0,"texture":"#0"},"south":{"uv":[8.375,5.0,8.5,5.125],"tintindex":0,"rotation":0,"texture":"#0"},"north":{"uv":[8.375,4.375,8.5,4.5],"tintindex":0,"rotation":0,"texture":"#0"},"west":{"uv":[8.375,5.125,8.5,5.25],"tintindex":0,"rotation":0,"texture":"#0"},"up":{"uv":[8.5,5.375,8.375,5.25],"tintindex":0,"rotation":0,"texture":"#0"},"down":{"uv":[8.5,5.375,8.375,5.5],"tintindex":0,"rotation":0,"texture":"#0"}}},{"from":[7.1799994,7.385,-12.524998],"to":[8.82,8.615,-10.474998],"faces":{"east":{"uv":[8.5625,7.125,8.6875,7.1875],"tintindex":0,"rotation":0,"texture":"#0"},"south":{"uv":[8.5625,7.1875,8.6875,7.25],"tintindex":0,"rotation":0,"texture":"#0"},"north":{"uv":[8.5625,7.0625,8.6875,7.125],"tintindex":0,"rotation":0,"texture":"#0"},"west":{"uv":[8.5625,7.25,8.6875,7.3125],"tintindex":0,"rotation":0,"texture":"#0"},"up":{"uv":[8.5,3.5,8.375,3.375],"tintindex":0,"rotation":0,"texture":"#0"},"down":{"uv":[3.5625,8.375,3.4375,8.5],"tintindex":0,"rotation":0,"texture":"#0"}}},{"from":[6.7699995,6.9750004,-2.2749977],"to":[9.23,9.025,-0.22499847],"faces":{"east":{"uv":[8.375,0.625,8.5,0.75],"tintindex":0,"rotation":0,"texture":"#0"},"south":{"uv":[8.375,0.75,8.5,0.875],"tintindex":0,"rotation":0,"texture":"#0"},"north":{"uv":[8.375,0.5,8.5,0.625],"tintindex":0,"rotation":0,"texture":"#0"},"west":{"uv":[8.375,1.25,8.5,1.375],"tintindex":0,"rotation":0,"texture":"#0"},"up":{"uv":[8.5,1.5,8.375,1.375],"tintindex":0,"rotation":0,"texture":"#0"},"down":{"uv":[8.5,1.5,8.375,1.625],"tintindex":0,"rotation":0,"texture":"#0"}}},{"from":[6.7699995,6.9750004,-10.474998],"to":[9.23,9.025,-8.424999],"faces":{"east":{"uv":[8.375,3.75,8.5,3.875],"tintindex":0,"rotation":0,"texture":"#0"},"south":{"uv":[8.375,3.875,8.5,4.0],"tintindex":0,"rotation":0,"texture":"#0"},"north":{"uv":[8.375,3.625,8.5,3.75],"tintindex":0,"rotation":0,"texture":"#0"},"west":{"uv":[4.125,8.375,4.25,8.5],"tintindex":0,"rotation":0,"texture":"#0"},"up":{"uv":[4.375,8.5,4.25,8.375],"tintindex":0,"rotation":0,"texture":"#0"},"down":{"uv":[8.5,4.25,8.375,4.375],"tintindex":0,"rotation":0,"texture":"#0"}}},{"from":[6.7699995,6.9750004,5.925003],"to":[9.23,9.025,7.9750023],"faces":{"east":{"uv":[8.3125,7.375,8.4375,7.5],"tintindex":0,"rotation":0,"texture":"#0"},"south":{"uv":[8.3125,7.5,8.4375,7.625],"tintindex":0,"rotation":0,"texture":"#0"},"north":{"uv":[8.3125,7.25,8.4375,7.375],"tintindex":0,"rotation":0,"texture":"#0"},"west":{"uv":[8.3125,7.625,8.4375,7.75],"tintindex":0,"rotation":0,"texture":"#0"},"up":{"uv":[8.4375,7.875,8.3125,7.75],"tintindex":0,"rotation":0,"texture":"#0"},"down":{"uv":[8.0,8.3125,7.875,8.4375],"tintindex":0,"rotation":0,"texture":"#0"}}},{"from":[7.1799994,7.385,-0.22499847],"to":[8.82,8.615,1.8250008],"faces":{"east":{"uv":[8.5625,6.9375,8.6875,7.0],"tintindex":0,"rotation":0,"texture":"#0"},"south":{"uv":[7.0,8.5625,7.125,8.625],"tintindex":0,"rotation":0,"texture":"#0"},"north":{"uv":[8.5625,6.875,8.6875,6.9375],"tintindex":0,"rotation":0,"texture":"#0"},"west":{"uv":[8.5625,7.0,8.6875,7.0625],"tintindex":0,"rotation":0,"texture":"#0"},"up":{"uv":[8.5,1.75,8.375,1.625],"tintindex":0,"rotation":0,"texture":"#0"},"down":{"uv":[8.5,1.75,8.375,1.875],"tintindex":0,"rotation":0,"texture":"#0"}}}],"display":{"gui":{"rotation":[30,225,0]}}}