{"textures":{"0":"modelengine:entity/goremane_virusg_gm"},"elements":[{"from":[7.1799994,7.385,3.875],"to":[8.82,8.615,5.925003],"faces":{"east":{"uv":[8.625,1.4375,8.75,1.5],"tintindex":0,"rotation":0,"texture":"#0"},"south":{"uv":[8.625,1.5,8.75,1.5625],"tintindex":0,"rotation":0,"texture":"#0"},"north":{"uv":[8.625,1.375,8.75,1.4375],"tintindex":0,"rotation":0,"texture":"#0"},"west":{"uv":[8.625,1.5625,8.75,1.625],"tintindex":0,"rotation":0,"texture":"#0"},"up":{"uv":[4.75,8.5625,4.625,8.4375],"tintindex":0,"rotation":0,"texture":"#0"},"down":{"uv":[8.5625,4.625,8.4375,4.75],"tintindex":0,"rotation":0,"texture":"#0"}}},{"from":[6.7699995,6.9750004,-2.2749977],"to":[9.23,9.025,-0.22499847],"faces":{"east":{"uv":[8.4375,4.875,8.5625,5.0],"tintindex":0,"rotation":0,"texture":"#0"},"south":{"uv":[5.0,8.4375,5.125,8.5625],"tintindex":0,"rotation":0,"texture":"#0"},"north":{"uv":[4.875,8.4375,5.0,8.5625],"tintindex":0,"rotation":0,"texture":"#0"},"west":{"uv":[5.125,8.4375,5.25,8.5625],"tintindex":0,"rotation":0,"texture":"#0"},"up":{"uv":[5.375,8.5625,5.25,8.4375],"tintindex":0,"rotation":0,"texture":"#0"},"down":{"uv":[5.5,8.4375,5.375,8.5625],"tintindex":0,"rotation":0,"texture":"#0"}}},{"from":[7.1799994,7.385,-0.22499847],"to":[8.82,8.615,1.8250008],"faces":{"east":{"uv":[8.625,1.9375,8.75,2.0],"tintindex":0,"rotation":0,"texture":"#0"},"south":{"uv":[8.625,2.0,8.75,2.0625],"tintindex":0,"rotation":0,"texture":"#0"},"north":{"uv":[8.625,1.875,8.75,1.9375],"tintindex":0,"rotation":0,"texture":"#0"},"west":{"uv":[8.625,2.0625,8.75,2.125],"tintindex":0,"rotation":0,"texture":"#0"},"up":{"uv":[5.625,8.5625,5.5,8.4375],"tintindex":0,"rotation":0,"texture":"#0"},"down":{"uv":[5.75,8.4375,5.625,8.5625],"tintindex":0,"rotation":0,"texture":"#0"}}},{"from":[6.7699995,6.9750004,1.8250008],"to":[9.23,9.025,3.875],"faces":{"east":{"uv":[6.0,8.4375,6.125,8.5625],"tintindex":0,"rotation":0,"texture":"#0"},"south":{"uv":[8.4375,6.0,8.5625,6.125],"tintindex":0,"rotation":0,"texture":"#0"},"north":{"uv":[5.875,8.4375,6.0,8.5625],"tintindex":0,"rotation":0,"texture":"#0"},"west":{"uv":[6.125,8.4375,6.25,8.5625],"tintindex":0,"rotation":0,"texture":"#0"},"up":{"uv":[8.5625,6.25,8.4375,6.125],"tintindex":0,"rotation":0,"texture":"#0"},"down":{"uv":[6.375,8.4375,6.25,8.5625],"tintindex":0,"rotation":0,"texture":"#0"}}},{"from":[6.7699995,6.9750004,5.925003],"to":[9.23,9.025,7.9750023],"faces":{"east":{"uv":[3.9375,8.4375,4.0625,8.5625],"tintindex":0,"rotation":0,"texture":"#0"},"south":{"uv":[8.4375,4.0,8.5625,4.125],"tintindex":0,"rotation":0,"texture":"#0"},"north":{"uv":[3.8125,8.4375,3.9375,8.5625],"tintindex":0,"rotation":0,"texture":"#0"},"west":{"uv":[8.4375,4.125,8.5625,4.25],"tintindex":0,"rotation":0,"texture":"#0"},"up":{"uv":[4.5,8.5625,4.375,8.4375],"tintindex":0,"rotation":0,"texture":"#0"},"down":{"uv":[4.625,8.4375,4.5,8.5625],"tintindex":0,"rotation":0,"texture":"#0"}}},{"from":[6.7699995,6.9750004,-6.375],"to":[9.23,9.025,-4.324997],"faces":{"east":{"uv":[8.4375,7.5,8.5625,7.625],"tintindex":0,"rotation":0,"texture":"#0"},"south":{"uv":[8.4375,7.625,8.5625,7.75],"tintindex":0,"rotation":0,"texture":"#0"},"north":{"uv":[8.4375,7.375,8.5625,7.5],"tintindex":0,"rotation":0,"texture":"#0"},"west":{"uv":[8.4375,7.75,8.5625,7.875],"tintindex":0,"rotation":0,"texture":"#0"},"up":{"uv":[7.9375,8.5625,7.8125,8.4375],"tintindex":0,"rotation":0,"texture":"#0"},"down":{"uv":[8.5625,8.125,8.4375,8.25],"tintindex":0,"rotation":0,"texture":"#0"}}},{"from":[6.7699995,6.9750004,-14.574997],"to":[9.23,9.025,-12.524998],"faces":{"east":{"uv":[6.375,8.4375,6.5,8.5625],"tintindex":0,"rotation":0,"texture":"#0"},"south":{"uv":[8.4375,6.375,8.5625,6.5],"tintindex":0,"rotation":0,"texture":"#0"},"north":{"uv":[8.4375,6.25,8.5625,6.375],"tintindex":0,"rotation":0,"texture":"#0"},"west":{"uv":[6.5,8.4375,6.625,8.5625],"tintindex":0,"rotation":0,"texture":"#0"},"up":{"uv":[8.5625,6.625,8.4375,6.5],"tintindex":0,"rotation":0,"texture":"#0"},"down":{"uv":[8.5625,6.625,8.4375,6.75],"tintindex":0,"rotation":0,"texture":"#0"}}},{"from":[7.1799994,7.385,-12.524998],"to":[8.82,8.615,-10.474998],"faces":{"east":{"uv":[8.625,2.1875,8.75,2.25],"tintindex":0,"rotation":0,"texture":"#0"},"south":{"uv":[8.625,2.25,8.75,2.3125],"tintindex":0,"rotation":0,"texture":"#0"},"north":{"uv":[8.625,2.125,8.75,2.1875],"tintindex":0,"rotation":0,"texture":"#0"},"west":{"uv":[8.625,2.3125,8.75,2.375],"tintindex":0,"rotation":0,"texture":"#0"},"up":{"uv":[8.5625,6.875,8.4375,6.75],"tintindex":0,"rotation":0,"texture":"#0"},"down":{"uv":[6.9375,8.4375,6.8125,8.5625],"tintindex":0,"rotation":0,"texture":"#0"}}},{"from":[7.1799994,7.385,-4.324997],"to":[8.82,8.615,-2.2749977],"faces":{"east":{"uv":[8.625,1.6875,8.75,1.75],"tintindex":0,"rotation":0,"texture":"#0"},"south":{"uv":[8.625,1.75,8.75,1.8125],"tintindex":0,"rotation":0,"texture":"#0"},"north":{"uv":[8.625,1.625,8.75,1.6875],"tintindex":0,"rotation":0,"texture":"#0"},"west":{"uv":[8.625,1.8125,8.75,1.875],"tintindex":0,"rotation":0,"texture":"#0"},"up":{"uv":[4.875,8.5625,4.75,8.4375],"tintindex":0,"rotation":0,"texture":"#0"},"down":{"uv":[8.5625,4.75,8.4375,4.875],"tintindex":0,"rotation":0,"texture":"#0"}}},{"from":[7.1799994,7.385,-8.424999],"to":[8.82,8.615,-6.375],"faces":{"east":{"uv":[8.625,2.4375,8.75,2.5],"tintindex":0,"rotation":0,"texture":"#0"},"south":{"uv":[8.625,2.5,8.75,2.5625],"tintindex":0,"rotation":0,"texture":"#0"},"north":{"uv":[8.625,2.375,8.75,2.4375],"tintindex":0,"rotation":0,"texture":"#0"},"west":{"uv":[8.625,2.5625,8.75,2.625],"tintindex":0,"rotation":0,"texture":"#0"},"up":{"uv":[8.375,8.5625,8.25,8.4375],"tintindex":0,"rotation":0,"texture":"#0"},"down":{"uv":[8.5625,8.25,8.4375,8.375],"tintindex":0,"rotation":0,"texture":"#0"}}},{"from":[6.7699995,6.9750004,-10.474998],"to":[9.23,9.025,-8.424999],"faces":{"east":{"uv":[6.9375,8.4375,7.0625,8.5625],"tintindex":0,"rotation":0,"texture":"#0"},"south":{"uv":[8.4375,7.0,8.5625,7.125],"tintindex":0,"rotation":0,"texture":"#0"},"north":{"uv":[8.4375,6.875,8.5625,7.0],"tintindex":0,"rotation":0,"texture":"#0"},"west":{"uv":[7.0625,8.4375,7.1875,8.5625],"tintindex":0,"rotation":0,"texture":"#0"},"up":{"uv":[8.5625,7.25,8.4375,7.125],"tintindex":0,"rotation":0,"texture":"#0"},"down":{"uv":[8.5625,7.25,8.4375,7.375],"tintindex":0,"rotation":0,"texture":"#0"}}}],"display":{"gui":{"rotation":[30,225,0]}}}