{"textures":{"0":"modelengine:entity/goremane_virusg_gm"},"elements":[{"from":[7.1799994,7.385,-12.524998],"to":[8.82,8.615,-10.474998],"faces":{"east":{"uv":[5.1875,8.625,5.3125,8.6875],"tintindex":0,"rotation":0,"texture":"#0"},"south":{"uv":[8.625,5.1875,8.75,5.25],"tintindex":0,"rotation":0,"texture":"#0"},"north":{"uv":[8.625,5.125,8.75,5.1875],"tintindex":0,"rotation":0,"texture":"#0"},"west":{"uv":[8.625,5.25,8.75,5.3125],"tintindex":0,"rotation":0,"texture":"#0"},"up":{"uv":[2.5,8.6875,2.375,8.5625],"tintindex":0,"rotation":0,"texture":"#0"},"down":{"uv":[2.625,8.5625,2.5,8.6875],"tintindex":0,"rotation":0,"texture":"#0"}}},{"from":[6.7699995,6.9750004,-10.474998],"to":[9.23,9.025,-8.424999],"faces":{"east":{"uv":[8.5625,2.625,8.6875,2.75],"tintindex":0,"rotation":0,"texture":"#0"},"south":{"uv":[2.75,8.5625,2.875,8.6875],"tintindex":0,"rotation":0,"texture":"#0"},"north":{"uv":[2.625,8.5625,2.75,8.6875],"tintindex":0,"rotation":0,"texture":"#0"},"west":{"uv":[2.875,8.5625,3.0,8.6875],"tintindex":0,"rotation":0,"texture":"#0"},"up":{"uv":[3.125,8.6875,3.0,8.5625],"tintindex":0,"rotation":0,"texture":"#0"},"down":{"uv":[3.25,8.5625,3.125,8.6875],"tintindex":0,"rotation":0,"texture":"#0"}}},{"from":[6.7699995,6.9750004,1.8250008],"to":[9.23,9.025,3.875],"faces":{"east":{"uv":[1.125,8.5625,1.25,8.6875],"tintindex":0,"rotation":0,"texture":"#0"},"south":{"uv":[8.5625,1.125,8.6875,1.25],"tintindex":0,"rotation":0,"texture":"#0"},"north":{"uv":[8.5625,1.0,8.6875,1.125],"tintindex":0,"rotation":0,"texture":"#0"},"west":{"uv":[1.25,8.5625,1.375,8.6875],"tintindex":0,"rotation":0,"texture":"#0"},"up":{"uv":[1.5,8.6875,1.375,8.5625],"tintindex":0,"rotation":0,"texture":"#0"},"down":{"uv":[1.625,8.5625,1.5,8.6875],"tintindex":0,"rotation":0,"texture":"#0"}}},{"from":[7.1799994,7.385,3.875],"to":[8.82,8.615,5.925003],"faces":{"east":{"uv":[4.4375,8.625,4.5625,8.6875],"tintindex":0,"rotation":0,"texture":"#0"},"south":{"uv":[8.625,4.4375,8.75,4.5],"tintindex":0,"rotation":0,"texture":"#0"},"north":{"uv":[8.625,4.375,8.75,4.4375],"tintindex":0,"rotation":0,"texture":"#0"},"west":{"uv":[8.625,4.5,8.75,4.5625],"tintindex":0,"rotation":0,"texture":"#0"},"up":{"uv":[0.125,8.6875,0.0,8.5625],"tintindex":0,"rotation":0,"texture":"#0"},"down":{"uv":[8.6875,0.0,8.5625,0.125],"tintindex":0,"rotation":0,"texture":"#0"}}},{"from":[6.7699995,6.9750004,-2.2749977],"to":[9.23,9.025,-0.22499847],"faces":{"east":{"uv":[0.375,8.5625,0.5,8.6875],"tintindex":0,"rotation":0,"texture":"#0"},"south":{"uv":[0.5,8.5625,0.625,8.6875],"tintindex":0,"rotation":0,"texture":"#0"},"north":{"uv":[0.25,8.5625,0.375,8.6875],"tintindex":0,"rotation":0,"texture":"#0"},"west":{"uv":[0.625,8.5625,0.75,8.6875],"tintindex":0,"rotation":0,"texture":"#0"},"up":{"uv":[0.875,8.6875,0.75,8.5625],"tintindex":0,"rotation":0,"texture":"#0"},"down":{"uv":[1.0,8.5625,0.875,8.6875],"tintindex":0,"rotation":0,"texture":"#0"}}},{"from":[6.7699995,6.9750004,-14.574997],"to":[9.23,9.025,-12.524998],"faces":{"east":{"uv":[1.75,8.5625,1.875,8.6875],"tintindex":0,"rotation":0,"texture":"#0"},"south":{"uv":[1.875,8.5625,2.0,8.6875],"tintindex":0,"rotation":0,"texture":"#0"},"north":{"uv":[1.625,8.5625,1.75,8.6875],"tintindex":0,"rotation":0,"texture":"#0"},"west":{"uv":[2.0,8.5625,2.125,8.6875],"tintindex":0,"rotation":0,"texture":"#0"},"up":{"uv":[2.25,8.6875,2.125,8.5625],"tintindex":0,"rotation":0,"texture":"#0"},"down":{"uv":[2.375,8.5625,2.25,8.6875],"tintindex":0,"rotation":0,"texture":"#0"}}},{"from":[7.1799994,7.385,-8.424999],"to":[8.82,8.615,-6.375],"faces":{"east":{"uv":[8.625,5.3125,8.75,5.375],"tintindex":0,"rotation":0,"texture":"#0"},"south":{"uv":[8.625,5.375,8.75,5.4375],"tintindex":0,"rotation":0,"texture":"#0"},"north":{"uv":[5.3125,8.625,5.4375,8.6875],"tintindex":0,"rotation":0,"texture":"#0"},"west":{"uv":[5.4375,8.625,5.5625,8.6875],"tintindex":0,"rotation":0,"texture":"#0"},"up":{"uv":[8.6875,4.25,8.5625,4.125],"tintindex":0,"rotation":0,"texture":"#0"},"down":{"uv":[4.4375,8.5625,4.3125,8.6875],"tintindex":0,"rotation":0,"texture":"#0"}}},{"from":[6.7699995,6.9750004,-6.375],"to":[9.23,9.025,-4.324997],"faces":{"east":{"uv":[8.5625,3.5,8.6875,3.625],"tintindex":0,"rotation":0,"texture":"#0"},"south":{"uv":[3.625,8.5625,3.75,8.6875],"tintindex":0,"rotation":0,"texture":"#0"},"north":{"uv":[3.5,8.5625,3.625,8.6875],"tintindex":0,"rotation":0,"texture":"#0"},"west":{"uv":[3.75,8.5625,3.875,8.6875],"tintindex":0,"rotation":0,"texture":"#0"},"up":{"uv":[4.0,8.6875,3.875,8.5625],"tintindex":0,"rotation":0,"texture":"#0"},"down":{"uv":[8.6875,4.0,8.5625,4.125],"tintindex":0,"rotation":0,"texture":"#0"}}},{"from":[7.1799994,7.385,-4.324997],"to":[8.82,8.615,-2.2749977],"faces":{"east":{"uv":[8.625,4.5625,8.75,4.625],"tintindex":0,"rotation":0,"texture":"#0"},"south":{"uv":[4.6875,8.625,4.8125,8.6875],"tintindex":0,"rotation":0,"texture":"#0"},"north":{"uv":[4.5625,8.625,4.6875,8.6875],"tintindex":0,"rotation":0,"texture":"#0"},"west":{"uv":[4.8125,8.625,4.9375,8.6875],"tintindex":0,"rotation":0,"texture":"#0"},"up":{"uv":[0.25,8.6875,0.125,8.5625],"tintindex":0,"rotation":0,"texture":"#0"},"down":{"uv":[8.6875,0.125,8.5625,0.25],"tintindex":0,"rotation":0,"texture":"#0"}}},{"from":[7.1799994,7.385,-0.22499847],"to":[8.82,8.615,1.8250008],"faces":{"east":{"uv":[8.625,5.0,8.75,5.0625],"tintindex":0,"rotation":0,"texture":"#0"},"south":{"uv":[5.0625,8.625,5.1875,8.6875],"tintindex":0,"rotation":0,"texture":"#0"},"north":{"uv":[4.9375,8.625,5.0625,8.6875],"tintindex":0,"rotation":0,"texture":"#0"},"west":{"uv":[8.625,5.0625,8.75,5.125],"tintindex":0,"rotation":0,"texture":"#0"},"up":{"uv":[8.6875,1.0,8.5625,0.875],"tintindex":0,"rotation":0,"texture":"#0"},"down":{"uv":[1.125,8.5625,1.0,8.6875],"tintindex":0,"rotation":0,"texture":"#0"}}},{"from":[6.7699995,6.9750004,5.925003],"to":[9.23,9.025,7.9750023],"faces":{"east":{"uv":[7.9375,8.5,8.0625,8.625],"tintindex":0,"rotation":0,"texture":"#0"},"south":{"uv":[8.5,8.0,8.625,8.125],"tintindex":0,"rotation":0,"texture":"#0"},"north":{"uv":[8.5,7.875,8.625,8.0],"tintindex":0,"rotation":0,"texture":"#0"},"west":{"uv":[8.0625,8.5,8.1875,8.625],"tintindex":0,"rotation":0,"texture":"#0"},"up":{"uv":[8.625,8.5,8.5,8.375],"tintindex":0,"rotation":0,"texture":"#0"},"down":{"uv":[8.625,8.5,8.5,8.625],"tintindex":0,"rotation":0,"texture":"#0"}}}],"display":{"gui":{"rotation":[30,225,0]}}}