{"textures":{"0":"modelengine:entity/snake_captaingreen_summon"},"elements":[{"from":[12.0625,5.5625,7.6875],"to":[13.3625,10.4375,22.3125],"faces":{"east":{"uv":[6.0,4.25,7.125,4.625],"tintindex":0,"rotation":0,"texture":"#0"},"south":{"uv":[9.0,1.6875,9.125,2.0625],"tintindex":0,"rotation":0,"texture":"#0"},"north":{"uv":[1.75,4.625,1.875,5.0],"tintindex":0,"rotation":0,"texture":"#0"},"west":{"uv":[6.0,4.625,7.125,5.0],"tintindex":0,"rotation":0,"texture":"#0"},"up":{"uv":[0.9375,8.1875,0.8125,7.0625],"tintindex":0,"rotation":0,"texture":"#0"},"down":{"uv":[1.0625,7.0625,0.9375,8.1875],"tintindex":0,"rotation":0,"texture":"#0"}}},{"from":[2.6374998,5.5625,7.6875],"to":[3.9375,10.4375,22.3125],"faces":{"east":{"uv":[6.1875,5.875,7.3125,6.25],"tintindex":0,"rotation":0,"texture":"#0"},"south":{"uv":[2.75,9.0,2.875,9.375],"tintindex":0,"rotation":0,"texture":"#0"},"north":{"uv":[2.625,9.0,2.75,9.375],"tintindex":0,"rotation":0,"texture":"#0"},"west":{"uv":[6.25,0.75,7.375,1.125],"tintindex":0,"rotation":0,"texture":"#0"},"up":{"uv":[5.9375,8.1875,5.8125,7.0625],"tintindex":0,"rotation":0,"texture":"#0"},"down":{"uv":[6.0625,7.0625,5.9375,8.1875],"tintindex":0,"rotation":0,"texture":"#0"}}},{"from":[6.7487497,12.012382,19.768944],"to":[9.25125,15.941632,25.274445],"faces":{"east":{"uv":[7.3125,5.9375,7.75,6.25],"tintindex":0,"rotation":0,"texture":"#0"},"south":{"uv":[8.75,8.0625,8.9375,8.375],"tintindex":0,"rotation":0,"texture":"#0"},"north":{"uv":[8.75,6.9375,8.9375,7.25],"tintindex":0,"rotation":0,"texture":"#0"},"west":{"uv":[7.3125,6.9375,7.75,7.25],"tintindex":0,"rotation":0,"texture":"#0"},"up":{"uv":[8.5625,4.4375,8.375,4.0],"tintindex":0,"rotation":0,"texture":"#0"},"down":{"uv":[7.0,8.375,6.8125,8.8125],"tintindex":0,"rotation":0,"texture":"#0"}},"rotation":{"origin":[8.0,13.977007,22.521694],"angle":-45.0,"axis":"x"}},{"from":[3.9375,3.9375,7.6875],"to":[12.0625,12.0625,22.3125],"faces":{"east":{"uv":[2.25,1.5,3.375,2.125],"tintindex":0,"rotation":0,"texture":"#0"},"south":{"uv":[6.25,1.125,6.875,1.75],"tintindex":0,"rotation":0,"texture":"#0"},"north":{"uv":[1.125,6.25,1.75,6.875],"tintindex":0,"rotation":0,"texture":"#0"},"west":{"uv":[2.25,2.125,3.375,2.75],"tintindex":0,"rotation":0,"texture":"#0"},"up":{"uv":[2.875,3.875,2.25,2.75],"tintindex":0,"rotation":0,"texture":"#0"},"down":{"uv":[3.5,2.75,2.875,3.875],"tintindex":0,"rotation":0,"texture":"#0"}}},{"from":[5.5625,7.1875,19.0625],"to":[10.4375,15.3125,28.0],"faces":{"east":{"uv":[5.875,3.625,6.5625,4.25],"tintindex":0,"rotation":0,"texture":"#0"},"south":{"uv":[6.0625,6.75,6.4375,7.375],"tintindex":0,"rotation":0,"texture":"#0"},"north":{"uv":[6.5625,3.625,6.9375,4.25],"tintindex":0,"rotation":0,"texture":"#0"},"west":{"uv":[5.5,5.875,6.1875,6.5],"tintindex":0,"rotation":0,"texture":"#0"},"up":{"uv":[2.25,3.6875,1.875,3.0],"tintindex":0,"rotation":0,"texture":"#0"},"down":{"uv":[3.5,3.875,3.125,4.5625],"tintindex":0,"rotation":0,"texture":"#0"}},"rotation":{"origin":[8.0,8.0,25.96875],"angle":-22.5,"axis":"x"}},{"from":[6.7487497,8.503836,14.0284],"to":[9.25125,12.758086,19.533901],"faces":{"east":{"uv":[7.0625,0.4375,7.5,0.75],"tintindex":0,"rotation":0,"texture":"#0"},"south":{"uv":[4.75,8.75,4.9375,9.0625],"tintindex":0,"rotation":0,"texture":"#0"},"north":{"uv":[8.4375,0.875,8.625,1.1875],"tintindex":0,"rotation":0,"texture":"#0"},"west":{"uv":[7.3125,5.625,7.75,5.9375],"tintindex":0,"rotation":0,"texture":"#0"},"up":{"uv":[3.6875,8.75,3.5,8.3125],"tintindex":0,"rotation":0,"texture":"#0"},"down":{"uv":[4.9375,8.3125,4.75,8.75],"tintindex":0,"rotation":0,"texture":"#0"}},"rotation":{"origin":[8.0,17.345636,14.925697],"angle":-22.5,"axis":"x"}},{"from":[-4.950713,2.3125,16.62331],"to":[-0.88821316,5.5625,20.68581],"faces":{"east":{"uv":[8.375,7.5,8.6875,7.75],"tintindex":0,"rotation":0,"texture":"#0"},"south":{"uv":[8.625,3.4375,8.9375,3.6875],"tintindex":0,"rotation":0,"texture":"#0"},"north":{"uv":[7.0,5.625,7.3125,5.875],"tintindex":0,"rotation":0,"texture":"#0"},"west":{"uv":[8.625,4.3125,8.9375,4.5625],"tintindex":0,"rotation":0,"texture":"#0"},"up":{"uv":[8.375,7.5,8.0625,7.1875],"tintindex":0,"rotation":0,"texture":"#0"},"down":{"uv":[8.375,7.5,8.0625,7.8125],"tintindex":0,"rotation":0,"texture":"#0"}},"rotation":{"origin":[8.049286,-6.828125,29.62331],"angle":-45.0,"axis":"y"}},{"from":[7.23625,11.187512,26.20676],"to":[8.6825,16.660511,30.24976],"faces":{"east":{"uv":[7.3125,7.25,7.625,7.6875],"tintindex":0,"rotation":0,"texture":"#0"},"south":{"uv":[9.0,2.375,9.125,2.8125],"tintindex":0,"rotation":0,"texture":"#0"},"north":{"uv":[2.25,9.0,2.375,9.4375],"tintindex":0,"rotation":0,"texture":"#0"},"west":{"uv":[0.0,7.375,0.3125,7.8125],"tintindex":0,"rotation":0,"texture":"#0"},"up":{"uv":[5.0625,7.5,4.9375,7.1875],"tintindex":0,"rotation":0,"texture":"#0"},"down":{"uv":[3.5,9.0,3.375,9.3125],"tintindex":0,"rotation":0,"texture":"#0"}},"rotation":{"origin":[8.0,14.127137,24.89701],"angle":0.0,"axis":"x"}},{"from":[6.7487497,5.091336,16.4659],"to":[9.25125,11.783086,25.221401],"faces":{"east":{"uv":[6.375,0.0,7.0625,0.5],"tintindex":0,"rotation":0,"texture":"#0"},"south":{"uv":[6.4375,8.1875,6.625,8.6875],"tintindex":0,"rotation":0,"texture":"#0"},"north":{"uv":[5.875,8.1875,6.0625,8.6875],"tintindex":0,"rotation":0,"texture":"#0"},"west":{"uv":[1.75,6.375,2.4375,6.875],"tintindex":0,"rotation":0,"texture":"#0"},"up":{"uv":[6.25,8.0625,6.0625,7.375],"tintindex":0,"rotation":0,"texture":"#0"},"down":{"uv":[6.4375,7.375,6.25,8.0625],"tintindex":0,"rotation":0,"texture":"#0"}},"rotation":{"origin":[8.0,16.370636,20.613197],"angle":-22.5,"axis":"x"}},{"from":[-4.138213,1.5,17.43581],"to":[-1.7007132,2.3125,19.87331],"faces":{"east":{"uv":[7.375,3.5625,7.5625,3.625],"tintindex":0,"rotation":0,"texture":"#0"},"south":{"uv":[7.5625,5.5,7.75,5.5625],"tintindex":0,"rotation":0,"texture":"#0"},"north":{"uv":[7.375,3.5,7.5625,3.5625],"tintindex":0,"rotation":0,"texture":"#0"},"west":{"uv":[7.5625,5.5625,7.75,5.625],"tintindex":0,"rotation":0,"texture":"#0"},"up":{"uv":[0.625,7.0625,0.4375,6.875],"tintindex":0,"rotation":0,"texture":"#0"},"down":{"uv":[7.125,6.5625,6.9375,6.75],"tintindex":0,"rotation":0,"texture":"#0"}},"rotation":{"origin":[8.049286,-6.828125,29.62331],"angle":-45.0,"axis":"y"}},{"from":[6.9925,8.750012,22.95676],"to":[8.92625,15.441762,28.706009],"faces":{"east":{"uv":[0.0,6.875,0.4375,7.375],"tintindex":0,"rotation":0,"texture":"#0"},"south":{"uv":[1.75,4.125,1.875,4.625],"tintindex":0,"rotation":0,"texture":"#0"},"north":{"uv":[3.375,2.25,3.5,2.75],"tintindex":0,"rotation":0,"texture":"#0"},"west":{"uv":[6.875,1.125,7.3125,1.625],"tintindex":0,"rotation":0,"texture":"#0"},"up":{"uv":[6.3125,9.375,6.1875,8.9375],"tintindex":0,"rotation":0,"texture":"#0"},"down":{"uv":[9.125,1.25,9.0,1.6875],"tintindex":0,"rotation":0,"texture":"#0"}},"rotation":{"origin":[8.0,14.127137,24.89701],"angle":0.0,"axis":"x"}}],"display":{"gui":{"rotation":[30,225,0]}}}