{"textures":{"0":"modelengine:entity/snake_captaingreen_summon"},"elements":[{"from":[12.0625,4.75,7.6875],"to":[13.6875,11.25,22.3125],"faces":{"east":{"uv":[4.125,3.625,5.25,4.125],"tintindex":0,"rotation":0,"texture":"#0"},"south":{"uv":[6.5625,8.6875,6.6875,9.1875],"tintindex":0,"rotation":0,"texture":"#0"},"north":{"uv":[6.4375,8.6875,6.5625,9.1875],"tintindex":0,"rotation":0,"texture":"#0"},"west":{"uv":[4.125,4.125,5.25,4.625],"tintindex":0,"rotation":0,"texture":"#0"},"up":{"uv":[2.8125,8.25,2.6875,7.125],"tintindex":0,"rotation":0,"texture":"#0"},"down":{"uv":[2.9375,7.125,2.8125,8.25],"tintindex":0,"rotation":0,"texture":"#0"}}},{"from":[6.7487497,10.130461,10.775152],"to":[9.25125,14.384711,16.280651],"faces":{"east":{"uv":[7.5,2.875,7.9375,3.1875],"tintindex":0,"rotation":0,"texture":"#0"},"south":{"uv":[8.8125,5.5,9.0,5.8125],"tintindex":0,"rotation":0,"texture":"#0"},"north":{"uv":[8.8125,5.1875,9.0,5.5],"tintindex":0,"rotation":0,"texture":"#0"},"west":{"uv":[7.5,4.25,7.9375,4.5625],"tintindex":0,"rotation":0,"texture":"#0"},"up":{"uv":[8.625,3.875,8.4375,3.4375],"tintindex":0,"rotation":0,"texture":"#0"},"down":{"uv":[8.625,4.4375,8.4375,4.875],"tintindex":0,"rotation":0,"texture":"#0"}},"rotation":{"origin":[8.0,17.345636,14.925696],"angle":-22.5,"axis":"x"}},{"from":[6.7487497,11.631961,7.396777],"to":[9.25125,15.88621,12.902277],"faces":{"east":{"uv":[7.5,4.5625,7.9375,4.875],"tintindex":0,"rotation":0,"texture":"#0"},"south":{"uv":[6.8125,8.8125,7.0,9.125],"tintindex":0,"rotation":0,"texture":"#0"},"north":{"uv":[8.8125,5.8125,9.0,6.125],"tintindex":0,"rotation":0,"texture":"#0"},"west":{"uv":[4.9375,7.5,5.375,7.8125],"tintindex":0,"rotation":0,"texture":"#0"},"up":{"uv":[5.125,8.875,4.9375,8.4375],"tintindex":0,"rotation":0,"texture":"#0"},"down":{"uv":[5.3125,8.4375,5.125,8.875],"tintindex":0,"rotation":0,"texture":"#0"}},"rotation":{"origin":[8.0,17.345636,14.925696],"angle":-22.5,"axis":"x"}},{"from":[-4.138213,1.5,18.248308],"to":[-0.88821316,2.3125,21.498308],"faces":{"east":{"uv":[6.0,5.0625,6.25,5.125],"tintindex":0,"rotation":0,"texture":"#0"},"south":{"uv":[6.25,5.8125,6.5,5.875],"tintindex":0,"rotation":0,"texture":"#0"},"north":{"uv":[6.0,5.0,6.25,5.0625],"tintindex":0,"rotation":0,"texture":"#0"},"west":{"uv":[6.5,5.8125,6.75,5.875],"tintindex":0,"rotation":0,"texture":"#0"},"up":{"uv":[8.9375,6.4375,8.6875,6.1875],"tintindex":0,"rotation":0,"texture":"#0"},"down":{"uv":[8.9375,7.5,8.6875,7.75],"tintindex":0,"rotation":0,"texture":"#0"}},"rotation":{"origin":[8.049286,-6.828125,30.435808],"angle":-45.0,"axis":"y"}},{"from":[2.3125,4.75,7.6875],"to":[3.9375,11.25,22.3125],"faces":{"east":{"uv":[4.125,2.625,5.25,3.125],"tintindex":0,"rotation":0,"texture":"#0"},"south":{"uv":[5.875,8.6875,6.0,9.1875],"tintindex":0,"rotation":0,"texture":"#0"},"north":{"uv":[8.6875,5.6875,8.8125,6.1875],"tintindex":0,"rotation":0,"texture":"#0"},"west":{"uv":[4.125,3.125,5.25,3.625],"tintindex":0,"rotation":0,"texture":"#0"},"up":{"uv":[2.5625,8.25,2.4375,7.125],"tintindex":0,"rotation":0,"texture":"#0"},"down":{"uv":[2.6875,7.125,2.5625,8.25],"tintindex":0,"rotation":0,"texture":"#0"}}},{"from":[-4.950713,2.3125,17.435808],"to":[-0.07571316,5.5625,22.310808],"faces":{"east":{"uv":[8.25,0.625,8.625,0.875],"tintindex":0,"rotation":0,"texture":"#0"},"south":{"uv":[8.25,1.25,8.625,1.5],"tintindex":0,"rotation":0,"texture":"#0"},"north":{"uv":[8.0,8.1875,8.375,8.4375],"tintindex":0,"rotation":0,"texture":"#0"},"west":{"uv":[1.3125,8.25,1.6875,8.5],"tintindex":0,"rotation":0,"texture":"#0"},"up":{"uv":[7.5,3.0,7.125,2.625],"tintindex":0,"rotation":0,"texture":"#0"},"down":{"uv":[7.5,4.25,7.125,4.625],"tintindex":0,"rotation":0,"texture":"#0"}},"rotation":{"origin":[8.049286,-6.828125,30.435808],"angle":-45.0,"axis":"y"}},{"from":[6.7487497,8.503836,14.028402],"to":[9.25125,12.758086,19.533903],"faces":{"east":{"uv":[5.375,7.5,5.8125,7.8125],"tintindex":0,"rotation":0,"texture":"#0"},"south":{"uv":[8.8125,8.375,9.0,8.6875],"tintindex":0,"rotation":0,"texture":"#0"},"north":{"uv":[7.0,8.8125,7.1875,9.125],"tintindex":0,"rotation":0,"texture":"#0"},"west":{"uv":[7.5625,3.1875,8.0,3.5],"tintindex":0,"rotation":0,"texture":"#0"},"up":{"uv":[5.5,8.875,5.3125,8.4375],"tintindex":0,"rotation":0,"texture":"#0"},"down":{"uv":[7.375,8.4375,7.1875,8.875],"tintindex":0,"rotation":0,"texture":"#0"}},"rotation":{"origin":[8.0,17.345636,14.925696],"angle":-22.5,"axis":"x"}},{"from":[3.9375,3.125,7.6875],"to":[12.0625,12.875,22.3125],"faces":{"east":{"uv":[1.125,0.0,2.25,0.75],"tintindex":0,"rotation":0,"texture":"#0"},"south":{"uv":[1.125,5.5,1.75,6.25],"tintindex":0,"rotation":0,"texture":"#0"},"north":{"uv":[5.375,4.375,6.0,5.125],"tintindex":0,"rotation":0,"texture":"#0"},"west":{"uv":[1.125,0.75,2.25,1.5],"tintindex":0,"rotation":0,"texture":"#0"},"up":{"uv":[1.875,4.125,1.25,3.0],"tintindex":0,"rotation":0,"texture":"#0"},"down":{"uv":[4.0,0.0,3.375,1.125],"tintindex":0,"rotation":0,"texture":"#0"}}}],"display":{"gui":{"rotation":[30,225,0]}}}