{"textures":{"0":"modelengine:entity/snake_captaingreen_summon"},"elements":[{"from":[6.7487497,10.130461,-3.0373478],"to":[9.25125,14.384711,2.468152],"faces":{"east":{"uv":[7.75,5.8125,8.1875,6.125],"tintindex":0,"rotation":0,"texture":"#0"},"south":{"uv":[0.75,8.9375,0.9375,9.25],"tintindex":0,"rotation":0,"texture":"#0"},"north":{"uv":[0.5625,8.9375,0.75,9.25],"tintindex":0,"rotation":0,"texture":"#0"},"west":{"uv":[7.75,6.875,8.1875,7.1875],"tintindex":0,"rotation":0,"texture":"#0"},"up":{"uv":[8.6875,5.75,8.5,5.3125],"tintindex":0,"rotation":0,"texture":"#0"},"down":{"uv":[5.6875,8.5,5.5,8.9375],"tintindex":0,"rotation":0,"texture":"#0"}},"rotation":{"origin":[8.0,17.345636,1.1131964],"angle":-22.5,"axis":"x"}},{"from":[6.7487497,8.503836,0.21590233],"to":[9.25125,12.758086,5.721402],"faces":{"east":{"uv":[6.9375,7.6875,7.375,8.0],"tintindex":0,"rotation":0,"texture":"#0"},"south":{"uv":[0.375,8.9375,0.5625,9.25],"tintindex":0,"rotation":0,"texture":"#0"},"north":{"uv":[0.1875,8.9375,0.375,9.25],"tintindex":0,"rotation":0,"texture":"#0"},"west":{"uv":[7.75,5.5,8.1875,5.8125],"tintindex":0,"rotation":0,"texture":"#0"},"up":{"uv":[3.875,8.9375,3.6875,8.5],"tintindex":0,"rotation":0,"texture":"#0"},"down":{"uv":[8.6875,4.875,8.5,5.3125],"tintindex":0,"rotation":0,"texture":"#0"}},"rotation":{"origin":[8.0,17.345636,1.1131964],"angle":-22.5,"axis":"x"}},{"from":[3.9375,3.125,-6.9375],"to":[12.0625,12.875,7.6875],"faces":{"east":{"uv":[0.0,2.25,1.125,3.0],"tintindex":0,"rotation":0,"texture":"#0"},"south":{"uv":[5.625,5.125,6.25,5.875],"tintindex":0,"rotation":0,"texture":"#0"},"north":{"uv":[4.875,5.625,5.5,6.375],"tintindex":0,"rotation":0,"texture":"#0"},"west":{"uv":[2.25,0.0,3.375,0.75],"tintindex":0,"rotation":0,"texture":"#0"},"up":{"uv":[4.125,4.5,3.5,3.375],"tintindex":0,"rotation":0,"texture":"#0"},"down":{"uv":[2.5,3.875,1.875,5.0],"tintindex":0,"rotation":0,"texture":"#0"}}},{"from":[2.3125,4.75,-6.9375],"to":[3.9375,11.25,7.6875],"faces":{"east":{"uv":[4.25,4.625,5.375,5.125],"tintindex":0,"rotation":0,"texture":"#0"},"south":{"uv":[8.75,2.0625,8.875,2.5625],"tintindex":0,"rotation":0,"texture":"#0"},"north":{"uv":[1.9375,8.75,2.0625,9.25],"tintindex":0,"rotation":0,"texture":"#0"},"west":{"uv":[1.125,5.0,2.25,5.5],"tintindex":0,"rotation":0,"texture":"#0"},"up":{"uv":[3.3125,8.3125,3.1875,7.1875],"tintindex":0,"rotation":0,"texture":"#0"},"down":{"uv":[3.4375,7.1875,3.3125,8.3125],"tintindex":0,"rotation":0,"texture":"#0"}}},{"from":[12.0625,4.75,-6.9375],"to":[13.6875,11.25,7.6875],"faces":{"east":{"uv":[0.0,5.125,1.125,5.625],"tintindex":0,"rotation":0,"texture":"#0"},"south":{"uv":[2.5,8.75,2.625,9.25],"tintindex":0,"rotation":0,"texture":"#0"},"north":{"uv":[2.375,8.75,2.5,9.25],"tintindex":0,"rotation":0,"texture":"#0"},"west":{"uv":[5.125,1.0,6.25,1.5],"tintindex":0,"rotation":0,"texture":"#0"},"up":{"uv":[3.5625,8.3125,3.4375,7.1875],"tintindex":0,"rotation":0,"texture":"#0"},"down":{"uv":[3.6875,7.1875,3.5625,8.3125],"tintindex":0,"rotation":0,"texture":"#0"}}},{"from":[-4.138213,1.5,4.435809],"to":[-0.88821316,2.3125,7.6858087],"faces":{"east":{"uv":[7.5,0.625,7.75,0.6875],"tintindex":0,"rotation":0,"texture":"#0"},"south":{"uv":[7.5,0.6875,7.75,0.75],"tintindex":0,"rotation":0,"texture":"#0"},"north":{"uv":[7.375,1.0625,7.625,1.125],"tintindex":0,"rotation":0,"texture":"#0"},"west":{"uv":[7.625,2.125,7.875,2.1875],"tintindex":0,"rotation":0,"texture":"#0"},"up":{"uv":[9.0,2.8125,8.75,2.5625],"tintindex":0,"rotation":0,"texture":"#0"},"down":{"uv":[2.875,8.75,2.625,9.0],"tintindex":0,"rotation":0,"texture":"#0"}},"rotation":{"origin":[8.049286,-6.828125,16.62331],"angle":-45.0,"axis":"y"}},{"from":[6.7487497,11.631961,-6.415722],"to":[9.25125,15.88621,-0.910223],"faces":{"east":{"uv":[0.0,7.8125,0.4375,8.125],"tintindex":0,"rotation":0,"texture":"#0"},"south":{"uv":[1.5,8.9375,1.6875,9.25],"tintindex":0,"rotation":0,"texture":"#0"},"north":{"uv":[1.3125,8.9375,1.5,9.25],"tintindex":0,"rotation":0,"texture":"#0"},"west":{"uv":[7.8125,0.625,8.25,0.9375],"tintindex":0,"rotation":0,"texture":"#0"},"up":{"uv":[5.875,8.9375,5.6875,8.5],"tintindex":0,"rotation":0,"texture":"#0"},"down":{"uv":[8.6875,5.75,8.5,6.1875],"tintindex":0,"rotation":0,"texture":"#0"}},"rotation":{"origin":[8.0,17.345636,1.1131964],"angle":-22.5,"axis":"x"}},{"from":[-4.950713,2.3125,3.6233091],"to":[-0.07571316,5.5625,8.498308],"faces":{"east":{"uv":[4.375,8.3125,4.75,8.5625],"tintindex":0,"rotation":0,"texture":"#0"},"south":{"uv":[8.3125,6.375,8.6875,6.625],"tintindex":0,"rotation":0,"texture":"#0"},"north":{"uv":[4.0,8.3125,4.375,8.5625],"tintindex":0,"rotation":0,"texture":"#0"},"west":{"uv":[8.375,0.25,8.75,0.5],"tintindex":0,"rotation":0,"texture":"#0"},"up":{"uv":[4.0625,7.5625,3.6875,7.1875],"tintindex":0,"rotation":0,"texture":"#0"},"down":{"uv":[4.4375,7.1875,4.0625,7.5625],"tintindex":0,"rotation":0,"texture":"#0"}},"rotation":{"origin":[8.049286,-6.828125,16.62331],"angle":-45.0,"axis":"y"}}],"display":{"gui":{"rotation":[30,225,0]}}}