{"textures":{"0":"modelengine:entity/captain_greentired_gama05"},"elements":[{"from":[7.5155,1.8323002,6.35936],"to":[10.5225,7.709301,9.88436],"faces":{"east":{"uv":[9.125,3.625,9.5625,4.375],"tintindex":0,"rotation":0,"texture":"#0"},"south":{"uv":[9.375,8.625,9.75,9.375],"tintindex":0,"rotation":0,"texture":"#0"},"north":{"uv":[8.625,9.375,9.0,10.125],"tintindex":0,"rotation":0,"texture":"#0"},"west":{"uv":[9.125,4.375,9.5625,5.125],"tintindex":0,"rotation":0,"texture":"#0"},"up":{"uv":[7.125,11.0625,6.75,10.625],"tintindex":0,"rotation":0,"texture":"#0"},"down":{"uv":[9.5,10.625,9.125,11.0625],"tintindex":0,"rotation":0,"texture":"#0"}}},{"from":[6.5465,4.8023014,5.39036],"to":[11.3915,9.647301,10.853359],"faces":{"east":{"uv":[7.875,5.75,8.5625,6.375],"tintindex":0,"rotation":0,"texture":"#0"},"south":{"uv":[7.5,8.75,8.125,9.375],"tintindex":0,"rotation":0,"texture":"#0"},"north":{"uv":[8.75,0.875,9.375,1.5],"tintindex":0,"rotation":0,"texture":"#0"},"west":{"uv":[8.125,1.75,8.8125,2.375],"tintindex":0,"rotation":0,"texture":"#0"},"up":{"uv":[4.5,8.8125,3.875,8.125],"tintindex":0,"rotation":0,"texture":"#0"},"down":{"uv":[8.75,4.125,8.125,4.8125],"tintindex":0,"rotation":0,"texture":"#0"}}}],"display":{"gui":{"rotation":[30,225,0]}}}