{"textures":{"0":"modelengine:entity/captain_greentired_gama05"},"elements":[{"from":[5.5775,1.6385002,6.4175],"to":[8.5845,7.515501,9.9425],"faces":{"east":{"uv":[9.125,5.125,9.5625,5.875],"tintindex":0,"rotation":0,"texture":"#0"},"south":{"uv":[9.375,9.375,9.75,10.125],"tintindex":0,"rotation":0,"texture":"#0"},"north":{"uv":[9.0,9.375,9.375,10.125],"tintindex":0,"rotation":0,"texture":"#0"},"west":{"uv":[9.125,7.0,9.5625,7.75],"tintindex":0,"rotation":0,"texture":"#0"},"up":{"uv":[0.875,11.1875,0.5,10.75],"tintindex":0,"rotation":0,"texture":"#0"},"down":{"uv":[1.25,10.75,0.875,11.1875],"tintindex":0,"rotation":0,"texture":"#0"}}},{"from":[4.6085,4.6085014,5.4484997],"to":[9.4535,9.453501,10.9115],"faces":{"east":{"uv":[8.125,6.375,8.8125,7.0],"tintindex":0,"rotation":0,"texture":"#0"},"south":{"uv":[8.75,8.75,9.375,9.375],"tintindex":0,"rotation":0,"texture":"#0"},"north":{"uv":[8.75,8.125,9.375,8.75],"tintindex":0,"rotation":0,"texture":"#0"},"west":{"uv":[7.375,8.125,8.0625,8.75],"tintindex":0,"rotation":0,"texture":"#0"},"up":{"uv":[8.75,8.8125,8.125,8.125],"tintindex":0,"rotation":0,"texture":"#0"},"down":{"uv":[5.125,8.25,4.5,8.9375],"tintindex":0,"rotation":0,"texture":"#0"}}}],"display":{"gui":{"rotation":[30,225,0]}}}