{"textures":{"0":"modelengine:entity/captain_greentired_gama05"},"elements":[{"from":[6.4040003,3.8415003,4.484],"to":[11.7560005,6.3585005,11.756],"faces":{"east":{"uv":[9.25,0.375,10.1875,0.6875],"tintindex":0,"rotation":0,"texture":"#0"},"south":{"uv":[1.625,9.875,2.3125,10.1875],"tintindex":0,"rotation":0,"texture":"#0"},"north":{"uv":[9.625,7.375,10.3125,7.6875],"tintindex":0,"rotation":0,"texture":"#0"},"west":{"uv":[6.125,9.25,7.0625,9.5625],"tintindex":0,"rotation":0,"texture":"#0"},"up":{"uv":[6.8125,2.6875,6.125,1.75],"tintindex":0,"rotation":0,"texture":"#0"},"down":{"uv":[6.9375,0.0,6.25,0.9375],"tintindex":0,"rotation":0,"texture":"#0"}},"rotation":{"origin":[9.08,5.46,7.94],"angle":22.5,"axis":"z"}},{"from":[4.0039997,3.7415009,4.484],"to":[9.356,6.2585,11.756],"faces":{"east":{"uv":[9.375,0.75,10.3125,1.0625],"tintindex":0,"rotation":0,"texture":"#0"},"south":{"uv":[10.0,1.5,10.6875,1.8125],"tintindex":0,"rotation":0,"texture":"#0"},"north":{"uv":[6.75,9.875,7.4375,10.1875],"tintindex":0,"rotation":0,"texture":"#0"},"west":{"uv":[9.375,1.125,10.3125,1.4375],"tintindex":0,"rotation":0,"texture":"#0"},"up":{"uv":[0.6875,7.3125,0.0,6.375],"tintindex":0,"rotation":0,"texture":"#0"},"down":{"uv":[1.4375,6.375,0.75,7.3125],"tintindex":0,"rotation":0,"texture":"#0"}},"rotation":{"origin":[6.68,5.46,7.94],"angle":-22.5,"axis":"z"}},{"from":[4.744,4.5615005,5.204],"to":[10.796,11.158501,10.676],"faces":{"east":{"uv":[6.75,6.625,7.4375,7.4375],"tintindex":0,"rotation":0,"texture":"#0"},"south":{"uv":[6.5,2.75,7.25,3.5625],"tintindex":0,"rotation":0,"texture":"#0"},"north":{"uv":[6.375,5.75,7.125,6.5625],"tintindex":0,"rotation":0,"texture":"#0"},"west":{"uv":[6.875,1.625,7.5625,2.4375],"tintindex":0,"rotation":0,"texture":"#0"},"up":{"uv":[4.75,8.0625,4.0,7.375],"tintindex":0,"rotation":0,"texture":"#0"},"down":{"uv":[5.5,7.5,4.75,8.1875],"tintindex":0,"rotation":0,"texture":"#0"}}},{"from":[6.85,3.838501,4.024],"to":[8.748,5.7365017,5.6219997],"faces":{"east":{"uv":[11.5,10.75,11.6875,11.0],"tintindex":0,"rotation":0,"texture":"#0"},"south":{"uv":[11.5,7.875,11.75,8.125],"tintindex":0,"rotation":0,"texture":"#0"},"north":{"uv":[11.5,7.375,11.75,7.625],"tintindex":0,"rotation":0,"texture":"#0"},"west":{"uv":[0.25,11.625,0.4375,11.875],"tintindex":0,"rotation":0,"texture":"#0"},"up":{"uv":[11.875,0.4375,11.625,0.25],"tintindex":0,"rotation":0,"texture":"#0"},"down":{"uv":[0.75,11.625,0.5,11.8125],"tintindex":0,"rotation":0,"texture":"#0"}},"rotation":{"origin":[7.675,4.7875013,4.373],"angle":45.0,"axis":"z"}}],"display":{"gui":{"rotation":[30,225,0]}}}