{"textures":{"0":"modelengine:entity/captain_greentired_gama05"},"elements":[{"from":[5.3240004,11.0585,4.124],"to":[10.676001,17.1555,11.276],"faces":{"east":{"uv":[5.625,3.25,6.5,4.0],"tintindex":0,"rotation":0,"texture":"#0"},"south":{"uv":[7.25,2.5,7.9375,3.25],"tintindex":0,"rotation":0,"texture":"#0"},"north":{"uv":[7.125,5.75,7.8125,6.5],"tintindex":0,"rotation":0,"texture":"#0"},"west":{"uv":[2.75,6.0,3.625,6.75],"tintindex":0,"rotation":0,"texture":"#0"},"up":{"uv":[4.3125,7.375,3.625,6.5],"tintindex":0,"rotation":0,"texture":"#0"},"down":{"uv":[5.0625,6.5,4.375,7.375],"tintindex":0,"rotation":0,"texture":"#0"}}}],"display":{"gui":{"rotation":[30,225,0]}}}