{"textures":{"0":"modelengine:entity/captain_greentired_gama05"},"elements":[{"from":[10.875999,10.603729,4.134061],"to":[12.974,16.341728,5.949061],"faces":{"east":{"uv":[2.125,10.25,2.375,10.9375],"tintindex":0,"rotation":0,"texture":"#0"},"south":{"uv":[7.25,10.25,7.5,10.9375],"tintindex":0,"rotation":0,"texture":"#0"},"north":{"uv":[1.75,8.625,2.0,9.3125],"tintindex":0,"rotation":0,"texture":"#0"},"west":{"uv":[0.0,10.5,0.25,11.1875],"tintindex":0,"rotation":0,"texture":"#0"},"up":{"uv":[7.625,1.625,7.375,1.375],"tintindex":0,"rotation":0,"texture":"#0"},"down":{"uv":[10.75,4.5,10.5,4.75],"tintindex":0,"rotation":0,"texture":"#0"}},"rotation":{"origin":[12.425,13.472729,5.041561],"angle":22.5,"axis":"z"}},{"from":[3.7059999,9.877329,8.665561],"to":[12.144,16.97533,12.48056],"faces":{"east":{"uv":[2.0,7.625,2.5,8.5],"tintindex":0,"rotation":0,"texture":"#0"},"south":{"uv":[4.375,4.25,5.4375,5.125],"tintindex":0,"rotation":0,"texture":"#0"},"north":{"uv":[3.25,4.25,4.3125,5.125],"tintindex":0,"rotation":0,"texture":"#0"},"west":{"uv":[8.125,3.25,8.625,4.125],"tintindex":0,"rotation":0,"texture":"#0"},"up":{"uv":[8.0625,5.125,7.0,4.625],"tintindex":0,"rotation":0,"texture":"#0"},"down":{"uv":[6.1875,7.0,5.125,7.5],"tintindex":0,"rotation":0,"texture":"#0"}},"rotation":{"origin":[7.925,12.926329,13.073061],"angle":-45.0,"axis":"x"}},{"from":[4.124,7.957329,4.765561],"to":[11.875999,14.785328,12.15756],"faces":{"east":{"uv":[5.25,5.125,6.1875,6.0],"tintindex":0,"rotation":0,"texture":"#0"},"south":{"uv":[4.625,3.25,5.625,4.125],"tintindex":0,"rotation":0,"texture":"#0"},"north":{"uv":[2.25,4.625,3.25,5.5],"tintindex":0,"rotation":0,"texture":"#0"},"west":{"uv":[0.0,5.5,0.9375,6.375],"tintindex":0,"rotation":0,"texture":"#0"},"up":{"uv":[5.25,0.9375,4.25,0.0],"tintindex":0,"rotation":0,"texture":"#0"},"down":{"uv":[5.25,1.0,4.25,1.9375],"tintindex":0,"rotation":0,"texture":"#0"}}},{"from":[8.876,9.003729,7.7640605],"to":[14.974,14.541729,9.579061],"faces":{"east":{"uv":[0.25,10.5,0.5,11.1875],"tintindex":0,"rotation":0,"texture":"#0"},"south":{"uv":[7.375,0.625,8.125,1.3125],"tintindex":0,"rotation":0,"texture":"#0"},"north":{"uv":[0.0,7.375,0.75,8.0625],"tintindex":0,"rotation":0,"texture":"#0"},"west":{"uv":[10.5,3.75,10.75,4.4375],"tintindex":0,"rotation":0,"texture":"#0"},"up":{"uv":[6.0,2.0,5.25,1.75],"tintindex":0,"rotation":0,"texture":"#0"},"down":{"uv":[10.75,8.375,10.0,8.625],"tintindex":0,"rotation":0,"texture":"#0"}},"rotation":{"origin":[12.425,11.772728,8.67156],"angle":45.0,"axis":"z"}},{"from":[9.876,9.803728,5.9490604],"to":[13.974,16.341728,7.7640605],"faces":{"east":{"uv":[7.875,9.875,8.125,10.6875],"tintindex":0,"rotation":0,"texture":"#0"},"south":{"uv":[8.25,7.0,8.75,7.8125],"tintindex":0,"rotation":0,"texture":"#0"},"north":{"uv":[8.25,4.875,8.75,5.6875],"tintindex":0,"rotation":0,"texture":"#0"},"west":{"uv":[1.375,10.125,1.625,10.9375],"tintindex":0,"rotation":0,"texture":"#0"},"up":{"uv":[8.75,8.125,8.25,7.875],"tintindex":0,"rotation":0,"texture":"#0"},"down":{"uv":[11.625,5.0,11.125,5.25],"tintindex":0,"rotation":0,"texture":"#0"}},"rotation":{"origin":[13.425,13.572729,6.8565607],"angle":22.5,"axis":"z"}},{"from":[9.876,8.203728,9.579061],"to":[12.974,16.941727,11.594061],"faces":{"east":{"uv":[3.625,9.0,3.875,10.0625],"tintindex":0,"rotation":0,"texture":"#0"},"south":{"uv":[8.75,5.25,9.125,6.3125],"tintindex":0,"rotation":0,"texture":"#0"},"north":{"uv":[8.75,4.125,9.125,5.1875],"tintindex":0,"rotation":0,"texture":"#0"},"west":{"uv":[0.5,9.625,0.75,10.6875],"tintindex":0,"rotation":0,"texture":"#0"},"up":{"uv":[4.625,2.25,4.25,2.0],"tintindex":0,"rotation":0,"texture":"#0"},"down":{"uv":[7.25,2.5,6.875,2.75],"tintindex":0,"rotation":0,"texture":"#0"}},"rotation":{"origin":[12.425,12.572729,10.586561],"angle":22.5,"axis":"z"}},{"from":[2.28368,14.139311,2.8887124],"to":[13.71632,19.25563,15.158472],"faces":{"east":{"uv":[0.0,4.0,1.5625,4.625],"tintindex":0,"rotation":0,"texture":"#0"},"south":{"uv":[4.625,2.625,6.0625,3.25],"tintindex":0,"rotation":0,"texture":"#0"},"north":{"uv":[4.625,2.0,6.0625,2.625],"tintindex":0,"rotation":0,"texture":"#0"},"west":{"uv":[1.625,4.0,3.1875,4.625],"tintindex":0,"rotation":0,"texture":"#0"},"up":{"uv":[1.4375,1.5625,0.0,0.0],"tintindex":0,"rotation":0,"texture":"#0"},"down":{"uv":[2.9375,0.0,1.5,1.5625],"tintindex":0,"rotation":0,"texture":"#0"}},"rotation":{"origin":[8.0,16.038189,6.4187446],"angle":22.5,"axis":"x"}},{"from":[7.0880003,14.43733,4.1655607],"to":[8.906,17.09533,4.7805605],"faces":{"east":{"uv":[2.625,11.625,2.6875,11.9375],"tintindex":0,"rotation":0,"texture":"#0"},"south":{"uv":[11.5,5.25,11.75,5.5625],"tintindex":0,"rotation":0,"texture":"#0"},"north":{"uv":[1.375,11.5,1.625,11.8125],"tintindex":0,"rotation":0,"texture":"#0"},"west":{"uv":[2.75,11.625,2.8125,11.9375],"tintindex":0,"rotation":0,"texture":"#0"},"up":{"uv":[5.375,6.5625,5.125,6.5],"tintindex":0,"rotation":0,"texture":"#0"},"down":{"uv":[5.625,6.5,5.375,6.5625],"tintindex":0,"rotation":0,"texture":"#0"}}},{"from":[3.8660002,13.2373295,3.8055606],"to":[4.9639997,16.375328,4.7805605],"faces":{"east":{"uv":[8.625,5.75,8.75,6.125],"tintindex":0,"rotation":0,"texture":"#0"},"south":{"uv":[8.625,8.875,8.75,9.25],"tintindex":0,"rotation":0,"texture":"#0"},"north":{"uv":[8.125,7.0,8.25,7.375],"tintindex":0,"rotation":0,"texture":"#0"},"west":{"uv":[1.125,9.0,1.25,9.375],"tintindex":0,"rotation":0,"texture":"#0"},"up":{"uv":[5.5,4.25,5.375,4.125],"tintindex":0,"rotation":0,"texture":"#0"},"down":{"uv":[6.0,4.0,5.875,4.125],"tintindex":0,"rotation":0,"texture":"#0"}}},{"from":[3.026,10.637329,4.4055605],"to":[5.124,16.375328,6.220561],"faces":{"east":{"uv":[1.625,10.625,1.875,11.3125],"tintindex":0,"rotation":0,"texture":"#0"},"south":{"uv":[1.875,10.625,2.125,11.3125],"tintindex":0,"rotation":0,"texture":"#0"},"north":{"uv":[10.5,10.5,10.75,11.1875],"tintindex":0,"rotation":0,"texture":"#0"},"west":{"uv":[3.875,10.625,4.125,11.3125],"tintindex":0,"rotation":0,"texture":"#0"},"up":{"uv":[11.0,5.5,10.75,5.25],"tintindex":0,"rotation":0,"texture":"#0"},"down":{"uv":[7.5,11.5,7.25,11.75],"tintindex":0,"rotation":0,"texture":"#0"}},"rotation":{"origin":[3.5749998,13.5063305,5.3130608],"angle":-22.5,"axis":"z"}},{"from":[4.928,14.43733,3.5655608],"to":[6.026,17.09533,4.7805605],"faces":{"east":{"uv":[0.875,11.625,1.0,11.9375],"tintindex":0,"rotation":0,"texture":"#0"},"south":{"uv":[1.0,11.625,1.125,11.9375],"tintindex":0,"rotation":0,"texture":"#0"},"north":{"uv":[0.75,11.625,0.875,11.9375],"tintindex":0,"rotation":0,"texture":"#0"},"west":{"uv":[11.625,1.0,11.75,1.3125],"tintindex":0,"rotation":0,"texture":"#0"},"up":{"uv":[6.625,1.75,6.5,1.625],"tintindex":0,"rotation":0,"texture":"#0"},"down":{"uv":[6.625,4.0,6.5,4.125],"tintindex":0,"rotation":0,"texture":"#0"}}},{"from":[1.026,9.037329,8.035561],"to":[7.124,14.575329,9.850561],"faces":{"east":{"uv":[7.5,10.5,7.75,11.1875],"tintindex":0,"rotation":0,"texture":"#0"},"south":{"uv":[3.25,7.375,4.0,8.0625],"tintindex":0,"rotation":0,"texture":"#0"},"north":{"uv":[0.75,7.375,1.5,8.0625],"tintindex":0,"rotation":0,"texture":"#0"},"west":{"uv":[10.25,10.5,10.5,11.1875],"tintindex":0,"rotation":0,"texture":"#0"},"up":{"uv":[10.875,0.25,10.125,0.0],"tintindex":0,"rotation":0,"texture":"#0"},"down":{"uv":[10.375,10.125,9.625,10.375],"tintindex":0,"rotation":0,"texture":"#0"}},"rotation":{"origin":[3.5749998,11.80633,8.943061],"angle":-45.0,"axis":"z"}},{"from":[4.4486217,12.842342,0.20534134],"to":[11.573622,15.792343,7.3303413],"faces":{"east":{"uv":[9.125,5.875,10.0,6.25],"tintindex":0,"rotation":0,"texture":"#0"},"south":{"uv":[9.125,7.75,10.0,8.125],"tintindex":0,"rotation":0,"texture":"#0"},"north":{"uv":[7.25,3.25,8.125,3.625],"tintindex":0,"rotation":0,"texture":"#0"},"west":{"uv":[9.25,0.0,10.125,0.375],"tintindex":0,"rotation":0,"texture":"#0"},"up":{"uv":[1.875,6.375,1.0,5.5],"tintindex":0,"rotation":0,"texture":"#0"},"down":{"uv":[2.75,5.5,1.875,6.375],"tintindex":0,"rotation":0,"texture":"#0"}},"rotation":{"origin":[8.011122,14.317343,3.7678413],"angle":-45.0,"axis":"y"}},{"from":[7.0264997,8.344929,3.783061],"to":[8.7335,10.014729,5.005561],"faces":{"east":{"uv":[6.0,1.75,6.125,1.9375],"tintindex":0,"rotation":0,"texture":"#0"},"south":{"uv":[2.375,11.625,2.5625,11.8125],"tintindex":0,"rotation":0,"texture":"#0"},"north":{"uv":[2.125,11.625,2.3125,11.8125],"tintindex":0,"rotation":0,"texture":"#0"},"west":{"uv":[6.25,5.75,6.375,5.9375],"tintindex":0,"rotation":0,"texture":"#0"},"up":{"uv":[5.3125,4.25,5.125,4.125],"tintindex":0,"rotation":0,"texture":"#0"},"down":{"uv":[5.8125,4.0,5.625,4.125],"tintindex":0,"rotation":0,"texture":"#0"}}},{"from":[2.026,9.83733,6.2205606],"to":[6.124,16.375328,8.035561],"faces":{"east":{"uv":[8.625,10.125,8.875,10.9375],"tintindex":0,"rotation":0,"texture":"#0"},"south":{"uv":[5.125,8.375,5.625,9.1875],"tintindex":0,"rotation":0,"texture":"#0"},"north":{"uv":[2.5,8.375,3.0,9.1875],"tintindex":0,"rotation":0,"texture":"#0"},"west":{"uv":[8.875,10.125,9.125,10.9375],"tintindex":0,"rotation":0,"texture":"#0"},"up":{"uv":[6.125,11.375,5.625,11.125],"tintindex":0,"rotation":0,"texture":"#0"},"down":{"uv":[11.625,10.5,11.125,10.75],"tintindex":0,"rotation":0,"texture":"#0"}},"rotation":{"origin":[2.5749998,13.606329,7.1280603],"angle":-22.5,"axis":"z"}},{"from":[6.158125,19.265404,4.4716864],"to":[9.841875,22.949154,4.4716864],"faces":{"south":{"uv":[10.4375,6.375,10.0,6.8125],"tintindex":0,"rotation":0,"texture":"#0"},"north":{"uv":[10.0,6.375,10.4375,6.8125],"tintindex":0,"rotation":0,"texture":"#0"}},"rotation":{"origin":[8.0,18.906013,6.663618],"angle":22.5,"axis":"x"}},{"from":[9.968,13.717329,3.5655608],"to":[11.066,16.375328,4.7805605],"faces":{"east":{"uv":[2.0,11.375,2.125,11.6875],"tintindex":0,"rotation":0,"texture":"#0"},"south":{"uv":[8.75,11.5,8.875,11.8125],"tintindex":0,"rotation":0,"texture":"#0"},"north":{"uv":[8.5,10.625,8.625,10.9375],"tintindex":0,"rotation":0,"texture":"#0"},"west":{"uv":[9.375,11.5,9.5,11.8125],"tintindex":0,"rotation":0,"texture":"#0"},"up":{"uv":[6.375,1.75,6.25,1.625],"tintindex":0,"rotation":0,"texture":"#0"},"down":{"uv":[6.375,4.0,6.25,4.125],"tintindex":0,"rotation":0,"texture":"#0"}}},{"from":[3.026,8.2373295,9.850561],"to":[6.124,16.97533,11.665561],"faces":{"east":{"uv":[0.75,9.625,1.0,10.6875],"tintindex":0,"rotation":0,"texture":"#0"},"south":{"uv":[7.125,8.75,7.5,9.8125],"tintindex":0,"rotation":0,"texture":"#0"},"north":{"uv":[8.75,7.0,9.125,8.0625],"tintindex":0,"rotation":0,"texture":"#0"},"west":{"uv":[2.875,9.625,3.125,10.6875],"tintindex":0,"rotation":0,"texture":"#0"},"up":{"uv":[7.125,9.875,6.75,9.625],"tintindex":0,"rotation":0,"texture":"#0"},"down":{"uv":[11.5,10.75,11.125,11.0],"tintindex":0,"rotation":0,"texture":"#0"}},"rotation":{"origin":[3.5749998,12.606329,10.75806],"angle":-22.5,"axis":"z"}},{"from":[8.186,13.957329,3.8055606],"to":[10.004,17.09533,4.7805605],"faces":{"east":{"uv":[8.5,10.25,8.625,10.625],"tintindex":0,"rotation":0,"texture":"#0"},"south":{"uv":[7.125,8.375,7.375,8.75],"tintindex":0,"rotation":0,"texture":"#0"},"north":{"uv":[2.5,6.375,2.75,6.75],"tintindex":0,"rotation":0,"texture":"#0"},"west":{"uv":[7.125,10.625,7.25,11.0],"tintindex":0,"rotation":0,"texture":"#0"},"up":{"uv":[4.875,4.25,4.625,4.125],"tintindex":0,"rotation":0,"texture":"#0"},"down":{"uv":[5.125,4.125,4.875,4.25],"tintindex":0,"rotation":0,"texture":"#0"}}},{"from":[6.158125,21.80257,3.0912952],"to":[9.841875,26.223072,3.0912952],"faces":{"south":{"uv":[10.0625,4.125,9.625,4.6875],"tintindex":0,"rotation":0,"texture":"#0"},"north":{"uv":[9.625,4.125,10.0625,4.6875],"tintindex":0,"rotation":0,"texture":"#0"}},"rotation":{"origin":[8.0,18.906013,6.663618],"angle":45.0,"axis":"x"}},{"from":[6.026,13.957329,3.8055606],"to":[7.124,17.09533,4.7805605],"faces":{"east":{"uv":[2.375,9.75,2.5,10.125],"tintindex":0,"rotation":0,"texture":"#0"},"south":{"uv":[0.375,9.875,0.5,10.25],"tintindex":0,"rotation":0,"texture":"#0"},"north":{"uv":[4.875,9.625,5.0,10.0],"tintindex":0,"rotation":0,"texture":"#0"},"west":{"uv":[2.75,10.125,2.875,10.5],"tintindex":0,"rotation":0,"texture":"#0"},"up":{"uv":[6.5,1.75,6.375,1.625],"tintindex":0,"rotation":0,"texture":"#0"},"down":{"uv":[6.5,4.0,6.375,4.125],"tintindex":0,"rotation":0,"texture":"#0"}}},{"from":[11.066,13.2373295,3.8055606],"to":[12.164,16.375328,4.7805605],"faces":{"east":{"uv":[2.375,9.375,2.5,9.75],"tintindex":0,"rotation":0,"texture":"#0"},"south":{"uv":[1.625,9.5,1.75,9.875],"tintindex":0,"rotation":0,"texture":"#0"},"north":{"uv":[2.875,9.25,3.0,9.625],"tintindex":0,"rotation":0,"texture":"#0"},"west":{"uv":[1.0,9.625,1.125,10.0],"tintindex":0,"rotation":0,"texture":"#0"},"up":{"uv":[6.125,4.125,6.0,4.0],"tintindex":0,"rotation":0,"texture":"#0"},"down":{"uv":[6.25,4.0,6.125,4.125],"tintindex":0,"rotation":0,"texture":"#0"}}}],"display":{"gui":{"rotation":[30,225,0]}}}