{"textures":{"0":"modelengine:entity/captain_greentired_gama05"},"elements":[{"from":[10.127901,5.102009,2.9720984],"to":[11.393526,6.617634,4.9939737],"faces":{"east":{"uv":[10.25,4.75,10.75,5.125],"tintindex":0,"rotation":0,"texture":"#0"},"south":{"uv":[2.75,11.25,3.0625,11.625],"tintindex":0,"rotation":0,"texture":"#0"},"north":{"uv":[2.375,11.25,2.6875,11.625],"tintindex":0,"rotation":0,"texture":"#0"},"west":{"uv":[10.25,5.125,10.75,5.5],"tintindex":0,"rotation":0,"texture":"#0"},"up":{"uv":[1.5625,11.5,1.25,11.0],"tintindex":0,"rotation":0,"texture":"#0"},"down":{"uv":[11.3125,1.875,11.0,2.375],"tintindex":0,"rotation":0,"texture":"#0"}}},{"from":[5.752902,6.227009,-3.2435265],"to":[7.268527,7.3426337,-0.99665165],"faces":{"east":{"uv":[11.125,4.75,11.6875,5.0],"tintindex":0,"rotation":0,"texture":"#0"},"south":{"uv":[11.375,11.0,11.75,11.25],"tintindex":0,"rotation":0,"texture":"#0"},"north":{"uv":[11.375,9.75,11.75,10.0],"tintindex":0,"rotation":0,"texture":"#0"},"west":{"uv":[5.0,11.125,5.5625,11.375],"tintindex":0,"rotation":0,"texture":"#0"},"up":{"uv":[6.375,10.6875,6.0,10.125],"tintindex":0,"rotation":0,"texture":"#0"},"down":{"uv":[6.75,10.125,6.375,10.6875],"tintindex":0,"rotation":0,"texture":"#0"}}},{"from":[5.7279015,6.502009,-0.99665165],"to":[10.293527,9.717634,1.1502237],"faces":{"east":{"uv":[8.125,0.875,8.6875,1.6875],"tintindex":0,"rotation":0,"texture":"#0"},"south":{"uv":[1.125,4.625,2.25,5.4375],"tintindex":0,"rotation":0,"texture":"#0"},"north":{"uv":[0.0,4.625,1.125,5.4375],"tintindex":0,"rotation":0,"texture":"#0"},"west":{"uv":[3.25,8.125,3.8125,8.9375],"tintindex":0,"rotation":0,"texture":"#0"},"up":{"uv":[7.375,1.5625,6.25,1.0],"tintindex":0,"rotation":0,"texture":"#0"},"down":{"uv":[7.375,5.125,6.25,5.6875],"tintindex":0,"rotation":0,"texture":"#0"}}},{"from":[4.627902,5.102009,2.9720984],"to":[5.893527,6.617634,4.9939737],"faces":{"east":{"uv":[6.75,10.25,7.25,10.625],"tintindex":0,"rotation":0,"texture":"#0"},"south":{"uv":[3.5,11.25,3.8125,11.625],"tintindex":0,"rotation":0,"texture":"#0"},"north":{"uv":[3.125,11.25,3.4375,11.625],"tintindex":0,"rotation":0,"texture":"#0"},"west":{"uv":[10.25,6.875,10.75,7.25],"tintindex":0,"rotation":0,"texture":"#0"},"up":{"uv":[11.3125,2.875,11.0,2.375],"tintindex":0,"rotation":0,"texture":"#0"},"down":{"uv":[11.3125,2.875,11.0,3.375],"tintindex":0,"rotation":0,"texture":"#0"}}},{"from":[10.127901,9.602009,2.9720984],"to":[11.393526,11.117634,4.9939737],"faces":{"east":{"uv":[10.25,0.25,10.75,0.625],"tintindex":0,"rotation":0,"texture":"#0"},"south":{"uv":[9.125,11.125,9.4375,11.5],"tintindex":0,"rotation":0,"texture":"#0"},"north":{"uv":[6.75,11.125,7.0625,11.5],"tintindex":0,"rotation":0,"texture":"#0"},"west":{"uv":[1.625,10.25,2.125,10.625],"tintindex":0,"rotation":0,"texture":"#0"},"up":{"uv":[9.8125,11.25,9.5,10.75],"tintindex":0,"rotation":0,"texture":"#0"},"down":{"uv":[10.1875,10.75,9.875,11.25],"tintindex":0,"rotation":0,"texture":"#0"}}},{"from":[6.502902,6.4520087,-5.390403],"to":[7.518527,7.8176336,-3.143528],"faces":{"east":{"uv":[10.375,1.875,10.9375,2.1875],"tintindex":0,"rotation":0,"texture":"#0"},"south":{"uv":[1.125,11.5,1.375,11.8125],"tintindex":0,"rotation":0,"texture":"#0"},"north":{"uv":[11.375,11.25,11.625,11.5625],"tintindex":0,"rotation":0,"texture":"#0"},"west":{"uv":[10.375,2.25,10.9375,2.5625],"tintindex":0,"rotation":0,"texture":"#0"},"up":{"uv":[8.125,4.5625,7.875,4.0],"tintindex":0,"rotation":0,"texture":"#0"},"down":{"uv":[3.25,8.375,3.0,8.9375],"tintindex":0,"rotation":0,"texture":"#0"}}},{"from":[8.502902,6.4520087,-5.390403],"to":[9.518527,7.8176336,-3.143528],"faces":{"east":{"uv":[10.375,0.625,10.9375,0.9375],"tintindex":0,"rotation":0,"texture":"#0"},"south":{"uv":[8.25,11.375,8.5,11.6875],"tintindex":0,"rotation":0,"texture":"#0"},"north":{"uv":[3.875,11.375,4.125,11.6875],"tintindex":0,"rotation":0,"texture":"#0"},"west":{"uv":[10.375,1.0,10.9375,1.3125],"tintindex":0,"rotation":0,"texture":"#0"},"up":{"uv":[3.25,2.8125,3.0,2.25],"tintindex":0,"rotation":0,"texture":"#0"},"down":{"uv":[8.125,0.0,7.875,0.5625],"tintindex":0,"rotation":0,"texture":"#0"}}},{"from":[9.227901,8.502008,-1.096652],"to":[10.793527,10.217634,1.1502237],"faces":{"east":{"uv":[9.75,3.0,10.3125,3.4375],"tintindex":0,"rotation":0,"texture":"#0"},"south":{"uv":[2.375,10.75,2.75,11.1875],"tintindex":0,"rotation":0,"texture":"#0"},"north":{"uv":[10.75,1.375,11.125,1.8125],"tintindex":0,"rotation":0,"texture":"#0"},"west":{"uv":[9.75,8.625,10.3125,9.0625],"tintindex":0,"rotation":0,"texture":"#0"},"up":{"uv":[7.875,10.4375,7.5,9.875],"tintindex":0,"rotation":0,"texture":"#0"},"down":{"uv":[10.375,5.75,10.0,6.3125],"tintindex":0,"rotation":0,"texture":"#0"}}},{"from":[6.502902,7.9520087,-5.390403],"to":[7.518527,9.317634,-3.143528],"faces":{"east":{"uv":[9.625,10.375,10.1875,10.6875],"tintindex":0,"rotation":0,"texture":"#0"},"south":{"uv":[11.5,7.0,11.75,7.3125],"tintindex":0,"rotation":0,"texture":"#0"},"north":{"uv":[7.0,11.5,7.25,11.8125],"tintindex":0,"rotation":0,"texture":"#0"},"west":{"uv":[10.375,9.75,10.9375,10.0625],"tintindex":0,"rotation":0,"texture":"#0"},"up":{"uv":[11.375,4.4375,11.125,3.875],"tintindex":0,"rotation":0,"texture":"#0"},"down":{"uv":[4.375,11.125,4.125,11.6875],"tintindex":0,"rotation":0,"texture":"#0"}}},{"from":[5.3529015,6.2020087,1.1502237],"to":[10.668527,10.017633,3.0720987],"faces":{"east":{"uv":[7.625,1.375,8.125,2.3125],"tintindex":0,"rotation":0,"texture":"#0"},"south":{"uv":[3.25,3.25,4.5625,4.1875],"tintindex":0,"rotation":0,"texture":"#0"},"north":{"uv":[3.25,2.25,4.5625,3.1875],"tintindex":0,"rotation":0,"texture":"#0"},"west":{"uv":[1.5,7.625,2.0,8.5625],"tintindex":0,"rotation":0,"texture":"#0"},"up":{"uv":[4.9375,6.5,3.625,6.0],"tintindex":0,"rotation":0,"texture":"#0"},"down":{"uv":[6.3125,6.0,5.0,6.5],"tintindex":0,"rotation":0,"texture":"#0"}}},{"from":[5.2279015,6.502009,-1.096652],"to":[6.7935266,7.7176337,1.1502237],"faces":{"east":{"uv":[10.375,10.125,10.9375,10.4375],"tintindex":0,"rotation":0,"texture":"#0"},"south":{"uv":[11.25,6.25,11.625,6.5625],"tintindex":0,"rotation":0,"texture":"#0"},"north":{"uv":[6.125,11.25,6.5,11.5625],"tintindex":0,"rotation":0,"texture":"#0"},"west":{"uv":[10.5,3.375,11.0625,3.6875],"tintindex":0,"rotation":0,"texture":"#0"},"up":{"uv":[10.5,4.6875,10.125,4.125],"tintindex":0,"rotation":0,"texture":"#0"},"down":{"uv":[5.25,10.125,4.875,10.6875],"tintindex":0,"rotation":0,"texture":"#0"}}},{"from":[9.852901,5.7020087,1.0502234],"to":[11.168527,7.017634,3.0720987],"faces":{"east":{"uv":[11.0,7.875,11.5,8.1875],"tintindex":0,"rotation":0,"texture":"#0"},"south":{"uv":[11.375,3.875,11.6875,4.1875],"tintindex":0,"rotation":0,"texture":"#0"},"north":{"uv":[11.375,3.0,11.6875,3.3125],"tintindex":0,"rotation":0,"texture":"#0"},"west":{"uv":[11.0,8.625,11.5,8.9375],"tintindex":0,"rotation":0,"texture":"#0"},"up":{"uv":[11.3125,9.5,11.0,9.0],"tintindex":0,"rotation":0,"texture":"#0"},"down":{"uv":[11.3125,9.5,11.0,10.0],"tintindex":0,"rotation":0,"texture":"#0"}}},{"from":[7.002902,6.9520087,-5.2904024],"to":[9.018527,8.817634,-3.143528],"faces":{"east":{"uv":[9.75,2.0,10.3125,2.4375],"tintindex":0,"rotation":0,"texture":"#0"},"south":{"uv":[8.125,9.75,8.625,10.1875],"tintindex":0,"rotation":0,"texture":"#0"},"north":{"uv":[3.875,9.75,4.375,10.1875],"tintindex":0,"rotation":0,"texture":"#0"},"west":{"uv":[9.75,2.5,10.3125,2.9375],"tintindex":0,"rotation":0,"texture":"#0"},"up":{"uv":[1.625,10.0625,1.125,9.5],"tintindex":0,"rotation":0,"texture":"#0"},"down":{"uv":[10.0,6.25,9.5,6.8125],"tintindex":0,"rotation":0,"texture":"#0"}}},{"from":[9.852901,9.202009,1.0502234],"to":[11.168527,10.517633,3.0720987],"faces":{"east":{"uv":[10.75,6.75,11.25,7.0625],"tintindex":0,"rotation":0,"texture":"#0"},"south":{"uv":[11.375,0.625,11.6875,0.9375],"tintindex":0,"rotation":0,"texture":"#0"},"north":{"uv":[11.0,11.25,11.3125,11.5625],"tintindex":0,"rotation":0,"texture":"#0"},"west":{"uv":[10.75,7.125,11.25,7.4375],"tintindex":0,"rotation":0,"texture":"#0"},"up":{"uv":[6.6875,11.25,6.375,10.75],"tintindex":0,"rotation":0,"texture":"#0"},"down":{"uv":[8.0625,10.75,7.75,11.25],"tintindex":0,"rotation":0,"texture":"#0"}}},{"from":[7.377902,7.1770086,-7.4372787],"to":[8.643527,8.292634,-5.2904034],"faces":{"east":{"uv":[11.0,10.25,11.5625,10.5],"tintindex":0,"rotation":0,"texture":"#0"},"south":{"uv":[11.5,5.625,11.8125,5.875],"tintindex":0,"rotation":0,"texture":"#0"},"north":{"uv":[11.5,0.0,11.8125,0.25],"tintindex":0,"rotation":0,"texture":"#0"},"west":{"uv":[10.75,11.0,11.3125,11.25],"tintindex":0,"rotation":0,"texture":"#0"},"up":{"uv":[8.4375,10.8125,8.125,10.25],"tintindex":0,"rotation":0,"texture":"#0"},"down":{"uv":[10.6875,7.25,10.375,7.8125],"tintindex":0,"rotation":0,"texture":"#0"}}},{"from":[8.752902,8.727009,-3.2435265],"to":[10.268526,9.842634,-0.99665165],"faces":{"east":{"uv":[11.125,1.375,11.6875,1.625],"tintindex":0,"rotation":0,"texture":"#0"},"south":{"uv":[5.75,11.375,6.125,11.625],"tintindex":0,"rotation":0,"texture":"#0"},"north":{"uv":[5.375,11.375,5.75,11.625],"tintindex":0,"rotation":0,"texture":"#0"},"west":{"uv":[11.125,1.625,11.6875,1.875],"tintindex":0,"rotation":0,"texture":"#0"},"up":{"uv":[3.625,7.3125,3.25,6.75],"tintindex":0,"rotation":0,"texture":"#0"},"down":{"uv":[0.375,9.875,0.0,10.4375],"tintindex":0,"rotation":0,"texture":"#0"}}},{"from":[8.752902,6.227009,-3.2435265],"to":[10.268526,7.3426337,-0.99665165],"faces":{"east":{"uv":[4.375,11.125,4.9375,11.375],"tintindex":0,"rotation":0,"texture":"#0"},"south":{"uv":[11.375,9.5,11.75,9.75],"tintindex":0,"rotation":0,"texture":"#0"},"north":{"uv":[11.375,9.25,11.75,9.5],"tintindex":0,"rotation":0,"texture":"#0"},"west":{"uv":[11.125,4.5,11.6875,4.75],"tintindex":0,"rotation":0,"texture":"#0"},"up":{"uv":[5.625,10.6875,5.25,10.125],"tintindex":0,"rotation":0,"texture":"#0"},"down":{"uv":[6.0,10.125,5.625,10.6875],"tintindex":0,"rotation":0,"texture":"#0"}}},{"from":[9.227901,6.002009,-1.096652],"to":[10.793527,7.7176337,1.1502237],"faces":{"east":{"uv":[9.75,9.125,10.3125,9.5625],"tintindex":0,"rotation":0,"texture":"#0"},"south":{"uv":[3.125,10.75,3.5,11.1875],"tintindex":0,"rotation":0,"texture":"#0"},"north":{"uv":[2.75,10.75,3.125,11.1875],"tintindex":0,"rotation":0,"texture":"#0"},"west":{"uv":[9.75,9.625,10.3125,10.0625],"tintindex":0,"rotation":0,"texture":"#0"},"up":{"uv":[3.875,10.6875,3.5,10.125],"tintindex":0,"rotation":0,"texture":"#0"},"down":{"uv":[10.5,3.5,10.125,4.0625],"tintindex":0,"rotation":0,"texture":"#0"}}},{"from":[4.627902,9.602009,2.9720984],"to":[5.893527,11.117634,4.9939737],"faces":{"east":{"uv":[3.875,10.25,4.375,10.625],"tintindex":0,"rotation":0,"texture":"#0"},"south":{"uv":[11.25,0.25,11.5625,0.625],"tintindex":0,"rotation":0,"texture":"#0"},"north":{"uv":[0.0,11.25,0.3125,11.625],"tintindex":0,"rotation":0,"texture":"#0"},"west":{"uv":[4.375,10.25,4.875,10.625],"tintindex":0,"rotation":0,"texture":"#0"},"up":{"uv":[11.0625,11.0,10.75,10.5],"tintindex":0,"rotation":0,"texture":"#0"},"down":{"uv":[11.1875,6.25,10.875,6.75],"tintindex":0,"rotation":0,"texture":"#0"}}},{"from":[8.502902,7.9520087,-5.390403],"to":[9.518527,9.317634,-3.143528],"faces":{"east":{"uv":[10.375,7.875,10.9375,8.1875],"tintindex":0,"rotation":0,"texture":"#0"},"south":{"uv":[6.75,11.5,7.0,11.8125],"tintindex":0,"rotation":0,"texture":"#0"},"north":{"uv":[11.5,6.625,11.75,6.9375],"tintindex":0,"rotation":0,"texture":"#0"},"west":{"uv":[10.375,8.625,10.9375,8.9375],"tintindex":0,"rotation":0,"texture":"#0"},"up":{"uv":[2.375,11.5625,2.125,11.0],"tintindex":0,"rotation":0,"texture":"#0"},"down":{"uv":[9.125,11.0,8.875,11.5625],"tintindex":0,"rotation":0,"texture":"#0"}}},{"from":[4.8529015,5.7020087,1.0502234],"to":[6.1685266,7.017634,3.0720987],"faces":{"east":{"uv":[11.0,5.25,11.5,5.5625],"tintindex":0,"rotation":0,"texture":"#0"},"south":{"uv":[11.375,2.625,11.6875,2.9375],"tintindex":0,"rotation":0,"texture":"#0"},"north":{"uv":[11.375,2.25,11.6875,2.5625],"tintindex":0,"rotation":0,"texture":"#0"},"west":{"uv":[11.0,5.625,11.5,5.9375],"tintindex":0,"rotation":0,"texture":"#0"},"up":{"uv":[7.4375,11.5,7.125,11.0],"tintindex":0,"rotation":0,"texture":"#0"},"down":{"uv":[8.8125,11.0,8.5,11.5],"tintindex":0,"rotation":0,"texture":"#0"}}},{"from":[7.2325892,7.3129463,4.6658487],"to":[8.63884,8.719196,10.993974],"faces":{"east":{"uv":[6.5,3.625,8.0625,4.0],"tintindex":0,"rotation":0,"texture":"#0"},"south":{"uv":[9.375,2.0,9.75,2.375],"tintindex":0,"rotation":0,"texture":"#0"},"north":{"uv":[7.0,0.625,7.375,1.0],"tintindex":0,"rotation":0,"texture":"#0"},"west":{"uv":[5.125,6.625,6.6875,7.0],"tintindex":0,"rotation":0,"texture":"#0"},"up":{"uv":[2.875,8.3125,2.5,6.75],"tintindex":0,"rotation":0,"texture":"#0"},"down":{"uv":[3.25,6.75,2.875,8.3125],"tintindex":0,"rotation":0,"texture":"#0"}}},{"from":[6.252902,6.727009,-3.143527],"to":[9.768526,9.342634,-0.99665165],"faces":{"east":{"uv":[9.125,2.375,9.6875,3.0],"tintindex":0,"rotation":0,"texture":"#0"},"south":{"uv":[7.0,4.0,7.875,4.625],"tintindex":0,"rotation":0,"texture":"#0"},"north":{"uv":[7.0,0.0,7.875,0.625],"tintindex":0,"rotation":0,"texture":"#0"},"west":{"uv":[9.125,3.0,9.6875,3.625],"tintindex":0,"rotation":0,"texture":"#0"},"up":{"uv":[8.25,5.6875,7.375,5.125],"tintindex":0,"rotation":0,"texture":"#0"},"down":{"uv":[8.25,7.5,7.375,8.0625],"tintindex":0,"rotation":0,"texture":"#0"}}},{"from":[5.752902,8.727009,-3.2435265],"to":[7.268527,9.842634,-0.99665165],"faces":{"east":{"uv":[11.125,3.375,11.6875,3.625],"tintindex":0,"rotation":0,"texture":"#0"},"south":{"uv":[11.375,9.0,11.75,9.25],"tintindex":0,"rotation":0,"texture":"#0"},"north":{"uv":[7.875,11.375,8.25,11.625],"tintindex":0,"rotation":0,"texture":"#0"},"west":{"uv":[11.125,3.625,11.6875,3.875],"tintindex":0,"rotation":0,"texture":"#0"},"up":{"uv":[2.75,10.6875,2.375,10.125],"tintindex":0,"rotation":0,"texture":"#0"},"down":{"uv":[3.5,10.125,3.125,10.6875],"tintindex":0,"rotation":0,"texture":"#0"}}},{"from":[5.127902,5.602009,3.0720987],"to":[10.893526,10.617634,4.9939737],"faces":{"east":{"uv":[1.5,6.375,2.0,7.625],"tintindex":0,"rotation":0,"texture":"#0"},"south":{"uv":[1.5,1.625,2.9375,2.875],"tintindex":0,"rotation":0,"texture":"#0"},"north":{"uv":[0.0,1.625,1.4375,2.875],"tintindex":0,"rotation":0,"texture":"#0"},"west":{"uv":[2.0,6.375,2.5,7.625],"tintindex":0,"rotation":0,"texture":"#0"},"up":{"uv":[6.9375,4.625,5.5,4.125],"tintindex":0,"rotation":0,"texture":"#0"},"down":{"uv":[6.9375,4.625,5.5,5.125],"tintindex":0,"rotation":0,"texture":"#0"}}},{"from":[4.8529015,9.202009,1.0502234],"to":[6.1685266,10.517633,3.0720987],"faces":{"east":{"uv":[10.75,7.5,11.25,7.8125],"tintindex":0,"rotation":0,"texture":"#0"},"south":{"uv":[11.375,1.875,11.6875,2.1875],"tintindex":0,"rotation":0,"texture":"#0"},"north":{"uv":[1.625,11.375,1.9375,11.6875],"tintindex":0,"rotation":0,"texture":"#0"},"west":{"uv":[10.75,8.25,11.25,8.5625],"tintindex":0,"rotation":0,"texture":"#0"},"up":{"uv":[8.4375,11.375,8.125,10.875],"tintindex":0,"rotation":0,"texture":"#0"},"down":{"uv":[11.3125,0.625,11.0,1.125],"tintindex":0,"rotation":0,"texture":"#0"}}},{"from":[5.2279015,9.002008,-1.096652],"to":[6.7935266,10.217634,1.1502237],"faces":{"east":{"uv":[10.375,9.0,10.9375,9.3125],"tintindex":0,"rotation":0,"texture":"#0"},"south":{"uv":[0.75,11.25,1.125,11.5625],"tintindex":0,"rotation":0,"texture":"#0"},"north":{"uv":[0.375,11.25,0.75,11.5625],"tintindex":0,"rotation":0,"texture":"#0"},"west":{"uv":[10.375,9.375,10.9375,9.6875],"tintindex":0,"rotation":0,"texture":"#0"},"up":{"uv":[10.375,8.3125,10.0,7.75],"tintindex":0,"rotation":0,"texture":"#0"},"down":{"uv":[1.375,10.125,1.0,10.6875],"tintindex":0,"rotation":0,"texture":"#0"}}}],"display":{"gui":{"rotation":[30,225,0]}}}