{"textures":{"0":"modelengine:entity/captain_greentired_gama05"},"elements":[{"from":[5.9348993,6.1758556,9.672546],"to":[10.326899,9.652855,11.624546],"faces":{"east":{"uv":[11.25,6.625,11.5,7.0625],"tintindex":0,"rotation":0,"texture":"#0"},"south":{"uv":[9.625,6.875,10.1875,7.3125],"tintindex":0,"rotation":0,"texture":"#0"},"north":{"uv":[6.125,9.625,6.6875,10.0625],"tintindex":0,"rotation":0,"texture":"#0"},"west":{"uv":[11.25,7.125,11.5,7.5625],"tintindex":0,"rotation":0,"texture":"#0"},"up":{"uv":[11.5625,6.25,11.0,6.0],"tintindex":0,"rotation":0,"texture":"#0"},"down":{"uv":[11.5625,10.0,11.0,10.25],"tintindex":0,"rotation":0,"texture":"#0"}}},{"from":[5.8148994,5.815855,9.312547],"to":[10.446899,9.892855,11.624546],"faces":{"east":{"uv":[10.75,4.25,11.0625,4.75],"tintindex":0,"rotation":0,"texture":"#0"},"south":{"uv":[9.375,8.125,9.9375,8.625],"tintindex":0,"rotation":0,"texture":"#0"},"north":{"uv":[7.5,9.375,8.0625,9.875],"tintindex":0,"rotation":0,"texture":"#0"},"west":{"uv":[10.75,4.75,11.0625,5.25],"tintindex":0,"rotation":0,"texture":"#0"},"up":{"uv":[10.9375,5.8125,10.375,5.5],"tintindex":0,"rotation":0,"texture":"#0"},"down":{"uv":[10.9375,5.875,10.375,6.1875],"tintindex":0,"rotation":0,"texture":"#0"}}}],"display":{"gui":{"rotation":[30,225,0]}}}