{"textures":{"0":"modelengine:entity/captain_greentired_gama05"},"elements":[{"from":[5.6731014,6.1758556,9.672546],"to":[10.065101,9.652855,11.624546],"faces":{"east":{"uv":[1.25,8.125,1.5,8.5625],"tintindex":0,"rotation":0,"texture":"#0"},"south":{"uv":[9.625,5.25,10.1875,5.6875],"tintindex":0,"rotation":0,"texture":"#0"},"north":{"uv":[9.625,4.75,10.1875,5.1875],"tintindex":0,"rotation":0,"texture":"#0"},"west":{"uv":[6.5,11.25,6.75,11.6875],"tintindex":0,"rotation":0,"texture":"#0"},"up":{"uv":[11.4375,0.25,10.875,0.0],"tintindex":0,"rotation":0,"texture":"#0"},"down":{"uv":[11.5625,1.125,11.0,1.375],"tintindex":0,"rotation":0,"texture":"#0"}}},{"from":[5.553101,5.815855,9.312547],"to":[10.1851015,9.892855,11.624546],"faces":{"east":{"uv":[3.5,10.75,3.8125,11.25],"tintindex":0,"rotation":0,"texture":"#0"},"south":{"uv":[1.75,9.375,2.3125,9.875],"tintindex":0,"rotation":0,"texture":"#0"},"north":{"uv":[9.375,1.5,9.9375,2.0],"tintindex":0,"rotation":0,"texture":"#0"},"west":{"uv":[10.75,3.75,11.0625,4.25],"tintindex":0,"rotation":0,"texture":"#0"},"up":{"uv":[10.9375,2.9375,10.375,2.625],"tintindex":0,"rotation":0,"texture":"#0"},"down":{"uv":[10.9375,3.0,10.375,3.3125],"tintindex":0,"rotation":0,"texture":"#0"}}}],"display":{"gui":{"rotation":[30,225,0]}}}