{"textures":{"0":"modelengine:entity/captain_greentired_gama05"},"elements":[{"from":[6.062,1.4179993,5.8175],"to":[9.938,8.014999,9.8225],"faces":{"east":{"uv":[6.125,8.375,6.625,9.1875],"tintindex":0,"rotation":0,"texture":"#0"},"south":{"uv":[6.625,8.375,7.125,9.1875],"tintindex":0,"rotation":0,"texture":"#0"},"north":{"uv":[5.625,8.375,6.125,9.1875],"tintindex":0,"rotation":0,"texture":"#0"},"west":{"uv":[2.0,8.5,2.5,9.3125],"tintindex":0,"rotation":0,"texture":"#0"},"up":{"uv":[3.25,6.0,2.75,5.5],"tintindex":0,"rotation":0,"texture":"#0"},"down":{"uv":[6.75,7.0,6.25,7.5],"tintindex":0,"rotation":0,"texture":"#0"}}}],"display":{"gui":{"rotation":[30,225,0]}}}