{"textures":{"0":"modelengine:entity/captain_greentired_gama05"},"elements":[{"from":[6.062,1.4179993,5.8175],"to":[9.938,8.014999,9.8225],"faces":{"east":{"uv":[8.625,2.375,9.125,3.1875],"tintindex":0,"rotation":0,"texture":"#0"},"south":{"uv":[8.625,3.25,9.125,4.0625],"tintindex":0,"rotation":0,"texture":"#0"},"north":{"uv":[1.25,8.625,1.75,9.4375],"tintindex":0,"rotation":0,"texture":"#0"},"west":{"uv":[8.75,0.0,9.25,0.8125],"tintindex":0,"rotation":0,"texture":"#0"},"up":{"uv":[3.625,10.125,3.125,9.625],"tintindex":0,"rotation":0,"texture":"#0"},"down":{"uv":[10.125,3.625,9.625,4.125],"tintindex":0,"rotation":0,"texture":"#0"}}}],"display":{"gui":{"rotation":[30,225,0]}}}