{"textures":{"0":"modelengine:entity/captain_greentired_gama05"},"elements":[{"from":[6.8,-8.799999,6.8],"to":[9.2,-6.3999996,9.2],"faces":{"east":{"uv":[11.25,8.25,11.5625,8.5625],"tintindex":0,"rotation":0,"texture":"#0"},"south":{"uv":[9.5,11.25,9.8125,11.5625],"tintindex":0,"rotation":0,"texture":"#0"},"north":{"uv":[7.5,11.25,7.8125,11.5625],"tintindex":0,"rotation":0,"texture":"#0"},"west":{"uv":[9.875,11.25,10.1875,11.5625],"tintindex":0,"rotation":0,"texture":"#0"},"up":{"uv":[10.5625,11.5625,10.25,11.25],"tintindex":0,"rotation":0,"texture":"#0"},"down":{"uv":[10.9375,11.25,10.625,11.5625],"tintindex":0,"rotation":0,"texture":"#0"}}}],"display":{"gui":{"rotation":[30,225,0]}}}