{"textures":{"0":"modelengine:entity/captain_greentired_gama05"},"elements":[{"from":[6.6465,1.2814999,5.0375004],"to":[9.5535,7.998499,8.5625],"faces":{"east":{"uv":[8.875,1.5,9.3125,2.3125],"tintindex":0,"rotation":0,"texture":"#0"},"south":{"uv":[5.0,9.25,5.375,10.0625],"tintindex":0,"rotation":0,"texture":"#0"},"north":{"uv":[2.5,9.25,2.875,10.0625],"tintindex":0,"rotation":0,"texture":"#0"},"west":{"uv":[3.875,8.875,4.3125,9.6875],"tintindex":0,"rotation":0,"texture":"#0"},"up":{"uv":[6.5,3.1875,6.125,2.75],"tintindex":0,"rotation":0,"texture":"#0"},"down":{"uv":[10.875,6.25,10.5,6.6875],"tintindex":0,"rotation":0,"texture":"#0"}}}],"display":{"gui":{"rotation":[30,225,0]}}}