{"textures":{"0":"modelengine:entity/captain_greentired_gama05"},"elements":[{"from":[5.762,2.0015001,6.6975],"to":[10.538,8.5985,11.3025],"faces":{"east":{"uv":[8.125,0.0,8.6875,0.8125],"tintindex":0,"rotation":0,"texture":"#0"},"south":{"uv":[6.75,7.5,7.375,8.3125],"tintindex":0,"rotation":0,"texture":"#0"},"north":{"uv":[7.5,6.5,8.125,7.3125],"tintindex":0,"rotation":0,"texture":"#0"},"west":{"uv":[0.625,8.125,1.1875,8.9375],"tintindex":0,"rotation":0,"texture":"#0"},"up":{"uv":[3.625,9.5625,3.0,9.0],"tintindex":0,"rotation":0,"texture":"#0"},"down":{"uv":[5.0,9.0,4.375,9.5625],"tintindex":0,"rotation":0,"texture":"#0"}}},{"from":[6.262,2.0015001,5.0924997],"to":[10.038,4.5985003,6.6975],"faces":{"east":{"uv":[9.125,11.5,9.3125,11.8125],"tintindex":0,"rotation":0,"texture":"#0"},"south":{"uv":[5.875,10.75,6.375,11.0625],"tintindex":0,"rotation":0,"texture":"#0"},"north":{"uv":[5.375,10.75,5.875,11.0625],"tintindex":0,"rotation":0,"texture":"#0"},"west":{"uv":[0.0,11.625,0.1875,11.9375],"tintindex":0,"rotation":0,"texture":"#0"},"up":{"uv":[4.875,11.5625,4.375,11.375],"tintindex":0,"rotation":0,"texture":"#0"},"down":{"uv":[5.375,11.375,4.875,11.5625],"tintindex":0,"rotation":0,"texture":"#0"}}}],"display":{"gui":{"rotation":[30,225,0]}}}