{"textures":{"0":"modelengine:entity/captain_greentired_gama05"},"elements":[{"from":[5.762,2.0015001,6.6975],"to":[10.538,8.5985,11.3025],"faces":{"east":{"uv":[8.0,2.375,8.5625,3.1875],"tintindex":0,"rotation":0,"texture":"#0"},"south":{"uv":[6.125,7.5,6.75,8.3125],"tintindex":0,"rotation":0,"texture":"#0"},"north":{"uv":[5.5,7.5,6.125,8.3125],"tintindex":0,"rotation":0,"texture":"#0"},"west":{"uv":[0.0,8.125,0.5625,8.9375],"tintindex":0,"rotation":0,"texture":"#0"},"up":{"uv":[9.5,6.9375,8.875,6.375],"tintindex":0,"rotation":0,"texture":"#0"},"down":{"uv":[1.125,9.0,0.5,9.5625],"tintindex":0,"rotation":0,"texture":"#0"}}},{"from":[6.262,2.0015001,5.0924997],"to":[10.038,4.5985003,6.6975],"faces":{"east":{"uv":[8.5,11.5,8.6875,11.8125],"tintindex":0,"rotation":0,"texture":"#0"},"south":{"uv":[4.875,10.75,5.375,11.0625],"tintindex":0,"rotation":0,"texture":"#0"},"north":{"uv":[10.75,0.25,11.25,0.5625],"tintindex":0,"rotation":0,"texture":"#0"},"west":{"uv":[11.5,8.625,11.6875,8.9375],"tintindex":0,"rotation":0,"texture":"#0"},"up":{"uv":[11.75,7.8125,11.25,7.625],"tintindex":0,"rotation":0,"texture":"#0"},"down":{"uv":[11.875,4.25,11.375,4.4375],"tintindex":0,"rotation":0,"texture":"#0"}}}],"display":{"gui":{"rotation":[30,225,0]}}}