{"textures":{"0":"modelengine:entity/captain_greentired_gama05"},"elements":[{"from":[6.4465,1.2814999,5.0375004],"to":[9.3535,7.998499,8.5625],"faces":{"east":{"uv":[8.125,8.875,8.5625,9.6875],"tintindex":0,"rotation":0,"texture":"#0"},"south":{"uv":[5.75,9.25,6.125,10.0625],"tintindex":0,"rotation":0,"texture":"#0"},"north":{"uv":[5.375,9.25,5.75,10.0625],"tintindex":0,"rotation":0,"texture":"#0"},"west":{"uv":[0.0,9.0,0.4375,9.8125],"tintindex":0,"rotation":0,"texture":"#0"},"up":{"uv":[4.5,11.0625,4.125,10.625],"tintindex":0,"rotation":0,"texture":"#0"},"down":{"uv":[4.875,10.625,4.5,11.0625],"tintindex":0,"rotation":0,"texture":"#0"}}}],"display":{"gui":{"rotation":[30,225,0]}}}